date,price,product_name
2026-05-05,324.0006967683236,SYN-0001 (stable)
2026-05-06,323.42150198981574,SYN-0001 (stable)
2026-05-07,322.7379043527998,SYN-0001 (stable)
2026-05-08,320.70040822920316,SYN-0001 (stable)
2026-05-09,317.3993288712314,SYN-0001 (stable)
2026-05-10,319.8271592586182,SYN-0001 (stable)
2026-05-11,328.85142846801614,SYN-0001 (stable)
2026-05-12,318.63495567266796,SYN-0001 (stable)
2026-05-13,320.46406884457934,SYN-0001 (stable)
2026-05-14,305.9530851719062,SYN-0001 (stable)
2026-05-15,324.46579193510723,SYN-0001 (stable)
2026-05-16,320.92611537025954,SYN-0001 (stable)
2026-05-17,301.25262542918273,SYN-0001 (stable)
2026-05-18,324.50755165396635,SYN-0001 (stable)
2026-05-19,310.5985776102833,SYN-0001 (stable)
2026-05-20,310.56548110747417,SYN-0001 (stable)
2026-05-21,320.4294679891674,SYN-0001 (stable)
2026-05-22,304.372825857421,SYN-0001 (stable)
2026-05-23,325.6224227933641,SYN-0001 (stable)
2026-05-24,313.7891262797271,SYN-0001 (stable)
2026-05-25,306.42448086292865,SYN-0001 (stable)
2026-05-26,324.4240473455151,SYN-0001 (stable)
2026-05-27,317.88977708207744,SYN-0001 (stable)
2026-05-28,319.6073191730576,SYN-0001 (stable)
2026-05-29,329.6836504401277,SYN-0001 (stable)
2026-05-30,323.51471954974664,SYN-0001 (stable)
2026-05-31,332.9917449966672,SYN-0001 (stable)
2026-06-01,314.704321382207,SYN-0001 (stable)
2026-06-02,314.9740984534934,SYN-0001 (stable)
2026-06-03,320.25888087299955,SYN-0001 (stable)
2026-06-04,321.71690018858715,SYN-0001 (stable)
2026-06-05,316.1075128639126,SYN-0001 (stable)
2026-06-06,325.28395420516665,SYN-0001 (stable)
2026-06-07,316.77462288818697,SYN-0001 (stable)
2026-06-08,323.8662322605753,SYN-0001 (stable)
2026-06-09,309.63955393081903,SYN-0001 (stable)
2026-06-10,327.1916330311566,SYN-0001 (stable)
2026-06-11,312.6266495431766,SYN-0001 (stable)
2026-06-12,317.7691791293552,SYN-0001 (stable)
2026-06-13,324.75048853048185,SYN-0001 (stable)
2026-06-14,314.9966751921671,SYN-0001 (stable)
2026-06-15,316.89402091646167,SYN-0001 (stable)
2026-06-16,329.2971735097156,SYN-0001 (stable)
2026-06-17,309.7767282553342,SYN-0001 (stable)
2026-06-18,325.8369900010963,SYN-0001 (stable)
2026-06-19,311.744985960317,SYN-0001 (stable)
2026-06-20,318.92563706573173,SYN-0001 (stable)
2026-06-21,329.7952619610495,SYN-0001 (stable)
2026-06-22,326.0591080211006,SYN-0001 (stable)
2026-06-23,315.732169195516,SYN-0001 (stable)
2026-06-24,321.0755063392829,SYN-0001 (stable)
2026-06-25,313.89487175210274,SYN-0001 (stable)
2026-06-26,324.5262617210068,SYN-0001 (stable)
2026-06-27,306.79632880357275,SYN-0001 (stable)
2026-06-28,318.457796249418,SYN-0001 (stable)
2026-06-29,321.20457065311274,SYN-0001 (stable)
2026-06-30,310.81826522948745,SYN-0001 (stable)
2026-07-01,328.18431322557103,SYN-0001 (stable)
2026-07-02,325.975805408274,SYN-0001 (stable)
2026-07-03,307.09563777075147,SYN-0001 (stable)
2026-07-04,326.73303539546424,SYN-0001 (stable)
2026-07-05,318.10863304883213,SYN-0001 (stable)
2026-07-06,318.8243301848036,SYN-0001 (stable)
2026-07-07,317.6200113022789,SYN-0001 (stable)
2026-07-08,325.2135332947223,SYN-0001 (stable)
2026-07-09,316.0543648621918,SYN-0001 (stable)
2026-07-10,318.4327322047281,SYN-0001 (stable)
2026-07-11,315.878245324986,SYN-0001 (stable)
2026-07-12,321.5981805830201,SYN-0001 (stable)
2026-07-13,322.2180768703788,SYN-0001 (stable)
2026-07-14,324.3490881262245,SYN-0001 (stable)
2026-07-15,310.86499742639194,SYN-0001 (stable)
2026-07-16,322.86807000772404,SYN-0001 (stable)
2026-07-17,322.85618114935596,SYN-0001 (stable)
2026-07-18,328.0001178891047,SYN-0001 (stable)
2026-07-19,319.3930102597783,SYN-0001 (stable)
2026-07-20,306.88627603963056,SYN-0001 (stable)
2026-07-21,310.05948526109853,SYN-0001 (stable)
2026-07-22,307.7430503624731,SYN-0001 (stable)
2026-07-23,331.12771745925295,SYN-0001 (stable)
2026-07-24,311.79677076001695,SYN-0001 (stable)
2026-07-25,319.3237502017692,SYN-0001 (stable)
2026-07-26,326.34678198026785,SYN-0001 (stable)
2026-07-27,315.38839636723526,SYN-0001 (stable)
2026-07-28,321.562018936938,SYN-0001 (stable)
2026-07-29,319.2999639405582,SYN-0001 (stable)
2026-07-30,317.33979933496687,SYN-0001 (stable)
2026-07-31,314.50623122894245,SYN-0001 (stable)
2026-08-01,320.95622506783025,SYN-0001 (stable)
2026-08-02,320.21387653386574,SYN-0001 (stable)
2026-08-03,318.43231186122955,SYN-0001 (stable)
2026-08-04,324.12649123553865,SYN-0001 (stable)
2026-08-05,317.1623938609263,SYN-0001 (stable)
2026-08-06,319.5487079970661,SYN-0001 (stable)
2026-08-07,312.44039793600774,SYN-0001 (stable)
2026-08-08,324.4868838382966,SYN-0001 (stable)
2026-08-09,321.9672047200005,SYN-0001 (stable)
2026-08-10,306.5734850374589,SYN-0001 (stable)
2026-08-11,322.6333219110199,SYN-0001 (stable)
2026-08-12,310.37939923724593,SYN-0001 (stable)
2026-08-13,322.82558573493367,SYN-0001 (stable)
2026-08-14,312.6355250139823,SYN-0001 (stable)
2026-08-15,319.7745506571541,SYN-0001 (stable)
2026-03-15,1849.5117816966563,SYN-0002 (stable)
2026-03-16,1966.7938586836278,SYN-0002 (stable)
2026-03-17,1877.1068282131855,SYN-0002 (stable)
2026-03-18,1899.2534118394344,SYN-0002 (stable)
2026-03-19,1849.2512292149047,SYN-0002 (stable)
2026-03-20,1904.4413184416542,SYN-0002 (stable)
2026-03-21,1889.3379065310105,SYN-0002 (stable)
2026-03-22,1873.7330682235156,SYN-0002 (stable)
2026-03-23,1856.4164134676457,SYN-0002 (stable)
2026-03-24,1915.2772661307404,SYN-0002 (stable)
2026-03-25,1856.3689746744617,SYN-0002 (stable)
2026-03-26,1859.8417341194852,SYN-0002 (stable)
2026-03-27,1876.885206227203,SYN-0002 (stable)
2026-03-28,1894.7137408177027,SYN-0002 (stable)
2026-03-29,1873.7343757632384,SYN-0002 (stable)
2026-03-30,1907.9350620228915,SYN-0002 (stable)
2026-03-31,1875.9531167335863,SYN-0002 (stable)
2026-04-01,1892.6361709837408,SYN-0002 (stable)
2026-04-02,1854.3925900985905,SYN-0002 (stable)
2026-04-03,1860.1428826295985,SYN-0002 (stable)
2026-04-04,1956.192434298282,SYN-0002 (stable)
2026-04-05,1955.9391412739046,SYN-0002 (stable)
2026-04-06,1952.1243632722571,SYN-0002 (stable)
2026-04-07,1868.7006946669717,SYN-0002 (stable)
2026-04-08,1921.852700609742,SYN-0002 (stable)
2026-04-09,1900.5302283380204,SYN-0002 (stable)
2026-04-10,1883.047983704991,SYN-0002 (stable)
2026-04-11,1861.6950382669932,SYN-0002 (stable)
2026-04-12,1882.9687630494566,SYN-0002 (stable)
2026-04-13,1895.9109150807851,SYN-0002 (stable)
2026-04-14,1894.4071181202526,SYN-0002 (stable)
2026-04-15,1938.8757158004944,SYN-0002 (stable)
2026-04-16,1885.9141400254064,SYN-0002 (stable)
2026-04-17,1940.6792415751106,SYN-0002 (stable)
2026-04-18,1853.406986084213,SYN-0002 (stable)
2026-04-19,1922.367940681888,SYN-0002 (stable)
2026-04-20,1958.0419362843043,SYN-0002 (stable)
2026-04-21,1895.3277688339383,SYN-0002 (stable)
2026-04-22,1855.9681345246534,SYN-0002 (stable)
2026-04-23,1906.0283023801053,SYN-0002 (stable)
2026-04-24,1927.2522706500808,SYN-0002 (stable)
2026-04-25,1873.3975949901223,SYN-0002 (stable)
2026-04-26,1921.956958833134,SYN-0002 (stable)
2026-04-27,1948.9560121065397,SYN-0002 (stable)
2026-04-28,1974.5356682767735,SYN-0002 (stable)
2026-04-29,1848.9193130873118,SYN-0002 (stable)
2026-04-30,1875.9822033109235,SYN-0002 (stable)
2026-05-01,1916.4424074210694,SYN-0002 (stable)
2026-05-02,1904.3333119065157,SYN-0002 (stable)
2026-05-03,1960.644051758163,SYN-0002 (stable)
2026-05-04,1846.3181251653727,SYN-0002 (stable)
2026-05-05,1858.4775624809474,SYN-0002 (stable)
2026-05-06,1896.1714456799607,SYN-0002 (stable)
2026-05-07,1916.69641280643,SYN-0002 (stable)
2026-05-08,1883.1147382249812,SYN-0002 (stable)
2026-05-09,1885.7645459569515,SYN-0002 (stable)
2026-05-10,1948.9597206804274,SYN-0002 (stable)
2026-05-11,1813.7208757429605,SYN-0002 (stable)
2026-05-12,1925.743420901498,SYN-0002 (stable)
2026-05-13,1844.7227724152863,SYN-0002 (stable)
2026-05-14,1876.4670150452312,SYN-0002 (stable)
2026-05-15,1926.0793655067112,SYN-0002 (stable)
2026-05-16,1912.7388623771508,SYN-0002 (stable)
2026-05-17,1877.341139576511,SYN-0002 (stable)
2026-05-18,1843.7008526526402,SYN-0002 (stable)
2026-05-19,1871.0222113766847,SYN-0002 (stable)
2026-05-20,1893.3942737656694,SYN-0002 (stable)
2026-05-21,1822.9335265797245,SYN-0002 (stable)
2026-05-22,1891.7330302358541,SYN-0002 (stable)
2026-05-23,1992.04224188146,SYN-0002 (stable)
2026-05-24,1877.3189233758287,SYN-0002 (stable)
2026-05-25,1859.0907503410347,SYN-0002 (stable)
2026-05-26,1897.6198264358954,SYN-0002 (stable)
2026-05-27,1864.3112308486948,SYN-0002 (stable)
2026-05-28,1853.374882277143,SYN-0002 (stable)
2026-05-29,1912.982431371161,SYN-0002 (stable)
2026-05-30,1922.743666369877,SYN-0002 (stable)
2026-05-31,1877.2493047898413,SYN-0002 (stable)
2026-06-01,1919.8238776579901,SYN-0002 (stable)
2026-06-02,1884.0072990677077,SYN-0002 (stable)
2026-06-03,1930.7664742499785,SYN-0002 (stable)
2026-06-04,1839.3601832348718,SYN-0002 (stable)
2026-06-05,1913.3516381701115,SYN-0002 (stable)
2026-06-06,1834.97460653392,SYN-0002 (stable)
2026-06-07,1864.7059153788193,SYN-0002 (stable)
2026-06-08,1878.1531438829848,SYN-0002 (stable)
2026-06-09,1910.2556371771936,SYN-0002 (stable)
2026-06-10,1874.4639108899592,SYN-0002 (stable)
2026-06-11,1946.8073302973958,SYN-0002 (stable)
2026-06-12,1971.176323608761,SYN-0002 (stable)
2026-06-13,1890.2158765584425,SYN-0002 (stable)
2026-06-14,1890.457043113158,SYN-0002 (stable)
2026-06-15,1902.449708548613,SYN-0002 (stable)
2026-06-16,1872.9069920843517,SYN-0002 (stable)
2026-06-17,1896.3371175352368,SYN-0002 (stable)
2026-06-18,1925.026983568957,SYN-0002 (stable)
2026-06-19,1897.0569248149702,SYN-0002 (stable)
2026-06-20,1952.8638420065195,SYN-0002 (stable)
2026-06-21,1910.854879389819,SYN-0002 (stable)
2026-06-22,1902.3030029869703,SYN-0002 (stable)
2026-06-23,1924.9633123021333,SYN-0002 (stable)
2026-06-24,1853.7442695149912,SYN-0002 (stable)
2026-06-25,1896.0842398999,SYN-0002 (stable)
2026-06-26,1906.3925645580734,SYN-0002 (stable)
2026-06-27,1913.22825026064,SYN-0002 (stable)
2026-06-28,1955.7613534550474,SYN-0002 (stable)
2026-06-29,1879.9265037377697,SYN-0002 (stable)
2026-06-30,1943.6629569541515,SYN-0002 (stable)
2026-07-01,1847.9641824401972,SYN-0002 (stable)
2026-07-02,1853.0689742225427,SYN-0002 (stable)
2026-07-03,1873.8696739621394,SYN-0002 (stable)
2026-07-04,1890.538538065623,SYN-0002 (stable)
2026-07-05,1835.1326488574953,SYN-0002 (stable)
2026-07-06,1916.1782593434143,SYN-0002 (stable)
2026-07-07,1830.4726499520566,SYN-0002 (stable)
2026-07-08,1847.6082288930002,SYN-0002 (stable)
2026-07-09,1910.1338717538006,SYN-0002 (stable)
2026-07-10,1952.8259041332524,SYN-0002 (stable)
2026-07-11,1905.9250479193297,SYN-0002 (stable)
2026-07-12,1866.4758399239859,SYN-0002 (stable)
2026-07-13,1850.8718351166053,SYN-0002 (stable)
2026-07-14,1888.2925337401691,SYN-0002 (stable)
2026-07-15,1852.9277818290998,SYN-0002 (stable)
2026-07-16,1851.9102659941389,SYN-0002 (stable)
2026-07-17,1900.1344947357466,SYN-0002 (stable)
2026-07-18,1976.9218093678303,SYN-0002 (stable)
2026-07-19,1860.8571279593123,SYN-0002 (stable)
2026-07-20,1964.3417309551305,SYN-0002 (stable)
2026-07-21,1933.1713891063414,SYN-0002 (stable)
2026-07-22,1819.3435097037916,SYN-0002 (stable)
2026-07-23,1856.6343314265632,SYN-0002 (stable)
2026-07-24,1902.5910334905504,SYN-0002 (stable)
2026-07-25,1870.152068998575,SYN-0002 (stable)
2026-07-26,1938.6999855821912,SYN-0002 (stable)
2026-07-27,1940.454639221355,SYN-0002 (stable)
2026-07-28,1926.3796818282513,SYN-0002 (stable)
2026-07-29,1910.8561079265335,SYN-0002 (stable)
2026-07-30,1908.9900021315898,SYN-0002 (stable)
2026-07-31,1921.3627337587016,SYN-0002 (stable)
2026-08-01,1905.6978701972134,SYN-0002 (stable)
2026-08-02,1916.7454050304054,SYN-0002 (stable)
2026-08-03,1887.294206016004,SYN-0002 (stable)
2026-08-04,1946.7036087023812,SYN-0002 (stable)
2026-08-05,1853.9576839948938,SYN-0002 (stable)
2026-08-06,1860.2813423275657,SYN-0002 (stable)
2026-08-07,1908.5586851051758,SYN-0002 (stable)
2026-08-08,1929.6860373549655,SYN-0002 (stable)
2026-08-09,1827.1346119894347,SYN-0002 (stable)
2026-08-10,1811.441652374012,SYN-0002 (stable)
2026-08-11,1876.6455565274716,SYN-0002 (stable)
2026-08-12,1917.218389494656,SYN-0002 (stable)
2026-08-13,1894.9302090624528,SYN-0002 (stable)
2026-08-14,1877.234043015882,SYN-0002 (stable)
2026-08-15,1940.511367004902,SYN-0002 (stable)
2026-04-18,253.35404069028183,SYN-0003 (stable)
2026-04-19,250.55172189022386,SYN-0003 (stable)
2026-04-20,242.9510561700256,SYN-0003 (stable)
2026-04-21,257.1343637799585,SYN-0003 (stable)
2026-04-22,246.58383127990123,SYN-0003 (stable)
2026-04-23,242.89020776355585,SYN-0003 (stable)
2026-04-24,251.44481312921573,SYN-0003 (stable)
2026-04-25,249.06273523411357,SYN-0003 (stable)
2026-04-26,251.58302246353793,SYN-0003 (stable)
2026-04-27,254.50579810855294,SYN-0003 (stable)
2026-04-28,246.76325313376327,SYN-0003 (stable)
2026-04-29,257.24868852315666,SYN-0003 (stable)
2026-04-30,252.56962079871047,SYN-0003 (stable)
2026-05-01,250.6757644537321,SYN-0003 (stable)
2026-05-02,247.3197523089133,SYN-0003 (stable)
2026-05-03,250.86835355970882,SYN-0003 (stable)
2026-05-04,253.50314626800966,SYN-0003 (stable)
2026-05-05,249.205453212897,SYN-0003 (stable)
2026-05-06,244.70555863194247,SYN-0003 (stable)
2026-05-07,251.7805221141864,SYN-0003 (stable)
2026-05-08,255.70695245811356,SYN-0003 (stable)
2026-05-09,244.0634142043197,SYN-0003 (stable)
2026-05-10,251.73741581769718,SYN-0003 (stable)
2026-05-11,252.32511559839048,SYN-0003 (stable)
2026-05-12,248.90734076389253,SYN-0003 (stable)
2026-05-13,249.8851735259211,SYN-0003 (stable)
2026-05-14,260.04351695217275,SYN-0003 (stable)
2026-05-15,251.65357254166057,SYN-0003 (stable)
2026-05-16,260.121288266519,SYN-0003 (stable)
2026-05-17,242.99149857492932,SYN-0003 (stable)
2026-05-18,244.549552591976,SYN-0003 (stable)
2026-05-19,261.7505430474568,SYN-0003 (stable)
2026-05-20,240.64225481435568,SYN-0003 (stable)
2026-05-21,254.6543575567424,SYN-0003 (stable)
2026-05-22,251.181880190848,SYN-0003 (stable)
2026-05-23,255.33313423342645,SYN-0003 (stable)
2026-05-24,248.2780389833099,SYN-0003 (stable)
2026-05-25,245.60732960209384,SYN-0003 (stable)
2026-05-26,259.10326288409027,SYN-0003 (stable)
2026-05-27,256.9050657848341,SYN-0003 (stable)
2026-05-28,250.57612495316266,SYN-0003 (stable)
2026-05-29,248.12050186660926,SYN-0003 (stable)
2026-05-30,251.20549100603913,SYN-0003 (stable)
2026-05-31,247.62588927719642,SYN-0003 (stable)
2026-06-01,248.80317356406113,SYN-0003 (stable)
2026-06-02,250.30060147446667,SYN-0003 (stable)
2026-06-03,248.00858851968263,SYN-0003 (stable)
2026-06-04,254.40993556480947,SYN-0003 (stable)
2026-06-05,253.2139045610119,SYN-0003 (stable)
2026-06-06,253.50383378181672,SYN-0003 (stable)
2026-06-07,252.7572654916317,SYN-0003 (stable)
2026-06-08,250.19165057360627,SYN-0003 (stable)
2026-06-09,246.7283495332683,SYN-0003 (stable)
2026-06-10,255.65948890358055,SYN-0003 (stable)
2026-06-11,249.91318068433534,SYN-0003 (stable)
2026-06-12,252.14407957307859,SYN-0003 (stable)
2026-06-13,247.28718395933947,SYN-0003 (stable)
2026-06-14,255.39633460348062,SYN-0003 (stable)
2026-06-15,256.60336146774495,SYN-0003 (stable)
2026-06-16,258.8528865009945,SYN-0003 (stable)
2026-06-17,244.77087442793197,SYN-0003 (stable)
2026-06-18,239.22320762731928,SYN-0003 (stable)
2026-06-19,260.2649987356312,SYN-0003 (stable)
2026-06-20,249.7582179102941,SYN-0003 (stable)
2026-06-21,244.23191021789305,SYN-0003 (stable)
2026-06-22,259.0049555758219,SYN-0003 (stable)
2026-06-23,259.5762443722627,SYN-0003 (stable)
2026-06-24,256.030338166451,SYN-0003 (stable)
2026-06-25,246.67180528660631,SYN-0003 (stable)
2026-06-26,251.41608212613735,SYN-0003 (stable)
2026-06-27,247.9407456108331,SYN-0003 (stable)
2026-06-28,262.94508392791806,SYN-0003 (stable)
2026-06-29,250.6435815488699,SYN-0003 (stable)
2026-06-30,253.36508192650527,SYN-0003 (stable)
2026-07-01,251.95053377931566,SYN-0003 (stable)
2026-07-02,259.69385486115084,SYN-0003 (stable)
2026-07-03,263.2046821914314,SYN-0003 (stable)
2026-07-04,248.88918498153313,SYN-0003 (stable)
2026-07-05,244.39352453276604,SYN-0003 (stable)
2026-07-06,251.58589743879836,SYN-0003 (stable)
2026-07-07,256.1948502748341,SYN-0003 (stable)
2026-07-08,247.76360121996825,SYN-0003 (stable)
2026-07-09,251.8247055886038,SYN-0003 (stable)
2026-07-10,247.4125257218743,SYN-0003 (stable)
2026-07-11,260.3521075982776,SYN-0003 (stable)
2026-07-12,247.5943549093396,SYN-0003 (stable)
2026-07-13,255.70072083058804,SYN-0003 (stable)
2026-07-14,251.9032224605722,SYN-0003 (stable)
2026-07-15,242.97951489296605,SYN-0003 (stable)
2026-07-16,257.58609143682804,SYN-0003 (stable)
2026-07-17,253.21059094658904,SYN-0003 (stable)
2026-07-18,250.83257659674024,SYN-0003 (stable)
2026-07-19,256.5943088793427,SYN-0003 (stable)
2026-07-20,255.34470706373924,SYN-0003 (stable)
2026-07-21,248.2093985700288,SYN-0003 (stable)
2026-07-22,244.80361591704326,SYN-0003 (stable)
2026-07-23,246.43756335315794,SYN-0003 (stable)
2026-07-24,252.14755749041174,SYN-0003 (stable)
2026-07-25,250.49965154171704,SYN-0003 (stable)
2026-07-26,245.23440522045817,SYN-0003 (stable)
2026-07-27,263.3465513129063,SYN-0003 (stable)
2026-07-28,254.74540189891812,SYN-0003 (stable)
2026-07-29,246.79853257459712,SYN-0003 (stable)
2026-07-30,252.0685598448285,SYN-0003 (stable)
2026-07-31,249.83522538582977,SYN-0003 (stable)
2026-08-01,252.8335512311205,SYN-0003 (stable)
2026-08-02,259.3651038985664,SYN-0003 (stable)
2026-08-03,257.51226288444144,SYN-0003 (stable)
2026-08-04,247.17579666269992,SYN-0003 (stable)
2026-08-05,254.78377420637923,SYN-0003 (stable)
2026-08-06,242.4057423432265,SYN-0003 (stable)
2026-08-07,252.7372808493359,SYN-0003 (stable)
2026-08-08,240.70924054417995,SYN-0003 (stable)
2026-08-09,243.53249895578293,SYN-0003 (stable)
2026-08-10,264.10697906012894,SYN-0003 (stable)
2026-08-11,249.45752059366762,SYN-0003 (stable)
2026-08-12,245.4415143066547,SYN-0003 (stable)
2026-08-13,244.13471737388318,SYN-0003 (stable)
2026-08-14,253.63618738959798,SYN-0003 (stable)
2026-08-15,247.37909818973023,SYN-0003 (stable)
2026-01-28,611.6451872824016,SYN-0004 (stable)
2026-01-29,605.3686292245287,SYN-0004 (stable)
2026-01-30,592.7149505956003,SYN-0004 (stable)
2026-01-31,621.8851409340365,SYN-0004 (stable)
2026-02-01,628.8891230481071,SYN-0004 (stable)
2026-02-02,622.9027460402517,SYN-0004 (stable)
2026-02-03,609.2285428807019,SYN-0004 (stable)
2026-02-04,622.5066774783687,SYN-0004 (stable)
2026-02-05,599.3125493599149,SYN-0004 (stable)
2026-02-06,612.4570590617876,SYN-0004 (stable)
2026-02-07,610.9804587114155,SYN-0004 (stable)
2026-02-08,617.1496760181107,SYN-0004 (stable)
2026-02-09,603.2324227479505,SYN-0004 (stable)
2026-02-10,620.6589363677025,SYN-0004 (stable)
2026-02-11,622.8008284871116,SYN-0004 (stable)
2026-02-12,620.9829658148421,SYN-0004 (stable)
2026-02-13,611.2356690067236,SYN-0004 (stable)
2026-02-14,611.4007303127355,SYN-0004 (stable)
2026-02-15,598.1223144820568,SYN-0004 (stable)
2026-02-16,608.0830280453852,SYN-0004 (stable)
2026-02-17,591.8490059198289,SYN-0004 (stable)
2026-02-18,603.7273638004898,SYN-0004 (stable)
2026-02-19,618.1973408861368,SYN-0004 (stable)
2026-02-20,610.397740617733,SYN-0004 (stable)
2026-02-21,608.3128801016267,SYN-0004 (stable)
2026-02-22,605.22368306656,SYN-0004 (stable)
2026-02-23,603.0616827759869,SYN-0004 (stable)
2026-02-24,610.9029252481499,SYN-0004 (stable)
2026-02-25,604.5251145378323,SYN-0004 (stable)
2026-02-26,591.2551643678488,SYN-0004 (stable)
2026-02-27,603.177884810845,SYN-0004 (stable)
2026-02-28,622.1237318889047,SYN-0004 (stable)
2026-03-01,632.8934837333801,SYN-0004 (stable)
2026-03-02,624.5296846003524,SYN-0004 (stable)
2026-03-03,615.9576940987653,SYN-0004 (stable)
2026-03-04,624.8878992596417,SYN-0004 (stable)
2026-03-05,614.070600175276,SYN-0004 (stable)
2026-03-06,618.2800215737064,SYN-0004 (stable)
2026-03-07,607.3864605084087,SYN-0004 (stable)
2026-03-08,603.75394103094,SYN-0004 (stable)
2026-03-09,609.3550679300148,SYN-0004 (stable)
2026-03-10,628.5429495806482,SYN-0004 (stable)
2026-03-11,606.1452551178672,SYN-0004 (stable)
2026-03-12,629.794654104246,SYN-0004 (stable)
2026-03-13,607.387614115882,SYN-0004 (stable)
2026-03-14,592.1125564533547,SYN-0004 (stable)
2026-03-15,629.0310866037929,SYN-0004 (stable)
2026-03-16,600.8260032174186,SYN-0004 (stable)
2026-03-17,622.6831453088035,SYN-0004 (stable)
2026-03-18,627.8774893973781,SYN-0004 (stable)
2026-03-19,598.8316457587213,SYN-0004 (stable)
2026-03-20,599.0089020374793,SYN-0004 (stable)
2026-03-21,619.091358962518,SYN-0004 (stable)
2026-03-22,580.1409211267435,SYN-0004 (stable)
2026-03-23,628.8149440950142,SYN-0004 (stable)
2026-03-24,610.2922844143087,SYN-0004 (stable)
2026-03-25,593.1146677919861,SYN-0004 (stable)
2026-03-26,598.6850642432664,SYN-0004 (stable)
2026-03-27,574.7659124290284,SYN-0004 (stable)
2026-03-28,621.6510482844741,SYN-0004 (stable)
2026-03-29,605.8373333734403,SYN-0004 (stable)
2026-03-30,601.3491094738733,SYN-0004 (stable)
2026-03-31,621.4473123666739,SYN-0004 (stable)
2026-04-01,617.1599809579208,SYN-0004 (stable)
2026-04-02,614.513713466312,SYN-0004 (stable)
2026-04-03,599.5297280517954,SYN-0004 (stable)
2026-04-04,608.1576242184314,SYN-0004 (stable)
2026-04-05,625.4238057056373,SYN-0004 (stable)
2026-04-06,592.61954546489,SYN-0004 (stable)
2026-04-07,609.8361430778476,SYN-0004 (stable)
2026-04-08,606.4298004955177,SYN-0004 (stable)
2026-04-09,629.514426298302,SYN-0004 (stable)
2026-04-10,612.6429775569611,SYN-0004 (stable)
2026-04-11,614.6591123687925,SYN-0004 (stable)
2026-04-12,602.7818405682032,SYN-0004 (stable)
2026-04-13,617.6297352848353,SYN-0004 (stable)
2026-04-14,623.3236972595952,SYN-0004 (stable)
2026-04-15,618.4606205585543,SYN-0004 (stable)
2026-04-16,615.59392781881,SYN-0004 (stable)
2026-04-17,624.448465538721,SYN-0004 (stable)
2026-04-18,581.1548427671129,SYN-0004 (stable)
2026-04-19,588.7598267528613,SYN-0004 (stable)
2026-04-20,597.1990754756807,SYN-0004 (stable)
2026-04-21,603.0320864863049,SYN-0004 (stable)
2026-04-22,610.4196262549269,SYN-0004 (stable)
2026-04-23,635.6956754858071,SYN-0004 (stable)
2026-04-24,603.6871496918898,SYN-0004 (stable)
2026-04-25,618.9181974280456,SYN-0004 (stable)
2026-04-26,608.0387981641819,SYN-0004 (stable)
2026-04-27,622.1200442268453,SYN-0004 (stable)
2026-04-28,620.1498508586824,SYN-0004 (stable)
2026-04-29,624.728793344389,SYN-0004 (stable)
2026-04-30,615.2606279059252,SYN-0004 (stable)
2026-05-01,604.0343240452975,SYN-0004 (stable)
2026-05-02,597.8393679200789,SYN-0004 (stable)
2026-05-03,596.0638727222238,SYN-0004 (stable)
2026-05-04,598.285307638928,SYN-0004 (stable)
2026-05-05,603.2599064146435,SYN-0004 (stable)
2026-05-06,603.5065076585653,SYN-0004 (stable)
2026-05-07,601.5841159192555,SYN-0004 (stable)
2026-05-08,606.153072585259,SYN-0004 (stable)
2026-05-09,587.7893129046419,SYN-0004 (stable)
2026-05-10,613.9759826251498,SYN-0004 (stable)
2026-05-11,625.4798785737995,SYN-0004 (stable)
2026-05-12,611.2609647008828,SYN-0004 (stable)
2026-05-13,621.4473650856326,SYN-0004 (stable)
2026-05-14,613.1617318951567,SYN-0004 (stable)
2026-05-15,608.9787155490774,SYN-0004 (stable)
2026-05-16,624.5359781504145,SYN-0004 (stable)
2026-05-17,628.4006686028714,SYN-0004 (stable)
2026-05-18,602.9043382963432,SYN-0004 (stable)
2026-05-19,613.7919884843367,SYN-0004 (stable)
2026-05-20,615.9711417942029,SYN-0004 (stable)
2026-05-21,604.6006076408835,SYN-0004 (stable)
2026-05-22,612.3933859729459,SYN-0004 (stable)
2026-05-23,619.0180106422306,SYN-0004 (stable)
2026-05-24,619.8479258211307,SYN-0004 (stable)
2026-05-25,603.4586909772343,SYN-0004 (stable)
2026-05-26,611.3607965113064,SYN-0004 (stable)
2026-05-27,624.8238100173356,SYN-0004 (stable)
2026-05-28,616.8157813880009,SYN-0004 (stable)
2026-05-29,626.7112509402505,SYN-0004 (stable)
2026-05-30,605.4485689019186,SYN-0004 (stable)
2026-05-31,631.8996342362334,SYN-0004 (stable)
2026-06-01,599.9180333168995,SYN-0004 (stable)
2026-06-02,589.3205082091802,SYN-0004 (stable)
2026-06-03,595.8365579218623,SYN-0004 (stable)
2026-06-04,601.179149239098,SYN-0004 (stable)
2026-06-05,610.5439840922501,SYN-0004 (stable)
2026-06-06,606.7697997389445,SYN-0004 (stable)
2026-06-07,617.0047643670159,SYN-0004 (stable)
2026-06-08,605.7751568869865,SYN-0004 (stable)
2026-06-09,602.5375822995145,SYN-0004 (stable)
2026-06-10,585.9737673535653,SYN-0004 (stable)
2026-06-11,610.3749077033378,SYN-0004 (stable)
2026-06-12,610.9905615952928,SYN-0004 (stable)
2026-06-13,607.4415680189013,SYN-0004 (stable)
2026-06-14,624.4159807520601,SYN-0004 (stable)
2026-06-15,599.137324533355,SYN-0004 (stable)
2026-06-16,589.112428501133,SYN-0004 (stable)
2026-06-17,620.8855123919928,SYN-0004 (stable)
2026-06-18,605.7417812056523,SYN-0004 (stable)
2026-06-19,614.051293671672,SYN-0004 (stable)
2026-06-20,602.4253476130679,SYN-0004 (stable)
2026-06-21,617.690201335299,SYN-0004 (stable)
2026-06-22,620.5266329551295,SYN-0004 (stable)
2026-06-23,608.321522492946,SYN-0004 (stable)
2026-06-24,619.412004747225,SYN-0004 (stable)
2026-06-25,605.543890364172,SYN-0004 (stable)
2026-06-26,605.5563456197063,SYN-0004 (stable)
2026-06-27,608.8383850248907,SYN-0004 (stable)
2026-06-28,619.486707738722,SYN-0004 (stable)
2026-06-29,620.2068023829522,SYN-0004 (stable)
2026-06-30,612.4361812738974,SYN-0004 (stable)
2026-07-01,607.4485477186842,SYN-0004 (stable)
2026-07-02,597.1597212679288,SYN-0004 (stable)
2026-07-03,602.9998690577108,SYN-0004 (stable)
2026-07-04,620.1239983467177,SYN-0004 (stable)
2026-07-05,613.1802492574928,SYN-0004 (stable)
2026-07-06,606.8492745647844,SYN-0004 (stable)
2026-07-07,615.3781078627411,SYN-0004 (stable)
2026-07-08,624.9444928083902,SYN-0004 (stable)
2026-07-09,603.812067032351,SYN-0004 (stable)
2026-07-10,611.8869889116979,SYN-0004 (stable)
2026-07-11,589.8532786267067,SYN-0004 (stable)
2026-07-12,613.250960167432,SYN-0004 (stable)
2026-07-13,599.6478365072654,SYN-0004 (stable)
2026-07-14,619.8378540298353,SYN-0004 (stable)
2026-07-15,610.020592443367,SYN-0004 (stable)
2026-07-16,601.2123413073629,SYN-0004 (stable)
2026-07-17,603.2295950011866,SYN-0004 (stable)
2026-07-18,612.3012608785996,SYN-0004 (stable)
2026-07-19,614.065845470195,SYN-0004 (stable)
2026-07-20,615.796576000426,SYN-0004 (stable)
2026-07-21,607.9993390925648,SYN-0004 (stable)
2026-07-22,627.1287643521448,SYN-0004 (stable)
2026-07-23,625.0587385234626,SYN-0004 (stable)
2026-07-24,589.6493954631676,SYN-0004 (stable)
2026-07-25,614.0444604573839,SYN-0004 (stable)
2026-07-26,614.4519600226541,SYN-0004 (stable)
2026-07-27,581.3191059905374,SYN-0004 (stable)
2026-07-28,619.5774395342233,SYN-0004 (stable)
2026-07-29,631.5397113983856,SYN-0004 (stable)
2026-07-30,623.148619789104,SYN-0004 (stable)
2026-07-31,616.5461544415547,SYN-0004 (stable)
2026-08-01,610.6867380569779,SYN-0004 (stable)
2026-08-02,602.5917475431906,SYN-0004 (stable)
2026-08-03,617.7703858321706,SYN-0004 (stable)
2026-08-04,605.8590522451794,SYN-0004 (stable)
2026-08-05,611.8787433436227,SYN-0004 (stable)
2026-08-06,620.6889129781446,SYN-0004 (stable)
2026-08-07,605.39369852145,SYN-0004 (stable)
2026-08-08,614.8342760694034,SYN-0004 (stable)
2026-08-09,618.8748137837329,SYN-0004 (stable)
2026-08-10,622.8679553399348,SYN-0004 (stable)
2026-08-11,621.040892506136,SYN-0004 (stable)
2026-08-12,616.0080934647157,SYN-0004 (stable)
2026-08-13,635.4283965622933,SYN-0004 (stable)
2026-08-14,624.2262913379824,SYN-0004 (stable)
2026-08-15,612.269706541046,SYN-0004 (stable)
2026-03-03,380.95279879121625,SYN-0005 (stable)
2026-03-04,378.4466669413578,SYN-0005 (stable)
2026-03-05,380.48157928799424,SYN-0005 (stable)
2026-03-06,373.12083351568646,SYN-0005 (stable)
2026-03-07,361.03309550476644,SYN-0005 (stable)
2026-03-08,379.0319869931919,SYN-0005 (stable)
2026-03-09,385.78949984020943,SYN-0005 (stable)
2026-03-10,369.9107857746582,SYN-0005 (stable)
2026-03-11,373.7596248115418,SYN-0005 (stable)
2026-03-12,383.2743289212617,SYN-0005 (stable)
2026-03-13,378.4311751903614,SYN-0005 (stable)
2026-03-14,372.6842003623625,SYN-0005 (stable)
2026-03-15,387.8359254034805,SYN-0005 (stable)
2026-03-16,366.03423272312915,SYN-0005 (stable)
2026-03-17,376.9137469987577,SYN-0005 (stable)
2026-03-18,373.35450702988055,SYN-0005 (stable)
2026-03-19,362.76604751449497,SYN-0005 (stable)
2026-03-20,381.2070212631711,SYN-0005 (stable)
2026-03-21,374.7950728778494,SYN-0005 (stable)
2026-03-22,383.04079685683166,SYN-0005 (stable)
2026-03-23,365.8662015213553,SYN-0005 (stable)
2026-03-24,379.50826642221637,SYN-0005 (stable)
2026-03-25,382.0960499579267,SYN-0005 (stable)
2026-03-26,377.8877396860143,SYN-0005 (stable)
2026-03-27,368.631364862564,SYN-0005 (stable)
2026-03-28,369.69895637647164,SYN-0005 (stable)
2026-03-29,393.0282151820957,SYN-0005 (stable)
2026-03-30,382.07500245438047,SYN-0005 (stable)
2026-03-31,376.9154783672914,SYN-0005 (stable)
2026-04-01,374.1007168880396,SYN-0005 (stable)
2026-04-02,378.54336523766,SYN-0005 (stable)
2026-04-03,370.8315746071931,SYN-0005 (stable)
2026-04-04,368.9932141936201,SYN-0005 (stable)
2026-04-05,373.8979479488544,SYN-0005 (stable)
2026-04-06,369.33481526559297,SYN-0005 (stable)
2026-04-07,379.05637311750434,SYN-0005 (stable)
2026-04-08,375.26134322079116,SYN-0005 (stable)
2026-04-09,366.3024302102362,SYN-0005 (stable)
2026-04-10,385.2361517781988,SYN-0005 (stable)
2026-04-11,360.7648440277926,SYN-0005 (stable)
2026-04-12,365.59950605894255,SYN-0005 (stable)
2026-04-13,389.03386916473534,SYN-0005 (stable)
2026-04-14,390.7331028212428,SYN-0005 (stable)
2026-04-15,383.7368762663298,SYN-0005 (stable)
2026-04-16,378.43884796348675,SYN-0005 (stable)
2026-04-17,389.88859083969885,SYN-0005 (stable)
2026-04-18,371.8711712817844,SYN-0005 (stable)
2026-04-19,384.77895094000024,SYN-0005 (stable)
2026-04-20,386.2158793243711,SYN-0005 (stable)
2026-04-21,383.6578973726044,SYN-0005 (stable)
2026-04-22,374.64591601647004,SYN-0005 (stable)
2026-04-23,391.77196457891,SYN-0005 (stable)
2026-04-24,368.2275542155015,SYN-0005 (stable)
2026-04-25,380.6472428748238,SYN-0005 (stable)
2026-04-26,385.57743641441397,SYN-0005 (stable)
2026-04-27,370.152229834206,SYN-0005 (stable)
2026-04-28,369.98269251710013,SYN-0005 (stable)
2026-04-29,378.5813686181606,SYN-0005 (stable)
2026-04-30,378.1047761495077,SYN-0005 (stable)
2026-05-01,379.9848216717141,SYN-0005 (stable)
2026-05-02,381.9160008563048,SYN-0005 (stable)
2026-05-03,377.2596541392962,SYN-0005 (stable)
2026-05-04,370.418523788262,SYN-0005 (stable)
2026-05-05,382.80025222117956,SYN-0005 (stable)
2026-05-06,390.54181352900036,SYN-0005 (stable)
2026-05-07,387.6910855572079,SYN-0005 (stable)
2026-05-08,371.4966343043435,SYN-0005 (stable)
2026-05-09,381.84525774397,SYN-0005 (stable)
2026-05-10,380.10688813575587,SYN-0005 (stable)
2026-05-11,380.11259975488935,SYN-0005 (stable)
2026-05-12,374.60807862399724,SYN-0005 (stable)
2026-05-13,363.25649226480687,SYN-0005 (stable)
2026-05-14,385.16889808516436,SYN-0005 (stable)
2026-05-15,372.1208942700608,SYN-0005 (stable)
2026-05-16,373.21718568726106,SYN-0005 (stable)
2026-05-17,385.7956745054209,SYN-0005 (stable)
2026-05-18,383.8928229284969,SYN-0005 (stable)
2026-05-19,372.29565461106483,SYN-0005 (stable)
2026-05-20,385.46986566129425,SYN-0005 (stable)
2026-05-21,369.35780863645465,SYN-0005 (stable)
2026-05-22,381.4648653466661,SYN-0005 (stable)
2026-05-23,382.46189525970743,SYN-0005 (stable)
2026-05-24,391.7132990179225,SYN-0005 (stable)
2026-05-25,378.90025973666627,SYN-0005 (stable)
2026-05-26,367.538125149427,SYN-0005 (stable)
2026-05-27,382.35751454102194,SYN-0005 (stable)
2026-05-28,366.002203657875,SYN-0005 (stable)
2026-05-29,377.3003490004895,SYN-0005 (stable)
2026-05-30,378.7684063429393,SYN-0005 (stable)
2026-05-31,377.27543028813665,SYN-0005 (stable)
2026-06-01,389.32269898269664,SYN-0005 (stable)
2026-06-02,377.50308391187184,SYN-0005 (stable)
2026-06-03,375.80445786099705,SYN-0005 (stable)
2026-06-04,377.6999054378008,SYN-0005 (stable)
2026-06-05,386.90135330984094,SYN-0005 (stable)
2026-06-06,379.1875154058347,SYN-0005 (stable)
2026-06-07,385.22755873708564,SYN-0005 (stable)
2026-06-08,389.28319075722976,SYN-0005 (stable)
2026-06-09,390.65986865506386,SYN-0005 (stable)
2026-06-10,389.5810008775573,SYN-0005 (stable)
2026-06-11,364.0520338965356,SYN-0005 (stable)
2026-06-12,386.83232347970795,SYN-0005 (stable)
2026-06-13,370.74399718016804,SYN-0005 (stable)
2026-06-14,381.4102185065423,SYN-0005 (stable)
2026-06-15,383.2017728028938,SYN-0005 (stable)
2026-06-16,385.65551016643917,SYN-0005 (stable)
2026-06-17,376.9437519688162,SYN-0005 (stable)
2026-06-18,367.18960377021864,SYN-0005 (stable)
2026-06-19,369.36653245776523,SYN-0005 (stable)
2026-06-20,390.7771368256243,SYN-0005 (stable)
2026-06-21,374.51870460671506,SYN-0005 (stable)
2026-06-22,384.46606325954974,SYN-0005 (stable)
2026-06-23,385.03303581250674,SYN-0005 (stable)
2026-06-24,380.9071351149286,SYN-0005 (stable)
2026-06-25,372.95224768268326,SYN-0005 (stable)
2026-06-26,371.54132775937245,SYN-0005 (stable)
2026-06-27,360.87573368852145,SYN-0005 (stable)
2026-06-28,370.0404146293326,SYN-0005 (stable)
2026-06-29,371.2282242202395,SYN-0005 (stable)
2026-06-30,367.83124017888116,SYN-0005 (stable)
2026-07-01,370.6844573196838,SYN-0005 (stable)
2026-07-02,361.9149578065396,SYN-0005 (stable)
2026-07-03,381.6813704256861,SYN-0005 (stable)
2026-07-04,379.7600065208873,SYN-0005 (stable)
2026-07-05,375.29407626583014,SYN-0005 (stable)
2026-07-06,377.16593031901436,SYN-0005 (stable)
2026-07-07,370.30333164373394,SYN-0005 (stable)
2026-07-08,384.2205243372369,SYN-0005 (stable)
2026-07-09,378.14119457074213,SYN-0005 (stable)
2026-07-10,375.33061001872477,SYN-0005 (stable)
2026-07-11,390.5972156794141,SYN-0005 (stable)
2026-07-12,371.77988271540266,SYN-0005 (stable)
2026-07-13,380.4755465539192,SYN-0005 (stable)
2026-07-14,371.91775595917306,SYN-0005 (stable)
2026-07-15,362.7294262742417,SYN-0005 (stable)
2026-07-16,388.27612792608124,SYN-0005 (stable)
2026-07-17,375.021980166464,SYN-0005 (stable)
2026-07-18,367.606655656319,SYN-0005 (stable)
2026-07-19,391.1260126598708,SYN-0005 (stable)
2026-07-20,372.2899254237874,SYN-0005 (stable)
2026-07-21,374.1228160580585,SYN-0005 (stable)
2026-07-22,370.28614608539147,SYN-0005 (stable)
2026-07-23,387.3463540513965,SYN-0005 (stable)
2026-07-24,376.49305866582165,SYN-0005 (stable)
2026-07-25,366.1823663894256,SYN-0005 (stable)
2026-07-26,376.0158186807057,SYN-0005 (stable)
2026-07-27,378.5001409101559,SYN-0005 (stable)
2026-07-28,365.97690155057893,SYN-0005 (stable)
2026-07-29,374.89797660582275,SYN-0005 (stable)
2026-07-30,374.3247389548575,SYN-0005 (stable)
2026-07-31,376.72539986263166,SYN-0005 (stable)
2026-08-01,371.02636281743304,SYN-0005 (stable)
2026-08-02,371.1836993804394,SYN-0005 (stable)
2026-08-03,367.80082406861874,SYN-0005 (stable)
2026-08-04,376.01958224059354,SYN-0005 (stable)
2026-08-05,361.26355742422726,SYN-0005 (stable)
2026-08-06,368.8555744673863,SYN-0005 (stable)
2026-08-07,376.873854591993,SYN-0005 (stable)
2026-08-08,373.98633443442253,SYN-0005 (stable)
2026-08-09,388.3220365972218,SYN-0005 (stable)
2026-08-10,384.24070713331315,SYN-0005 (stable)
2026-08-11,361.0902131627566,SYN-0005 (stable)
2026-08-12,379.7258133650582,SYN-0005 (stable)
2026-08-13,381.12747710514833,SYN-0005 (stable)
2026-08-14,372.78811734272676,SYN-0005 (stable)
2026-08-15,375.8883139385838,SYN-0005 (stable)
2026-03-04,1609.9654854255205,SYN-0006 (stable)
2026-03-05,1609.1462579459114,SYN-0006 (stable)
2026-03-06,1666.8257321474102,SYN-0006 (stable)
2026-03-07,1674.9122528474543,SYN-0006 (stable)
2026-03-08,1633.3499794665167,SYN-0006 (stable)
2026-03-09,1630.304008036226,SYN-0006 (stable)
2026-03-10,1676.1686547683325,SYN-0006 (stable)
2026-03-11,1609.4295173094738,SYN-0006 (stable)
2026-03-12,1628.640081829562,SYN-0006 (stable)
2026-03-13,1581.4662984192416,SYN-0006 (stable)
2026-03-14,1644.5613289182108,SYN-0006 (stable)
2026-03-15,1707.911423559681,SYN-0006 (stable)
2026-03-16,1666.6500681382245,SYN-0006 (stable)
2026-03-17,1634.634188696473,SYN-0006 (stable)
2026-03-18,1625.6264786401764,SYN-0006 (stable)
2026-03-19,1596.8578102347142,SYN-0006 (stable)
2026-03-20,1633.83708385901,SYN-0006 (stable)
2026-03-21,1624.9486073441692,SYN-0006 (stable)
2026-03-22,1623.4840400021687,SYN-0006 (stable)
2026-03-23,1579.0240894182539,SYN-0006 (stable)
2026-03-24,1682.5044189930559,SYN-0006 (stable)
2026-03-25,1676.3539390783815,SYN-0006 (stable)
2026-03-26,1666.9746131401757,SYN-0006 (stable)
2026-03-27,1649.67042057884,SYN-0006 (stable)
2026-03-28,1631.2565809059886,SYN-0006 (stable)
2026-03-29,1636.8750041063433,SYN-0006 (stable)
2026-03-30,1631.6485087997646,SYN-0006 (stable)
2026-03-31,1614.4360485797765,SYN-0006 (stable)
2026-04-01,1651.717735125839,SYN-0006 (stable)
2026-04-02,1722.3335591163025,SYN-0006 (stable)
2026-04-03,1685.3543887805524,SYN-0006 (stable)
2026-04-04,1660.2806382232168,SYN-0006 (stable)
2026-04-05,1649.0233999302334,SYN-0006 (stable)
2026-04-06,1573.8407871791428,SYN-0006 (stable)
2026-04-07,1660.1221504746538,SYN-0006 (stable)
2026-04-08,1602.2940803268677,SYN-0006 (stable)
2026-04-09,1646.9190028323567,SYN-0006 (stable)
2026-04-10,1683.740808525204,SYN-0006 (stable)
2026-04-11,1673.0125158913595,SYN-0006 (stable)
2026-04-12,1599.912410860216,SYN-0006 (stable)
2026-04-13,1599.2828587072518,SYN-0006 (stable)
2026-04-14,1665.4219373499977,SYN-0006 (stable)
2026-04-15,1651.1671794375789,SYN-0006 (stable)
2026-04-16,1634.4525104638994,SYN-0006 (stable)
2026-04-17,1632.8168792976728,SYN-0006 (stable)
2026-04-18,1643.539083690698,SYN-0006 (stable)
2026-04-19,1641.9183142448637,SYN-0006 (stable)
2026-04-20,1637.5625119584734,SYN-0006 (stable)
2026-04-21,1646.3583620411712,SYN-0006 (stable)
2026-04-22,1602.2225690659334,SYN-0006 (stable)
2026-04-23,1640.4849491310727,SYN-0006 (stable)
2026-04-24,1580.2754130130304,SYN-0006 (stable)
2026-04-25,1649.4115456212664,SYN-0006 (stable)
2026-04-26,1636.5914862928541,SYN-0006 (stable)
2026-04-27,1690.7462683127071,SYN-0006 (stable)
2026-04-28,1673.8426275375825,SYN-0006 (stable)
2026-04-29,1643.4928083556679,SYN-0006 (stable)
2026-04-30,1630.9275408509332,SYN-0006 (stable)
2026-05-01,1598.669365383901,SYN-0006 (stable)
2026-05-02,1608.1746986597768,SYN-0006 (stable)
2026-05-03,1647.2430989168492,SYN-0006 (stable)
2026-05-04,1632.2813435132555,SYN-0006 (stable)
2026-05-05,1617.8366702875796,SYN-0006 (stable)
2026-05-06,1618.6742717489205,SYN-0006 (stable)
2026-05-07,1669.9301679027149,SYN-0006 (stable)
2026-05-08,1693.2123013433898,SYN-0006 (stable)
2026-05-09,1587.4511336938274,SYN-0006 (stable)
2026-05-10,1648.6446103194635,SYN-0006 (stable)
2026-05-11,1633.833099787928,SYN-0006 (stable)
2026-05-12,1673.7220603897183,SYN-0006 (stable)
2026-05-13,1617.0879575108968,SYN-0006 (stable)
2026-05-14,1624.9483375084897,SYN-0006 (stable)
2026-05-15,1647.6046695285238,SYN-0006 (stable)
2026-05-16,1589.2148280860179,SYN-0006 (stable)
2026-05-17,1646.2167916047401,SYN-0006 (stable)
2026-05-18,1631.8394348398683,SYN-0006 (stable)
2026-05-19,1593.8915983962036,SYN-0006 (stable)
2026-05-20,1646.5309239548724,SYN-0006 (stable)
2026-05-21,1625.964645320738,SYN-0006 (stable)
2026-05-22,1642.4843484361788,SYN-0006 (stable)
2026-05-23,1645.7268780628974,SYN-0006 (stable)
2026-05-24,1627.5788910703563,SYN-0006 (stable)
2026-05-25,1614.5062230123128,SYN-0006 (stable)
2026-05-26,1617.0181682039752,SYN-0006 (stable)
2026-05-27,1634.0263956099072,SYN-0006 (stable)
2026-05-28,1589.0379711698642,SYN-0006 (stable)
2026-05-29,1558.3322510278576,SYN-0006 (stable)
2026-05-30,1682.00184820884,SYN-0006 (stable)
2026-05-31,1620.7654400351762,SYN-0006 (stable)
2026-06-01,1686.7509820661267,SYN-0006 (stable)
2026-06-02,1613.1815607601995,SYN-0006 (stable)
2026-06-03,1681.4571390043275,SYN-0006 (stable)
2026-06-04,1594.100099440664,SYN-0006 (stable)
2026-06-05,1564.1238866656677,SYN-0006 (stable)
2026-06-06,1605.7199648896503,SYN-0006 (stable)
2026-06-07,1614.5402996696273,SYN-0006 (stable)
2026-06-08,1599.0462216854748,SYN-0006 (stable)
2026-06-09,1668.97000428347,SYN-0006 (stable)
2026-06-10,1621.584574153315,SYN-0006 (stable)
2026-06-11,1699.775918035952,SYN-0006 (stable)
2026-06-12,1624.0966503769203,SYN-0006 (stable)
2026-06-13,1618.5251137845942,SYN-0006 (stable)
2026-06-14,1671.2809836881986,SYN-0006 (stable)
2026-06-15,1702.007205741997,SYN-0006 (stable)
2026-06-16,1663.7285591069751,SYN-0006 (stable)
2026-06-17,1719.2838493767092,SYN-0006 (stable)
2026-06-18,1594.266013525681,SYN-0006 (stable)
2026-06-19,1680.5446231291055,SYN-0006 (stable)
2026-06-20,1672.0219077638972,SYN-0006 (stable)
2026-06-21,1664.4662863171436,SYN-0006 (stable)
2026-06-22,1589.7713577606476,SYN-0006 (stable)
2026-06-23,1703.3659284385217,SYN-0006 (stable)
2026-06-24,1636.1094115713042,SYN-0006 (stable)
2026-06-25,1628.0558272507997,SYN-0006 (stable)
2026-06-26,1567.0099241640185,SYN-0006 (stable)
2026-06-27,1658.6701425544359,SYN-0006 (stable)
2026-06-28,1663.375220143089,SYN-0006 (stable)
2026-06-29,1635.3938537939098,SYN-0006 (stable)
2026-06-30,1567.629903608576,SYN-0006 (stable)
2026-07-01,1638.2061322312743,SYN-0006 (stable)
2026-07-02,1628.8081991860026,SYN-0006 (stable)
2026-07-03,1638.8815743081818,SYN-0006 (stable)
2026-07-04,1625.8870360464548,SYN-0006 (stable)
2026-07-05,1628.5673973995738,SYN-0006 (stable)
2026-07-06,1669.256050725986,SYN-0006 (stable)
2026-07-07,1622.7028448891638,SYN-0006 (stable)
2026-07-08,1587.8174778457162,SYN-0006 (stable)
2026-07-09,1612.8105373776104,SYN-0006 (stable)
2026-07-10,1669.7028370037,SYN-0006 (stable)
2026-07-11,1634.281180647322,SYN-0006 (stable)
2026-07-12,1667.3962642682445,SYN-0006 (stable)
2026-07-13,1689.296569194993,SYN-0006 (stable)
2026-07-14,1587.7095425541836,SYN-0006 (stable)
2026-07-15,1666.6519851229345,SYN-0006 (stable)
2026-07-16,1603.2385259599769,SYN-0006 (stable)
2026-07-17,1647.4789333347808,SYN-0006 (stable)
2026-07-18,1609.3793776468744,SYN-0006 (stable)
2026-07-19,1579.9996773636974,SYN-0006 (stable)
2026-07-20,1637.4750148054716,SYN-0006 (stable)
2026-07-21,1600.5185347217125,SYN-0006 (stable)
2026-07-22,1681.9477490296579,SYN-0006 (stable)
2026-07-23,1643.3923109953025,SYN-0006 (stable)
2026-07-24,1605.1911739898146,SYN-0006 (stable)
2026-07-25,1630.4398713858577,SYN-0006 (stable)
2026-07-26,1669.063134791285,SYN-0006 (stable)
2026-07-27,1646.5482348032485,SYN-0006 (stable)
2026-07-28,1573.6824039418068,SYN-0006 (stable)
2026-07-29,1624.782603246244,SYN-0006 (stable)
2026-07-30,1614.8028963644904,SYN-0006 (stable)
2026-07-31,1659.8938656928888,SYN-0006 (stable)
2026-08-01,1663.891382551505,SYN-0006 (stable)
2026-08-02,1613.4464846862995,SYN-0006 (stable)
2026-08-03,1623.2659139916643,SYN-0006 (stable)
2026-08-04,1625.7281785542323,SYN-0006 (stable)
2026-08-05,1628.683659977656,SYN-0006 (stable)
2026-08-06,1627.9649809780294,SYN-0006 (stable)
2026-08-07,1612.7838389309788,SYN-0006 (stable)
2026-08-08,1634.023412795665,SYN-0006 (stable)
2026-08-09,1633.9657575851102,SYN-0006 (stable)
2026-08-10,1678.3443838701503,SYN-0006 (stable)
2026-08-11,1601.8558700181468,SYN-0006 (stable)
2026-08-12,1638.136154070427,SYN-0006 (stable)
2026-08-13,1662.0064082652539,SYN-0006 (stable)
2026-08-14,1619.119119395408,SYN-0006 (stable)
2026-08-15,1620.494492434575,SYN-0006 (stable)
2026-01-21,2211.6377340922077,SYN-0007 (stable)
2026-01-22,2250.6361088538015,SYN-0007 (stable)
2026-01-23,2297.738284075151,SYN-0007 (stable)
2026-01-24,2172.2005578631174,SYN-0007 (stable)
2026-01-25,2209.7100228475306,SYN-0007 (stable)
2026-01-26,2240.0950062021375,SYN-0007 (stable)
2026-01-27,2235.679562506861,SYN-0007 (stable)
2026-01-28,2209.2228164999606,SYN-0007 (stable)
2026-01-29,2148.6621336144644,SYN-0007 (stable)
2026-01-30,2272.517579817565,SYN-0007 (stable)
2026-01-31,2300.7381385552526,SYN-0007 (stable)
2026-02-01,2240.1998250561796,SYN-0007 (stable)
2026-02-02,2304.9553419230174,SYN-0007 (stable)
2026-02-03,2265.6613575482083,SYN-0007 (stable)
2026-02-04,2239.4596695194973,SYN-0007 (stable)
2026-02-05,2191.6059708998337,SYN-0007 (stable)
2026-02-06,2163.7642522221217,SYN-0007 (stable)
2026-02-07,2274.9771175004585,SYN-0007 (stable)
2026-02-08,2277.1524123475015,SYN-0007 (stable)
2026-02-09,2225.0041180548737,SYN-0007 (stable)
2026-02-10,2271.0550327043566,SYN-0007 (stable)
2026-02-11,2319.0516209277384,SYN-0007 (stable)
2026-02-12,2228.0968032949095,SYN-0007 (stable)
2026-02-13,2190.8521846658214,SYN-0007 (stable)
2026-02-14,2274.8384569820887,SYN-0007 (stable)
2026-02-15,2346.4521960297034,SYN-0007 (stable)
2026-02-16,2210.855649958082,SYN-0007 (stable)
2026-02-17,2238.032273824456,SYN-0007 (stable)
2026-02-18,2129.049912320648,SYN-0007 (stable)
2026-02-19,2167.3484881360055,SYN-0007 (stable)
2026-02-20,2359.0934697770317,SYN-0007 (stable)
2026-02-21,2209.3191391334326,SYN-0007 (stable)
2026-02-22,2246.125750107072,SYN-0007 (stable)
2026-02-23,2237.9548570562497,SYN-0007 (stable)
2026-02-24,2270.0749816179805,SYN-0007 (stable)
2026-02-25,2289.091774010865,SYN-0007 (stable)
2026-02-26,2274.9136797274846,SYN-0007 (stable)
2026-02-27,2278.3482065046564,SYN-0007 (stable)
2026-02-28,2140.0762075818393,SYN-0007 (stable)
2026-03-01,2187.209763777037,SYN-0007 (stable)
2026-03-02,2270.9866552843882,SYN-0007 (stable)
2026-03-03,2246.1637490210196,SYN-0007 (stable)
2026-03-04,2167.2181863678948,SYN-0007 (stable)
2026-03-05,2269.712687017994,SYN-0007 (stable)
2026-03-06,2254.697816400527,SYN-0007 (stable)
2026-03-07,2163.9744511705903,SYN-0007 (stable)
2026-03-08,2251.099289723675,SYN-0007 (stable)
2026-03-09,2274.0914461169045,SYN-0007 (stable)
2026-03-10,2228.5756478343174,SYN-0007 (stable)
2026-03-11,2154.752646071198,SYN-0007 (stable)
2026-03-12,2205.562221629504,SYN-0007 (stable)
2026-03-13,2216.0906141951805,SYN-0007 (stable)
2026-03-14,2251.879753865766,SYN-0007 (stable)
2026-03-15,2250.8700127674165,SYN-0007 (stable)
2026-03-16,2206.29376221845,SYN-0007 (stable)
2026-03-17,2199.851226813277,SYN-0007 (stable)
2026-03-18,2286.1711565276923,SYN-0007 (stable)
2026-03-19,2264.35305733548,SYN-0007 (stable)
2026-03-20,2276.868949768221,SYN-0007 (stable)
2026-03-21,2258.419392843046,SYN-0007 (stable)
2026-03-22,2204.66564677052,SYN-0007 (stable)
2026-03-23,2291.1833568825214,SYN-0007 (stable)
2026-03-24,2181.2396059891703,SYN-0007 (stable)
2026-03-25,2240.970187394801,SYN-0007 (stable)
2026-03-26,2324.894774468871,SYN-0007 (stable)
2026-03-27,2248.102330106229,SYN-0007 (stable)
2026-03-28,2270.9713555369035,SYN-0007 (stable)
2026-03-29,2258.548412886624,SYN-0007 (stable)
2026-03-30,2205.729275898956,SYN-0007 (stable)
2026-03-31,2211.427214692432,SYN-0007 (stable)
2026-04-01,2297.0532460511504,SYN-0007 (stable)
2026-04-02,2150.518629717897,SYN-0007 (stable)
2026-04-03,2220.131877773272,SYN-0007 (stable)
2026-04-04,2267.2708720186192,SYN-0007 (stable)
2026-04-05,2258.493984479953,SYN-0007 (stable)
2026-04-06,2249.136786476894,SYN-0007 (stable)
2026-04-07,2198.5704449606083,SYN-0007 (stable)
2026-04-08,2322.282264291647,SYN-0007 (stable)
2026-04-09,2221.18805166205,SYN-0007 (stable)
2026-04-10,2261.863780557511,SYN-0007 (stable)
2026-04-11,2305.8189418240595,SYN-0007 (stable)
2026-04-12,2267.9421035378773,SYN-0007 (stable)
2026-04-13,2266.076156895663,SYN-0007 (stable)
2026-04-14,2243.972953566938,SYN-0007 (stable)
2026-04-15,2279.6478000948687,SYN-0007 (stable)
2026-04-16,2230.242749895727,SYN-0007 (stable)
2026-04-17,2209.3225265511983,SYN-0007 (stable)
2026-04-18,2245.091098515597,SYN-0007 (stable)
2026-04-19,2181.7446586643864,SYN-0007 (stable)
2026-04-20,2276.3101313361935,SYN-0007 (stable)
2026-04-21,2182.6221343564994,SYN-0007 (stable)
2026-04-22,2301.5674604900305,SYN-0007 (stable)
2026-04-23,2248.2607364864566,SYN-0007 (stable)
2026-04-24,2189.3455003480717,SYN-0007 (stable)
2026-04-25,2269.9074301269175,SYN-0007 (stable)
2026-04-26,2302.542907757901,SYN-0007 (stable)
2026-04-27,2208.5242168866957,SYN-0007 (stable)
2026-04-28,2249.372029498363,SYN-0007 (stable)
2026-04-29,2285.2354497620604,SYN-0007 (stable)
2026-04-30,2213.5946675218256,SYN-0007 (stable)
2026-05-01,2256.212476397183,SYN-0007 (stable)
2026-05-02,2299.3167039699056,SYN-0007 (stable)
2026-05-03,2222.4722886423383,SYN-0007 (stable)
2026-05-04,2151.383524519452,SYN-0007 (stable)
2026-05-05,2333.141277101395,SYN-0007 (stable)
2026-05-06,2275.049429096625,SYN-0007 (stable)
2026-05-07,2261.2499548047704,SYN-0007 (stable)
2026-05-08,2200.6462941413147,SYN-0007 (stable)
2026-05-09,2244.573922994678,SYN-0007 (stable)
2026-05-10,2275.2515030847185,SYN-0007 (stable)
2026-05-11,2150.525210503652,SYN-0007 (stable)
2026-05-12,2271.75578329145,SYN-0007 (stable)
2026-05-13,2225.534708431159,SYN-0007 (stable)
2026-05-14,2186.443099577678,SYN-0007 (stable)
2026-05-15,2241.158751800729,SYN-0007 (stable)
2026-05-16,2193.418956561678,SYN-0007 (stable)
2026-05-17,2204.4788746294016,SYN-0007 (stable)
2026-05-18,2266.408668153642,SYN-0007 (stable)
2026-05-19,2188.153755778325,SYN-0007 (stable)
2026-05-20,2234.619231575475,SYN-0007 (stable)
2026-05-21,2169.908714636154,SYN-0007 (stable)
2026-05-22,2227.0256174123933,SYN-0007 (stable)
2026-05-23,2170.951254383415,SYN-0007 (stable)
2026-05-24,2220.9664814042158,SYN-0007 (stable)
2026-05-25,2214.544535208277,SYN-0007 (stable)
2026-05-26,2257.232529029283,SYN-0007 (stable)
2026-05-27,2141.5707693519594,SYN-0007 (stable)
2026-05-28,2306.324538490178,SYN-0007 (stable)
2026-05-29,2248.523824353798,SYN-0007 (stable)
2026-05-30,2248.7191184661547,SYN-0007 (stable)
2026-05-31,2224.253786558623,SYN-0007 (stable)
2026-06-01,2273.832277713442,SYN-0007 (stable)
2026-06-02,2253.8624778339163,SYN-0007 (stable)
2026-06-03,2290.752231029989,SYN-0007 (stable)
2026-06-04,2325.5373643892854,SYN-0007 (stable)
2026-06-05,2240.875288207221,SYN-0007 (stable)
2026-06-06,2249.2273532227077,SYN-0007 (stable)
2026-06-07,2157.3197425708067,SYN-0007 (stable)
2026-06-08,2254.4481074327914,SYN-0007 (stable)
2026-06-09,2253.5155509171914,SYN-0007 (stable)
2026-06-10,2192.8370269888737,SYN-0007 (stable)
2026-06-11,2233.0492862914193,SYN-0007 (stable)
2026-06-12,2195.231400172464,SYN-0007 (stable)
2026-06-13,2359.7708594409014,SYN-0007 (stable)
2026-06-14,2206.8382419147692,SYN-0007 (stable)
2026-06-15,2183.335237526061,SYN-0007 (stable)
2026-06-16,2313.5839595921852,SYN-0007 (stable)
2026-06-17,2309.9302758428266,SYN-0007 (stable)
2026-06-18,2160.0972760491504,SYN-0007 (stable)
2026-06-19,2251.848358454287,SYN-0007 (stable)
2026-06-20,2268.836612249201,SYN-0007 (stable)
2026-06-21,2252.8548394232844,SYN-0007 (stable)
2026-06-22,2163.764966014212,SYN-0007 (stable)
2026-06-23,2243.4431794325997,SYN-0007 (stable)
2026-06-24,2226.2559824980935,SYN-0007 (stable)
2026-06-25,2230.3375072733284,SYN-0007 (stable)
2026-06-26,2146.7773881248527,SYN-0007 (stable)
2026-06-27,2178.5287851882667,SYN-0007 (stable)
2026-06-28,2321.806559337596,SYN-0007 (stable)
2026-06-29,2223.5319745061943,SYN-0007 (stable)
2026-06-30,2214.2593299372916,SYN-0007 (stable)
2026-07-01,2288.5436701042377,SYN-0007 (stable)
2026-07-02,2300.2715505387637,SYN-0007 (stable)
2026-07-03,2226.334003818714,SYN-0007 (stable)
2026-07-04,2227.2999556666555,SYN-0007 (stable)
2026-07-05,2192.1359685065845,SYN-0007 (stable)
2026-07-06,2310.943311598996,SYN-0007 (stable)
2026-07-07,2216.847030510291,SYN-0007 (stable)
2026-07-08,2152.168164828316,SYN-0007 (stable)
2026-07-09,2230.1801607776792,SYN-0007 (stable)
2026-07-10,2222.233098704156,SYN-0007 (stable)
2026-07-11,2245.280514793278,SYN-0007 (stable)
2026-07-12,2213.933567036319,SYN-0007 (stable)
2026-07-13,2244.264567595949,SYN-0007 (stable)
2026-07-14,2228.65695606523,SYN-0007 (stable)
2026-07-15,2223.0464433382886,SYN-0007 (stable)
2026-07-16,2218.0517965989948,SYN-0007 (stable)
2026-07-17,2286.124824821638,SYN-0007 (stable)
2026-07-18,2174.8027036016383,SYN-0007 (stable)
2026-07-19,2228.275310782138,SYN-0007 (stable)
2026-07-20,2252.11245212652,SYN-0007 (stable)
2026-07-21,2218.854671037434,SYN-0007 (stable)
2026-07-22,2306.9941216243083,SYN-0007 (stable)
2026-07-23,2230.3958489549796,SYN-0007 (stable)
2026-07-24,2207.139693619961,SYN-0007 (stable)
2026-07-25,2275.594949633322,SYN-0007 (stable)
2026-07-26,2274.5097956016934,SYN-0007 (stable)
2026-07-27,2197.7322547745493,SYN-0007 (stable)
2026-07-28,2249.6361347055695,SYN-0007 (stable)
2026-07-29,2186.4177647711895,SYN-0007 (stable)
2026-07-30,2231.6259780908163,SYN-0007 (stable)
2026-07-31,2274.5152654886665,SYN-0007 (stable)
2026-08-01,2228.483900842674,SYN-0007 (stable)
2026-08-02,2275.4110903666824,SYN-0007 (stable)
2026-08-03,2280.274049303939,SYN-0007 (stable)
2026-08-04,2214.101484885513,SYN-0007 (stable)
2026-08-05,2196.075168302736,SYN-0007 (stable)
2026-08-06,2260.6215453455966,SYN-0007 (stable)
2026-08-07,2227.525836345886,SYN-0007 (stable)
2026-08-08,2283.4799758681606,SYN-0007 (stable)
2026-08-09,2209.460635827891,SYN-0007 (stable)
2026-08-10,2256.845242565827,SYN-0007 (stable)
2026-08-11,2213.332039044385,SYN-0007 (stable)
2026-08-12,2223.187050419556,SYN-0007 (stable)
2026-08-13,2281.851350471655,SYN-0007 (stable)
2026-08-14,2264.9684425381806,SYN-0007 (stable)
2026-08-15,2261.271032266185,SYN-0007 (stable)
2026-02-26,378.2309662196401,SYN-0008 (stable)
2026-02-27,368.2209788335405,SYN-0008 (stable)
2026-02-28,383.1427081344903,SYN-0008 (stable)
2026-03-01,377.9808864405308,SYN-0008 (stable)
2026-03-02,381.644980235624,SYN-0008 (stable)
2026-03-03,378.87503096634316,SYN-0008 (stable)
2026-03-04,372.7953111205081,SYN-0008 (stable)
2026-03-05,376.8014138534279,SYN-0008 (stable)
2026-03-06,379.07765769604623,SYN-0008 (stable)
2026-03-07,374.3670039318606,SYN-0008 (stable)
2026-03-08,372.0517647538365,SYN-0008 (stable)
2026-03-09,375.995237855235,SYN-0008 (stable)
2026-03-10,384.44731613028597,SYN-0008 (stable)
2026-03-11,367.9061670465725,SYN-0008 (stable)
2026-03-12,378.82457050930594,SYN-0008 (stable)
2026-03-13,363.93299883778315,SYN-0008 (stable)
2026-03-14,377.5997905064296,SYN-0008 (stable)
2026-03-15,367.8972243045452,SYN-0008 (stable)
2026-03-16,372.44535309282463,SYN-0008 (stable)
2026-03-17,379.07997418169634,SYN-0008 (stable)
2026-03-18,380.9298705992514,SYN-0008 (stable)
2026-03-19,370.6183878987528,SYN-0008 (stable)
2026-03-20,360.81440971683674,SYN-0008 (stable)
2026-03-21,379.8030829196722,SYN-0008 (stable)
2026-03-22,373.6528184994046,SYN-0008 (stable)
2026-03-23,368.52550120551683,SYN-0008 (stable)
2026-03-24,367.25196669081345,SYN-0008 (stable)
2026-03-25,378.04638549335914,SYN-0008 (stable)
2026-03-26,366.2177301595672,SYN-0008 (stable)
2026-03-27,359.64433677650743,SYN-0008 (stable)
2026-03-28,367.9100012293117,SYN-0008 (stable)
2026-03-29,372.46313850205763,SYN-0008 (stable)
2026-03-30,366.4189613146334,SYN-0008 (stable)
2026-03-31,379.39459001357255,SYN-0008 (stable)
2026-04-01,382.1598421511124,SYN-0008 (stable)
2026-04-02,367.5995225699298,SYN-0008 (stable)
2026-04-03,381.5075820299013,SYN-0008 (stable)
2026-04-04,373.58231447497053,SYN-0008 (stable)
2026-04-05,369.9785967015476,SYN-0008 (stable)
2026-04-06,381.91909228979625,SYN-0008 (stable)
2026-04-07,367.98761109599195,SYN-0008 (stable)
2026-04-08,377.1429162259289,SYN-0008 (stable)
2026-04-09,371.24662502975326,SYN-0008 (stable)
2026-04-10,374.61380043054,SYN-0008 (stable)
2026-04-11,373.07149246003576,SYN-0008 (stable)
2026-04-12,380.7924944887245,SYN-0008 (stable)
2026-04-13,366.4314163242525,SYN-0008 (stable)
2026-04-14,381.55124478232005,SYN-0008 (stable)
2026-04-15,378.85682767775046,SYN-0008 (stable)
2026-04-16,376.599898400937,SYN-0008 (stable)
2026-04-17,357.22788004586596,SYN-0008 (stable)
2026-04-18,380.4939374790512,SYN-0008 (stable)
2026-04-19,376.122784296106,SYN-0008 (stable)
2026-04-20,371.77810560013927,SYN-0008 (stable)
2026-04-21,371.95626981927444,SYN-0008 (stable)
2026-04-22,386.7801594713638,SYN-0008 (stable)
2026-04-23,375.20414658542916,SYN-0008 (stable)
2026-04-24,368.9041755873666,SYN-0008 (stable)
2026-04-25,358.1712746832008,SYN-0008 (stable)
2026-04-26,378.91818408976553,SYN-0008 (stable)
2026-04-27,372.57700996434767,SYN-0008 (stable)
2026-04-28,374.70121718391596,SYN-0008 (stable)
2026-04-29,362.6043248297739,SYN-0008 (stable)
2026-04-30,371.2322859931206,SYN-0008 (stable)
2026-05-01,366.81387932811157,SYN-0008 (stable)
2026-05-02,376.4627289261263,SYN-0008 (stable)
2026-05-03,378.7390013156889,SYN-0008 (stable)
2026-05-04,380.9605901602655,SYN-0008 (stable)
2026-05-05,368.84836304934106,SYN-0008 (stable)
2026-05-06,375.1880800280176,SYN-0008 (stable)
2026-05-07,368.62652987612233,SYN-0008 (stable)
2026-05-08,369.35054416330127,SYN-0008 (stable)
2026-05-09,371.2650342362137,SYN-0008 (stable)
2026-05-10,375.1305409969771,SYN-0008 (stable)
2026-05-11,372.9924053174154,SYN-0008 (stable)
2026-05-12,369.55095698251034,SYN-0008 (stable)
2026-05-13,378.20853630068893,SYN-0008 (stable)
2026-05-14,371.93982207654653,SYN-0008 (stable)
2026-05-15,361.67756700803,SYN-0008 (stable)
2026-05-16,388.5924071268284,SYN-0008 (stable)
2026-05-17,383.61173123596035,SYN-0008 (stable)
2026-05-18,367.4201836762818,SYN-0008 (stable)
2026-05-19,369.86406251912734,SYN-0008 (stable)
2026-05-20,373.47819782474863,SYN-0008 (stable)
2026-05-21,383.35326748649203,SYN-0008 (stable)
2026-05-22,373.4592587449035,SYN-0008 (stable)
2026-05-23,375.20372496716595,SYN-0008 (stable)
2026-05-24,378.30445526580365,SYN-0008 (stable)
2026-05-25,371.26383847503246,SYN-0008 (stable)
2026-05-26,363.6409695372253,SYN-0008 (stable)
2026-05-27,371.40679555036326,SYN-0008 (stable)
2026-05-28,363.76849515549753,SYN-0008 (stable)
2026-05-29,384.88686760314727,SYN-0008 (stable)
2026-05-30,380.5442148983472,SYN-0008 (stable)
2026-05-31,379.79979739444593,SYN-0008 (stable)
2026-06-01,392.62496671565594,SYN-0008 (stable)
2026-06-02,377.5208257407832,SYN-0008 (stable)
2026-06-03,375.0617676442915,SYN-0008 (stable)
2026-06-04,370.7267644463395,SYN-0008 (stable)
2026-06-05,375.25854118953265,SYN-0008 (stable)
2026-06-06,363.20916889590563,SYN-0008 (stable)
2026-06-07,385.27741389689805,SYN-0008 (stable)
2026-06-08,374.0086345171432,SYN-0008 (stable)
2026-06-09,380.9302163944593,SYN-0008 (stable)
2026-06-10,376.25781500653574,SYN-0008 (stable)
2026-06-11,363.83784662497163,SYN-0008 (stable)
2026-06-12,376.65966674352313,SYN-0008 (stable)
2026-06-13,375.33491454408687,SYN-0008 (stable)
2026-06-14,365.84700826415883,SYN-0008 (stable)
2026-06-15,366.5478255809314,SYN-0008 (stable)
2026-06-16,375.73440151221314,SYN-0008 (stable)
2026-06-17,382.58303785865314,SYN-0008 (stable)
2026-06-18,385.7411285246421,SYN-0008 (stable)
2026-06-19,377.9346465646725,SYN-0008 (stable)
2026-06-20,379.7246283205091,SYN-0008 (stable)
2026-06-21,369.5696701982215,SYN-0008 (stable)
2026-06-22,371.98536383777554,SYN-0008 (stable)
2026-06-23,374.5305137794253,SYN-0008 (stable)
2026-06-24,373.2606716162015,SYN-0008 (stable)
2026-06-25,376.94600112115234,SYN-0008 (stable)
2026-06-26,376.4269101883852,SYN-0008 (stable)
2026-06-27,389.7720644979683,SYN-0008 (stable)
2026-06-28,385.46053253847947,SYN-0008 (stable)
2026-06-29,375.96744194084596,SYN-0008 (stable)
2026-06-30,376.57775057787404,SYN-0008 (stable)
2026-07-01,378.29284276256493,SYN-0008 (stable)
2026-07-02,373.37737402261024,SYN-0008 (stable)
2026-07-03,371.8521734460986,SYN-0008 (stable)
2026-07-04,365.66370918206076,SYN-0008 (stable)
2026-07-05,369.9246652776732,SYN-0008 (stable)
2026-07-06,373.5964221148548,SYN-0008 (stable)
2026-07-07,370.73507071787634,SYN-0008 (stable)
2026-07-08,371.74962935185795,SYN-0008 (stable)
2026-07-09,366.3981656091252,SYN-0008 (stable)
2026-07-10,366.3427004982669,SYN-0008 (stable)
2026-07-11,373.4367548849249,SYN-0008 (stable)
2026-07-12,374.4201036534058,SYN-0008 (stable)
2026-07-13,378.8268669259185,SYN-0008 (stable)
2026-07-14,376.9198285828551,SYN-0008 (stable)
2026-07-15,375.88523677395057,SYN-0008 (stable)
2026-07-16,368.8845860798494,SYN-0008 (stable)
2026-07-17,370.06246601588117,SYN-0008 (stable)
2026-07-18,370.00873544379965,SYN-0008 (stable)
2026-07-19,381.35583087337733,SYN-0008 (stable)
2026-07-20,385.70239765322265,SYN-0008 (stable)
2026-07-21,369.1987065047266,SYN-0008 (stable)
2026-07-22,372.47350412992694,SYN-0008 (stable)
2026-07-23,368.84086279385286,SYN-0008 (stable)
2026-07-24,381.098125512483,SYN-0008 (stable)
2026-07-25,378.0467942986423,SYN-0008 (stable)
2026-07-26,375.78140521797957,SYN-0008 (stable)
2026-07-27,371.40322072909663,SYN-0008 (stable)
2026-07-28,387.6762857975649,SYN-0008 (stable)
2026-07-29,368.26203368739596,SYN-0008 (stable)
2026-07-30,373.35404793256254,SYN-0008 (stable)
2026-07-31,364.97308144084315,SYN-0008 (stable)
2026-08-01,371.95734595365474,SYN-0008 (stable)
2026-08-02,373.155826113139,SYN-0008 (stable)
2026-08-03,375.85485152383853,SYN-0008 (stable)
2026-08-04,379.5932025524642,SYN-0008 (stable)
2026-08-05,361.36993068573867,SYN-0008 (stable)
2026-08-06,382.6054213603412,SYN-0008 (stable)
2026-08-07,360.5828917747313,SYN-0008 (stable)
2026-08-08,357.17150018878783,SYN-0008 (stable)
2026-08-09,370.42826660664207,SYN-0008 (stable)
2026-08-10,372.64046881901425,SYN-0008 (stable)
2026-08-11,358.65123908763417,SYN-0008 (stable)
2026-08-12,376.74584932079375,SYN-0008 (stable)
2026-08-13,378.28822782314086,SYN-0008 (stable)
2026-08-14,384.4925139027194,SYN-0008 (stable)
2026-08-15,379.16990711506946,SYN-0008 (stable)
2026-05-05,342.585129274934,SYN-0009 (stable)
2026-05-06,338.49742444542346,SYN-0009 (stable)
2026-05-07,345.3252628119248,SYN-0009 (stable)
2026-05-08,339.9629809743115,SYN-0009 (stable)
2026-05-09,335.67427502457963,SYN-0009 (stable)
2026-05-10,347.1079765481833,SYN-0009 (stable)
2026-05-11,351.80813091993343,SYN-0009 (stable)
2026-05-12,350.16057885379274,SYN-0009 (stable)
2026-05-13,340.8571449301953,SYN-0009 (stable)
2026-05-14,337.4242606394256,SYN-0009 (stable)
2026-05-15,349.4280181549848,SYN-0009 (stable)
2026-05-16,335.47562900861465,SYN-0009 (stable)
2026-05-17,337.98470303154926,SYN-0009 (stable)
2026-05-18,346.7735047074928,SYN-0009 (stable)
2026-05-19,339.8207006881152,SYN-0009 (stable)
2026-05-20,337.7552791542297,SYN-0009 (stable)
2026-05-21,337.26436496959656,SYN-0009 (stable)
2026-05-22,351.25555590815287,SYN-0009 (stable)
2026-05-23,343.4716061480214,SYN-0009 (stable)
2026-05-24,334.6869546827928,SYN-0009 (stable)
2026-05-25,344.58079390931675,SYN-0009 (stable)
2026-05-26,346.2027088357595,SYN-0009 (stable)
2026-05-27,335.30512392343553,SYN-0009 (stable)
2026-05-28,336.3125446094643,SYN-0009 (stable)
2026-05-29,345.27097134284935,SYN-0009 (stable)
2026-05-30,340.72450288032,SYN-0009 (stable)
2026-05-31,341.85119856519606,SYN-0009 (stable)
2026-06-01,346.73092627365224,SYN-0009 (stable)
2026-06-02,330.2670023548479,SYN-0009 (stable)
2026-06-03,350.098227100196,SYN-0009 (stable)
2026-06-04,347.68810512486914,SYN-0009 (stable)
2026-06-05,336.356340407561,SYN-0009 (stable)
2026-06-06,344.59860824279144,SYN-0009 (stable)
2026-06-07,335.3889131042874,SYN-0009 (stable)
2026-06-08,336.9771305790372,SYN-0009 (stable)
2026-06-09,349.3383479758523,SYN-0009 (stable)
2026-06-10,341.11760331002756,SYN-0009 (stable)
2026-06-11,342.40043396963483,SYN-0009 (stable)
2026-06-12,333.940172779252,SYN-0009 (stable)
2026-06-13,351.1133820499679,SYN-0009 (stable)
2026-06-14,353.7771341304933,SYN-0009 (stable)
2026-06-15,341.0767011135958,SYN-0009 (stable)
2026-06-16,354.54699966700866,SYN-0009 (stable)
2026-06-17,342.178870945846,SYN-0009 (stable)
2026-06-18,338.82811290296445,SYN-0009 (stable)
2026-06-19,350.28463151164493,SYN-0009 (stable)
2026-06-20,353.71550007812414,SYN-0009 (stable)
2026-06-21,337.4390084955743,SYN-0009 (stable)
2026-06-22,348.83603583019504,SYN-0009 (stable)
2026-06-23,348.1811053858526,SYN-0009 (stable)
2026-06-24,342.6993449860936,SYN-0009 (stable)
2026-06-25,335.0389409433649,SYN-0009 (stable)
2026-06-26,349.0772333440779,SYN-0009 (stable)
2026-06-27,336.9521811341053,SYN-0009 (stable)
2026-06-28,339.6496444617527,SYN-0009 (stable)
2026-06-29,331.07827975490267,SYN-0009 (stable)
2026-06-30,360.96836216056533,SYN-0009 (stable)
2026-07-01,333.9689726125238,SYN-0009 (stable)
2026-07-02,331.8473152691634,SYN-0009 (stable)
2026-07-03,342.9452617467152,SYN-0009 (stable)
2026-07-04,344.20541883772455,SYN-0009 (stable)
2026-07-05,331.324968132022,SYN-0009 (stable)
2026-07-06,340.57758661979443,SYN-0009 (stable)
2026-07-07,347.5378585254843,SYN-0009 (stable)
2026-07-08,338.0345379799214,SYN-0009 (stable)
2026-07-09,343.3096311611252,SYN-0009 (stable)
2026-07-10,360.53637777437206,SYN-0009 (stable)
2026-07-11,339.6196704631303,SYN-0009 (stable)
2026-07-12,348.84690319366075,SYN-0009 (stable)
2026-07-13,343.365273536629,SYN-0009 (stable)
2026-07-14,352.48082068621153,SYN-0009 (stable)
2026-07-15,343.97119078381155,SYN-0009 (stable)
2026-07-16,341.1155510942932,SYN-0009 (stable)
2026-07-17,339.33031225007016,SYN-0009 (stable)
2026-07-18,334.3863438835173,SYN-0009 (stable)
2026-07-19,348.6112799757867,SYN-0009 (stable)
2026-07-20,339.34871251553903,SYN-0009 (stable)
2026-07-21,336.715541263662,SYN-0009 (stable)
2026-07-22,340.40792758361385,SYN-0009 (stable)
2026-07-23,336.83859057946324,SYN-0009 (stable)
2026-07-24,349.2991563812934,SYN-0009 (stable)
2026-07-25,340.6151263888771,SYN-0009 (stable)
2026-07-26,331.8425483908782,SYN-0009 (stable)
2026-07-27,330.19053325350177,SYN-0009 (stable)
2026-07-28,341.81878398480313,SYN-0009 (stable)
2026-07-29,329.9957489743351,SYN-0009 (stable)
2026-07-30,344.2995246230165,SYN-0009 (stable)
2026-07-31,340.89110024800993,SYN-0009 (stable)
2026-08-01,354.58312644864606,SYN-0009 (stable)
2026-08-02,340.3505329977898,SYN-0009 (stable)
2026-08-03,350.6352596861382,SYN-0009 (stable)
2026-08-04,345.9946594578528,SYN-0009 (stable)
2026-08-05,338.79452988158283,SYN-0009 (stable)
2026-08-06,338.9967395958966,SYN-0009 (stable)
2026-08-07,346.9176802525937,SYN-0009 (stable)
2026-08-08,349.04387309730174,SYN-0009 (stable)
2026-08-09,342.68433066874877,SYN-0009 (stable)
2026-08-10,338.96385596275564,SYN-0009 (stable)
2026-08-11,343.3715446486561,SYN-0009 (stable)
2026-08-12,346.6748092302113,SYN-0009 (stable)
2026-08-13,335.6294711405058,SYN-0009 (stable)
2026-08-14,343.18237106357344,SYN-0009 (stable)
2026-08-15,333.398916799534,SYN-0009 (stable)
2026-01-10,751.6638429316746,SYN-0010 (stable)
2026-01-11,766.9015547664767,SYN-0010 (stable)
2026-01-12,772.3633355309537,SYN-0010 (stable)
2026-01-13,779.7675156194945,SYN-0010 (stable)
2026-01-14,791.7512067429752,SYN-0010 (stable)
2026-01-15,773.8420310209191,SYN-0010 (stable)
2026-01-16,764.9934934086612,SYN-0010 (stable)
2026-01-17,797.1819643396635,SYN-0010 (stable)
2026-01-18,778.3436406062361,SYN-0010 (stable)
2026-01-19,777.194049366548,SYN-0010 (stable)
2026-01-20,812.2631733358681,SYN-0010 (stable)
2026-01-21,769.1502097471439,SYN-0010 (stable)
2026-01-22,792.4457442015422,SYN-0010 (stable)
2026-01-23,774.7139246151572,SYN-0010 (stable)
2026-01-24,783.5634169294959,SYN-0010 (stable)
2026-01-25,791.1423152015636,SYN-0010 (stable)
2026-01-26,777.8967326034083,SYN-0010 (stable)
2026-01-27,790.1948234736705,SYN-0010 (stable)
2026-01-28,800.8885692562675,SYN-0010 (stable)
2026-01-29,787.7680419907947,SYN-0010 (stable)
2026-01-30,757.7780902559962,SYN-0010 (stable)
2026-01-31,773.3736001234362,SYN-0010 (stable)
2026-02-01,758.3670388353208,SYN-0010 (stable)
2026-02-02,804.7395459025428,SYN-0010 (stable)
2026-02-03,800.5037998812293,SYN-0010 (stable)
2026-02-04,769.9900172173394,SYN-0010 (stable)
2026-02-05,746.3810399345537,SYN-0010 (stable)
2026-02-06,786.2668059478033,SYN-0010 (stable)
2026-02-07,792.0166944082127,SYN-0010 (stable)
2026-02-08,757.5529283556822,SYN-0010 (stable)
2026-02-09,764.2272173413098,SYN-0010 (stable)
2026-02-10,781.8115299938544,SYN-0010 (stable)
2026-02-11,794.1019022790238,SYN-0010 (stable)
2026-02-12,787.9700264674968,SYN-0010 (stable)
2026-02-13,764.8010794724206,SYN-0010 (stable)
2026-02-14,760.907174514532,SYN-0010 (stable)
2026-02-15,761.4395160066989,SYN-0010 (stable)
2026-02-16,776.3355484418283,SYN-0010 (stable)
2026-02-17,810.771709276514,SYN-0010 (stable)
2026-02-18,780.9210255921956,SYN-0010 (stable)
2026-02-19,761.368735127449,SYN-0010 (stable)
2026-02-20,780.1742309340648,SYN-0010 (stable)
2026-02-21,774.398889346106,SYN-0010 (stable)
2026-02-22,804.8947639743363,SYN-0010 (stable)
2026-02-23,791.4818589546101,SYN-0010 (stable)
2026-02-24,762.1031462891923,SYN-0010 (stable)
2026-02-25,781.5405236222983,SYN-0010 (stable)
2026-02-26,774.521807080565,SYN-0010 (stable)
2026-02-27,746.5610610975294,SYN-0010 (stable)
2026-02-28,778.8709844567567,SYN-0010 (stable)
2026-03-01,747.3905692043743,SYN-0010 (stable)
2026-03-02,780.9516121292045,SYN-0010 (stable)
2026-03-03,790.8857129536134,SYN-0010 (stable)
2026-03-04,791.9701349250196,SYN-0010 (stable)
2026-03-05,786.6170917122205,SYN-0010 (stable)
2026-03-06,786.7977345633851,SYN-0010 (stable)
2026-03-07,795.0334294960238,SYN-0010 (stable)
2026-03-08,769.3796198742245,SYN-0010 (stable)
2026-03-09,776.9089624540989,SYN-0010 (stable)
2026-03-10,785.7022371725378,SYN-0010 (stable)
2026-03-11,763.0656936259014,SYN-0010 (stable)
2026-03-12,799.3613172792399,SYN-0010 (stable)
2026-03-13,751.1664920150264,SYN-0010 (stable)
2026-03-14,753.6602592943667,SYN-0010 (stable)
2026-03-15,773.6879662207756,SYN-0010 (stable)
2026-03-16,777.3917490896943,SYN-0010 (stable)
2026-03-17,792.051989637565,SYN-0010 (stable)
2026-03-18,742.1783562872585,SYN-0010 (stable)
2026-03-19,782.9180897489229,SYN-0010 (stable)
2026-03-20,791.5179075131443,SYN-0010 (stable)
2026-03-21,767.4687509967,SYN-0010 (stable)
2026-03-22,794.4603848713983,SYN-0010 (stable)
2026-03-23,747.3073803277289,SYN-0010 (stable)
2026-03-24,792.7003848950991,SYN-0010 (stable)
2026-03-25,797.1837107014098,SYN-0010 (stable)
2026-03-26,784.2276310865794,SYN-0010 (stable)
2026-03-27,762.135641901663,SYN-0010 (stable)
2026-03-28,766.6665467096097,SYN-0010 (stable)
2026-03-29,783.4608530249068,SYN-0010 (stable)
2026-03-30,793.6757164880236,SYN-0010 (stable)
2026-03-31,780.954366293127,SYN-0010 (stable)
2026-04-01,802.1033080255244,SYN-0010 (stable)
2026-04-02,772.9034319729622,SYN-0010 (stable)
2026-04-03,771.6860096299382,SYN-0010 (stable)
2026-04-04,792.1039970642745,SYN-0010 (stable)
2026-04-05,790.8689900820757,SYN-0010 (stable)
2026-04-06,778.9974585742293,SYN-0010 (stable)
2026-04-07,760.1303499675537,SYN-0010 (stable)
2026-04-08,768.9448844379531,SYN-0010 (stable)
2026-04-09,767.2708782982238,SYN-0010 (stable)
2026-04-10,772.1716345620836,SYN-0010 (stable)
2026-04-11,807.2311898953875,SYN-0010 (stable)
2026-04-12,782.4965750047021,SYN-0010 (stable)
2026-04-13,792.1520322096567,SYN-0010 (stable)
2026-04-14,760.8896430646735,SYN-0010 (stable)
2026-04-15,762.9736821896087,SYN-0010 (stable)
2026-04-16,791.5330994508175,SYN-0010 (stable)
2026-04-17,759.6931250072201,SYN-0010 (stable)
2026-04-18,778.795143839368,SYN-0010 (stable)
2026-04-19,772.6182428937498,SYN-0010 (stable)
2026-04-20,787.1581195555964,SYN-0010 (stable)
2026-04-21,771.0802947718261,SYN-0010 (stable)
2026-04-22,790.3790428732323,SYN-0010 (stable)
2026-04-23,784.2997835056193,SYN-0010 (stable)
2026-04-24,770.2471921521768,SYN-0010 (stable)
2026-04-25,774.7373671294282,SYN-0010 (stable)
2026-04-26,788.9329965035314,SYN-0010 (stable)
2026-04-27,776.3486978232269,SYN-0010 (stable)
2026-04-28,734.884967828864,SYN-0010 (stable)
2026-04-29,777.770447392603,SYN-0010 (stable)
2026-04-30,793.2471947363983,SYN-0010 (stable)
2026-05-01,774.0051171546125,SYN-0010 (stable)
2026-05-02,821.5168460229207,SYN-0010 (stable)
2026-05-03,784.1260610133678,SYN-0010 (stable)
2026-05-04,761.8516918445546,SYN-0010 (stable)
2026-05-05,764.9689656961841,SYN-0010 (stable)
2026-05-06,790.5062368697697,SYN-0010 (stable)
2026-05-07,792.8709615639249,SYN-0010 (stable)
2026-05-08,762.9281933029332,SYN-0010 (stable)
2026-05-09,798.6246003603752,SYN-0010 (stable)
2026-05-10,760.6258698741243,SYN-0010 (stable)
2026-05-11,748.8630107616399,SYN-0010 (stable)
2026-05-12,769.243573115468,SYN-0010 (stable)
2026-05-13,765.1921503123888,SYN-0010 (stable)
2026-05-14,780.0651893630369,SYN-0010 (stable)
2026-05-15,744.5454905838171,SYN-0010 (stable)
2026-05-16,767.7924256661589,SYN-0010 (stable)
2026-05-17,768.1272546075334,SYN-0010 (stable)
2026-05-18,770.3063368950884,SYN-0010 (stable)
2026-05-19,790.8222894536098,SYN-0010 (stable)
2026-05-20,743.2967057081491,SYN-0010 (stable)
2026-05-21,787.3149710347294,SYN-0010 (stable)
2026-05-22,774.9255662252733,SYN-0010 (stable)
2026-05-23,767.7249210328891,SYN-0010 (stable)
2026-05-24,768.9736578790222,SYN-0010 (stable)
2026-05-25,789.1962853748229,SYN-0010 (stable)
2026-05-26,760.0462799921846,SYN-0010 (stable)
2026-05-27,785.2675543044892,SYN-0010 (stable)
2026-05-28,765.0981922104583,SYN-0010 (stable)
2026-05-29,789.7268756282442,SYN-0010 (stable)
2026-05-30,775.8947121021392,SYN-0010 (stable)
2026-05-31,776.339079512545,SYN-0010 (stable)
2026-06-01,787.1826153084629,SYN-0010 (stable)
2026-06-02,781.1593514756893,SYN-0010 (stable)
2026-06-03,795.3494047741344,SYN-0010 (stable)
2026-06-04,790.5886512388383,SYN-0010 (stable)
2026-06-05,785.390618570375,SYN-0010 (stable)
2026-06-06,776.8176051182761,SYN-0010 (stable)
2026-06-07,793.1444584955387,SYN-0010 (stable)
2026-06-08,783.06658249387,SYN-0010 (stable)
2026-06-09,747.3530800893161,SYN-0010 (stable)
2026-06-10,781.0672330454429,SYN-0010 (stable)
2026-06-11,778.6302672996574,SYN-0010 (stable)
2026-06-12,792.7948283141585,SYN-0010 (stable)
2026-06-13,776.1055387708918,SYN-0010 (stable)
2026-06-14,791.03910576322,SYN-0010 (stable)
2026-06-15,753.459615670853,SYN-0010 (stable)
2026-06-16,777.7019498969088,SYN-0010 (stable)
2026-06-17,758.4642479160834,SYN-0010 (stable)
2026-06-18,785.3934682121447,SYN-0010 (stable)
2026-06-19,733.1073374347611,SYN-0010 (stable)
2026-06-20,772.3796373900137,SYN-0010 (stable)
2026-06-21,779.0173811929784,SYN-0010 (stable)
2026-06-22,777.9157090205425,SYN-0010 (stable)
2026-06-23,771.7844420313721,SYN-0010 (stable)
2026-06-24,786.9758333327377,SYN-0010 (stable)
2026-06-25,817.8720013960339,SYN-0010 (stable)
2026-06-26,755.6061899753287,SYN-0010 (stable)
2026-06-27,802.337532488359,SYN-0010 (stable)
2026-06-28,773.9036259092986,SYN-0010 (stable)
2026-06-29,782.5819660422505,SYN-0010 (stable)
2026-06-30,771.0614122200365,SYN-0010 (stable)
2026-07-01,759.0256611452022,SYN-0010 (stable)
2026-07-02,768.8474406546945,SYN-0010 (stable)
2026-07-03,778.0080595970763,SYN-0010 (stable)
2026-07-04,749.658625710046,SYN-0010 (stable)
2026-07-05,779.5937601042796,SYN-0010 (stable)
2026-07-06,778.9607557027246,SYN-0010 (stable)
2026-07-07,757.325822063352,SYN-0010 (stable)
2026-07-08,783.6804746416825,SYN-0010 (stable)
2026-07-09,773.8015690518893,SYN-0010 (stable)
2026-07-10,774.019894974299,SYN-0010 (stable)
2026-07-11,762.3137983784309,SYN-0010 (stable)
2026-07-12,761.3826343489905,SYN-0010 (stable)
2026-07-13,801.9593360380095,SYN-0010 (stable)
2026-07-14,768.5006924580656,SYN-0010 (stable)
2026-07-15,750.6417444364249,SYN-0010 (stable)
2026-07-16,787.2793083681734,SYN-0010 (stable)
2026-07-17,774.3261024380756,SYN-0010 (stable)
2026-07-18,788.0198045997366,SYN-0010 (stable)
2026-07-19,783.7448403912176,SYN-0010 (stable)
2026-07-20,791.2533065044695,SYN-0010 (stable)
2026-07-21,770.403412521843,SYN-0010 (stable)
2026-07-22,753.8038070357104,SYN-0010 (stable)
2026-07-23,788.4849099780796,SYN-0010 (stable)
2026-07-24,796.6705333415085,SYN-0010 (stable)
2026-07-25,772.9247086820575,SYN-0010 (stable)
2026-07-26,759.9493107030197,SYN-0010 (stable)
2026-07-27,771.1060840001695,SYN-0010 (stable)
2026-07-28,768.0378386441596,SYN-0010 (stable)
2026-07-29,785.5343626921086,SYN-0010 (stable)
2026-07-30,745.2943941838732,SYN-0010 (stable)
2026-07-31,767.341164373616,SYN-0010 (stable)
2026-08-01,805.5459793102675,SYN-0010 (stable)
2026-08-02,781.819944524785,SYN-0010 (stable)
2026-08-03,775.6541490869926,SYN-0010 (stable)
2026-08-04,781.3973844976787,SYN-0010 (stable)
2026-08-05,763.5955513839957,SYN-0010 (stable)
2026-08-06,793.716832536683,SYN-0010 (stable)
2026-08-07,799.6138641187073,SYN-0010 (stable)
2026-08-08,789.8824814171762,SYN-0010 (stable)
2026-08-09,755.1641491230076,SYN-0010 (stable)
2026-08-10,797.7122418585602,SYN-0010 (stable)
2026-08-11,771.2426341059708,SYN-0010 (stable)
2026-08-12,780.3055324580924,SYN-0010 (stable)
2026-08-13,781.0038506458549,SYN-0010 (stable)
2026-08-14,761.1092169549122,SYN-0010 (stable)
2026-08-15,748.2819519519878,SYN-0010 (stable)
2026-04-24,450.6623165691743,SYN-0011 (genuine_discount)
2026-04-25,431.73308440495344,SYN-0011 (genuine_discount)
2026-04-26,444.98096577776624,SYN-0011 (genuine_discount)
2026-04-27,450.62866505750316,SYN-0011 (genuine_discount)
2026-04-28,438.8744515940792,SYN-0011 (genuine_discount)
2026-04-29,456.44585857606035,SYN-0011 (genuine_discount)
2026-04-30,435.83222022187846,SYN-0011 (genuine_discount)
2026-05-01,438.2115989784792,SYN-0011 (genuine_discount)
2026-05-02,430.0113368542943,SYN-0011 (genuine_discount)
2026-05-03,449.4301071239439,SYN-0011 (genuine_discount)
2026-05-04,443.201917361164,SYN-0011 (genuine_discount)
2026-05-05,445.19763106374967,SYN-0011 (genuine_discount)
2026-05-06,437.36872969597,SYN-0011 (genuine_discount)
2026-05-07,446.62955829849113,SYN-0011 (genuine_discount)
2026-05-08,436.7941410247989,SYN-0011 (genuine_discount)
2026-05-09,432.52394904777015,SYN-0011 (genuine_discount)
2026-05-10,428.55079165962394,SYN-0011 (genuine_discount)
2026-05-11,443.1635851724386,SYN-0011 (genuine_discount)
2026-05-12,441.84939125843675,SYN-0011 (genuine_discount)
2026-05-13,451.01980415996525,SYN-0011 (genuine_discount)
2026-05-14,427.0674081826016,SYN-0011 (genuine_discount)
2026-05-15,440.9836285015329,SYN-0011 (genuine_discount)
2026-05-16,443.62065095653753,SYN-0011 (genuine_discount)
2026-05-17,451.59043631800023,SYN-0011 (genuine_discount)
2026-05-18,439.9255247910069,SYN-0011 (genuine_discount)
2026-05-19,442.65441859456354,SYN-0011 (genuine_discount)
2026-05-20,426.07028901843165,SYN-0011 (genuine_discount)
2026-05-21,440.06596494365937,SYN-0011 (genuine_discount)
2026-05-22,439.7901412518676,SYN-0011 (genuine_discount)
2026-05-23,436.9626632859849,SYN-0011 (genuine_discount)
2026-05-24,441.138600483193,SYN-0011 (genuine_discount)
2026-05-25,436.26617273087436,SYN-0011 (genuine_discount)
2026-05-26,459.35262887046906,SYN-0011 (genuine_discount)
2026-05-27,448.25705035398124,SYN-0011 (genuine_discount)
2026-05-28,427.7977755373816,SYN-0011 (genuine_discount)
2026-05-29,449.70322737243833,SYN-0011 (genuine_discount)
2026-05-30,452.32086595000834,SYN-0011 (genuine_discount)
2026-05-31,439.4615941530799,SYN-0011 (genuine_discount)
2026-06-01,437.232382642006,SYN-0011 (genuine_discount)
2026-06-02,443.591217410309,SYN-0011 (genuine_discount)
2026-06-03,428.4688703158462,SYN-0011 (genuine_discount)
2026-06-04,441.8328246225543,SYN-0011 (genuine_discount)
2026-06-05,441.48565727108354,SYN-0011 (genuine_discount)
2026-06-06,446.8259624330865,SYN-0011 (genuine_discount)
2026-06-07,445.89133079370714,SYN-0011 (genuine_discount)
2026-06-08,446.53217095989385,SYN-0011 (genuine_discount)
2026-06-09,433.8321949763686,SYN-0011 (genuine_discount)
2026-06-10,446.26395577839,SYN-0011 (genuine_discount)
2026-06-11,439.47842644322225,SYN-0011 (genuine_discount)
2026-06-12,446.084120683324,SYN-0011 (genuine_discount)
2026-06-13,444.5558660474531,SYN-0011 (genuine_discount)
2026-06-14,444.4849437176406,SYN-0011 (genuine_discount)
2026-06-15,435.2351628600187,SYN-0011 (genuine_discount)
2026-06-16,452.94068110389503,SYN-0011 (genuine_discount)
2026-06-17,438.3968577188471,SYN-0011 (genuine_discount)
2026-06-18,446.2028638054112,SYN-0011 (genuine_discount)
2026-06-19,432.4472952704559,SYN-0011 (genuine_discount)
2026-06-20,447.13385577929245,SYN-0011 (genuine_discount)
2026-06-21,429.1107074251102,SYN-0011 (genuine_discount)
2026-06-22,433.8203434006173,SYN-0011 (genuine_discount)
2026-06-23,447.00821002311125,SYN-0011 (genuine_discount)
2026-06-24,438.58210553243885,SYN-0011 (genuine_discount)
2026-06-25,430.82984907746095,SYN-0011 (genuine_discount)
2026-06-26,428.68716119839536,SYN-0011 (genuine_discount)
2026-06-27,437.8496640545347,SYN-0011 (genuine_discount)
2026-06-28,432.72085511592616,SYN-0011 (genuine_discount)
2026-06-29,426.9005661054826,SYN-0011 (genuine_discount)
2026-06-30,443.7650915886764,SYN-0011 (genuine_discount)
2026-07-01,443.09204632871337,SYN-0011 (genuine_discount)
2026-07-02,434.85640070822,SYN-0011 (genuine_discount)
2026-07-03,427.00867065719507,SYN-0011 (genuine_discount)
2026-07-04,455.5238089753499,SYN-0011 (genuine_discount)
2026-07-05,430.42494725635333,SYN-0011 (genuine_discount)
2026-07-06,444.4996121105183,SYN-0011 (genuine_discount)
2026-07-07,436.3569109698638,SYN-0011 (genuine_discount)
2026-07-08,447.8465103703892,SYN-0011 (genuine_discount)
2026-07-09,432.20090216916896,SYN-0011 (genuine_discount)
2026-07-10,448.095757824731,SYN-0011 (genuine_discount)
2026-07-11,448.3179459900592,SYN-0011 (genuine_discount)
2026-07-12,445.4285558082719,SYN-0011 (genuine_discount)
2026-07-13,439.7965827749802,SYN-0011 (genuine_discount)
2026-07-14,434.6761100399815,SYN-0011 (genuine_discount)
2026-07-15,446.17999544228076,SYN-0011 (genuine_discount)
2026-07-16,448.61682440949266,SYN-0011 (genuine_discount)
2026-07-17,432.6345555579992,SYN-0011 (genuine_discount)
2026-07-18,441.84434585043795,SYN-0011 (genuine_discount)
2026-07-19,435.67524560383055,SYN-0011 (genuine_discount)
2026-07-20,443.9966136175531,SYN-0011 (genuine_discount)
2026-07-21,434.5069946638068,SYN-0011 (genuine_discount)
2026-07-22,427.68645694717765,SYN-0011 (genuine_discount)
2026-07-23,431.20446282724726,SYN-0011 (genuine_discount)
2026-07-24,427.7678710748128,SYN-0011 (genuine_discount)
2026-07-25,442.908947653177,SYN-0011 (genuine_discount)
2026-07-26,443.47992062072916,SYN-0011 (genuine_discount)
2026-07-27,431.1341335210206,SYN-0011 (genuine_discount)
2026-07-28,446.6982839971368,SYN-0011 (genuine_discount)
2026-07-29,424.7850425581825,SYN-0011 (genuine_discount)
2026-07-30,437.47028613042977,SYN-0011 (genuine_discount)
2026-07-31,448.7071804607494,SYN-0011 (genuine_discount)
2026-08-01,428.5503685375017,SYN-0011 (genuine_discount)
2026-08-02,447.67586677857685,SYN-0011 (genuine_discount)
2026-08-03,438.8594614129705,SYN-0011 (genuine_discount)
2026-08-04,453.1921321226832,SYN-0011 (genuine_discount)
2026-08-05,431.264324495133,SYN-0011 (genuine_discount)
2026-08-06,442.70912637026214,SYN-0011 (genuine_discount)
2026-08-07,432.72894990203804,SYN-0011 (genuine_discount)
2026-08-08,424.8726776470741,SYN-0011 (genuine_discount)
2026-08-09,432.0830297414703,SYN-0011 (genuine_discount)
2026-08-10,439.099694435901,SYN-0011 (genuine_discount)
2026-08-11,320.6124523456031,SYN-0011 (genuine_discount)
2026-08-12,327.7545280542266,SYN-0011 (genuine_discount)
2026-08-13,332.21269183021764,SYN-0011 (genuine_discount)
2026-08-14,320.3414373142351,SYN-0011 (genuine_discount)
2026-08-15,336.3229836739595,SYN-0011 (genuine_discount)
2026-05-08,713.7668999651727,SYN-0012 (genuine_discount)
2026-05-09,692.3126833883723,SYN-0012 (genuine_discount)
2026-05-10,695.7583292246906,SYN-0012 (genuine_discount)
2026-05-11,726.6228705324223,SYN-0012 (genuine_discount)
2026-05-12,696.8712127732853,SYN-0012 (genuine_discount)
2026-05-13,676.0390285579998,SYN-0012 (genuine_discount)
2026-05-14,705.0812492763828,SYN-0012 (genuine_discount)
2026-05-15,686.5031601066944,SYN-0012 (genuine_discount)
2026-05-16,713.2195070576677,SYN-0012 (genuine_discount)
2026-05-17,714.4354510297234,SYN-0012 (genuine_discount)
2026-05-18,722.2243988916186,SYN-0012 (genuine_discount)
2026-05-19,699.3088105793461,SYN-0012 (genuine_discount)
2026-05-20,718.0197277225664,SYN-0012 (genuine_discount)
2026-05-21,713.3325802033011,SYN-0012 (genuine_discount)
2026-05-22,697.5770511103161,SYN-0012 (genuine_discount)
2026-05-23,690.6502629663551,SYN-0012 (genuine_discount)
2026-05-24,712.1056896926165,SYN-0012 (genuine_discount)
2026-05-25,711.1817742156456,SYN-0012 (genuine_discount)
2026-05-26,710.885497578855,SYN-0012 (genuine_discount)
2026-05-27,704.4104640745384,SYN-0012 (genuine_discount)
2026-05-28,707.9679888139128,SYN-0012 (genuine_discount)
2026-05-29,706.0953650407148,SYN-0012 (genuine_discount)
2026-05-30,699.8837671852305,SYN-0012 (genuine_discount)
2026-05-31,702.183372695393,SYN-0012 (genuine_discount)
2026-06-01,701.0859421236668,SYN-0012 (genuine_discount)
2026-06-02,707.8540476000048,SYN-0012 (genuine_discount)
2026-06-03,703.1503857996895,SYN-0012 (genuine_discount)
2026-06-04,691.5457744412189,SYN-0012 (genuine_discount)
2026-06-05,695.9980217150708,SYN-0012 (genuine_discount)
2026-06-06,686.0763117772929,SYN-0012 (genuine_discount)
2026-06-07,710.7386758820523,SYN-0012 (genuine_discount)
2026-06-08,695.7508849890504,SYN-0012 (genuine_discount)
2026-06-09,689.1041942091222,SYN-0012 (genuine_discount)
2026-06-10,713.7728086325526,SYN-0012 (genuine_discount)
2026-06-11,698.9165676014404,SYN-0012 (genuine_discount)
2026-06-12,696.5922884880206,SYN-0012 (genuine_discount)
2026-06-13,686.2847005115141,SYN-0012 (genuine_discount)
2026-06-14,690.5861336297615,SYN-0012 (genuine_discount)
2026-06-15,720.1243728471698,SYN-0012 (genuine_discount)
2026-06-16,701.3227453526094,SYN-0012 (genuine_discount)
2026-06-17,724.1305503559994,SYN-0012 (genuine_discount)
2026-06-18,683.897391032749,SYN-0012 (genuine_discount)
2026-06-19,695.7620456067214,SYN-0012 (genuine_discount)
2026-06-20,745.4202214798039,SYN-0012 (genuine_discount)
2026-06-21,720.6200130081548,SYN-0012 (genuine_discount)
2026-06-22,705.4530022210855,SYN-0012 (genuine_discount)
2026-06-23,711.7707917427115,SYN-0012 (genuine_discount)
2026-06-24,703.4721924939433,SYN-0012 (genuine_discount)
2026-06-25,707.9891914738254,SYN-0012 (genuine_discount)
2026-06-26,720.5965568827979,SYN-0012 (genuine_discount)
2026-06-27,712.0643057561305,SYN-0012 (genuine_discount)
2026-06-28,713.4162402158308,SYN-0012 (genuine_discount)
2026-06-29,683.4122543387547,SYN-0012 (genuine_discount)
2026-06-30,707.5500372441207,SYN-0012 (genuine_discount)
2026-07-01,711.7597435733128,SYN-0012 (genuine_discount)
2026-07-02,718.0405817173897,SYN-0012 (genuine_discount)
2026-07-03,718.1106262104474,SYN-0012 (genuine_discount)
2026-07-04,702.0123713295445,SYN-0012 (genuine_discount)
2026-07-05,688.9693933533805,SYN-0012 (genuine_discount)
2026-07-06,687.4465209035218,SYN-0012 (genuine_discount)
2026-07-07,691.4784403762945,SYN-0012 (genuine_discount)
2026-07-08,711.6742045629211,SYN-0012 (genuine_discount)
2026-07-09,737.2505385205839,SYN-0012 (genuine_discount)
2026-07-10,716.437273249755,SYN-0012 (genuine_discount)
2026-07-11,720.4767008832858,SYN-0012 (genuine_discount)
2026-07-12,694.4017853648994,SYN-0012 (genuine_discount)
2026-07-13,710.1462976528867,SYN-0012 (genuine_discount)
2026-07-14,722.3022576939213,SYN-0012 (genuine_discount)
2026-07-15,716.7358168529125,SYN-0012 (genuine_discount)
2026-07-16,706.5412224102039,SYN-0012 (genuine_discount)
2026-07-17,693.1122708065886,SYN-0012 (genuine_discount)
2026-07-18,679.6009727696312,SYN-0012 (genuine_discount)
2026-07-19,717.9305559739413,SYN-0012 (genuine_discount)
2026-07-20,724.1728124842092,SYN-0012 (genuine_discount)
2026-07-21,716.5012920434071,SYN-0012 (genuine_discount)
2026-07-22,723.9883269544621,SYN-0012 (genuine_discount)
2026-07-23,721.9336165085864,SYN-0012 (genuine_discount)
2026-07-24,717.0850969319202,SYN-0012 (genuine_discount)
2026-07-25,710.8381794473877,SYN-0012 (genuine_discount)
2026-07-26,728.3955152417301,SYN-0012 (genuine_discount)
2026-07-27,727.118982333271,SYN-0012 (genuine_discount)
2026-07-28,683.7206693265057,SYN-0012 (genuine_discount)
2026-07-29,689.3642266110398,SYN-0012 (genuine_discount)
2026-07-30,707.151924093655,SYN-0012 (genuine_discount)
2026-07-31,687.1828259312887,SYN-0012 (genuine_discount)
2026-08-01,698.6000812015637,SYN-0012 (genuine_discount)
2026-08-02,691.8593467263903,SYN-0012 (genuine_discount)
2026-08-03,719.2325060911198,SYN-0012 (genuine_discount)
2026-08-04,709.6473388038569,SYN-0012 (genuine_discount)
2026-08-05,704.369113025206,SYN-0012 (genuine_discount)
2026-08-06,689.0439352182149,SYN-0012 (genuine_discount)
2026-08-07,724.6852812500109,SYN-0012 (genuine_discount)
2026-08-08,693.8767216086658,SYN-0012 (genuine_discount)
2026-08-09,730.5905004642482,SYN-0012 (genuine_discount)
2026-08-10,711.9173572199746,SYN-0012 (genuine_discount)
2026-08-11,483.24711020757456,SYN-0012 (genuine_discount)
2026-08-12,502.2108298435508,SYN-0012 (genuine_discount)
2026-08-13,479.7086475259708,SYN-0012 (genuine_discount)
2026-08-14,521.4423195903012,SYN-0012 (genuine_discount)
2026-08-15,466.4939407218486,SYN-0012 (genuine_discount)
2026-02-06,606.5327516797622,SYN-0013 (genuine_discount)
2026-02-07,607.8255097829222,SYN-0013 (genuine_discount)
2026-02-08,556.8559423839305,SYN-0013 (genuine_discount)
2026-02-09,574.8240049155428,SYN-0013 (genuine_discount)
2026-02-10,583.3475335812411,SYN-0013 (genuine_discount)
2026-02-11,599.5886002448261,SYN-0013 (genuine_discount)
2026-02-12,628.0355836696325,SYN-0013 (genuine_discount)
2026-02-13,599.8643656050198,SYN-0013 (genuine_discount)
2026-02-14,597.7874444869789,SYN-0013 (genuine_discount)
2026-02-15,590.241779256347,SYN-0013 (genuine_discount)
2026-02-16,592.1924354609886,SYN-0013 (genuine_discount)
2026-02-17,589.0077978948888,SYN-0013 (genuine_discount)
2026-02-18,600.8304766988884,SYN-0013 (genuine_discount)
2026-02-19,598.2694540718612,SYN-0013 (genuine_discount)
2026-02-20,596.4140524648586,SYN-0013 (genuine_discount)
2026-02-21,601.1658774585227,SYN-0013 (genuine_discount)
2026-02-22,605.7792722528548,SYN-0013 (genuine_discount)
2026-02-23,597.6873705176178,SYN-0013 (genuine_discount)
2026-02-24,567.0619466237807,SYN-0013 (genuine_discount)
2026-02-25,596.0891506030857,SYN-0013 (genuine_discount)
2026-02-26,567.2783981163742,SYN-0013 (genuine_discount)
2026-02-27,576.8672945128216,SYN-0013 (genuine_discount)
2026-02-28,571.9717815174923,SYN-0013 (genuine_discount)
2026-03-01,606.6900570781787,SYN-0013 (genuine_discount)
2026-03-02,588.9628196968596,SYN-0013 (genuine_discount)
2026-03-03,590.981403070419,SYN-0013 (genuine_discount)
2026-03-04,606.7209247978028,SYN-0013 (genuine_discount)
2026-03-05,595.9051674575663,SYN-0013 (genuine_discount)
2026-03-06,572.2897702155916,SYN-0013 (genuine_discount)
2026-03-07,575.8947019349289,SYN-0013 (genuine_discount)
2026-03-08,616.5410077360314,SYN-0013 (genuine_discount)
2026-03-09,615.757122403753,SYN-0013 (genuine_discount)
2026-03-10,590.3513945972323,SYN-0013 (genuine_discount)
2026-03-11,597.1218053845859,SYN-0013 (genuine_discount)
2026-03-12,570.4339949682787,SYN-0013 (genuine_discount)
2026-03-13,591.5255202093086,SYN-0013 (genuine_discount)
2026-03-14,588.9156704857418,SYN-0013 (genuine_discount)
2026-03-15,583.8779198565429,SYN-0013 (genuine_discount)
2026-03-16,596.950077233451,SYN-0013 (genuine_discount)
2026-03-17,594.4509143631934,SYN-0013 (genuine_discount)
2026-03-18,601.2366741144573,SYN-0013 (genuine_discount)
2026-03-19,597.1810055919625,SYN-0013 (genuine_discount)
2026-03-20,587.0005719772349,SYN-0013 (genuine_discount)
2026-03-21,587.8682614710882,SYN-0013 (genuine_discount)
2026-03-22,585.0351494572467,SYN-0013 (genuine_discount)
2026-03-23,606.7034600322147,SYN-0013 (genuine_discount)
2026-03-24,610.5660935199394,SYN-0013 (genuine_discount)
2026-03-25,599.8951395202463,SYN-0013 (genuine_discount)
2026-03-26,596.2661845206069,SYN-0013 (genuine_discount)
2026-03-27,607.5097540594547,SYN-0013 (genuine_discount)
2026-03-28,586.8015641948548,SYN-0013 (genuine_discount)
2026-03-29,585.4178768704511,SYN-0013 (genuine_discount)
2026-03-30,602.4253874157905,SYN-0013 (genuine_discount)
2026-03-31,601.6676496349422,SYN-0013 (genuine_discount)
2026-04-01,590.1674409035113,SYN-0013 (genuine_discount)
2026-04-02,600.2752011382187,SYN-0013 (genuine_discount)
2026-04-03,585.4861340218656,SYN-0013 (genuine_discount)
2026-04-04,594.9689116634335,SYN-0013 (genuine_discount)
2026-04-05,594.5293723006007,SYN-0013 (genuine_discount)
2026-04-06,573.2096786309584,SYN-0013 (genuine_discount)
2026-04-07,577.8932986129471,SYN-0013 (genuine_discount)
2026-04-08,595.3686252576497,SYN-0013 (genuine_discount)
2026-04-09,597.2420935917108,SYN-0013 (genuine_discount)
2026-04-10,601.3405444036579,SYN-0013 (genuine_discount)
2026-04-11,584.8665356373209,SYN-0013 (genuine_discount)
2026-04-12,579.5117869726465,SYN-0013 (genuine_discount)
2026-04-13,595.2395924998408,SYN-0013 (genuine_discount)
2026-04-14,591.4563920903983,SYN-0013 (genuine_discount)
2026-04-15,577.318656543882,SYN-0013 (genuine_discount)
2026-04-16,595.8465213519202,SYN-0013 (genuine_discount)
2026-04-17,582.175750142629,SYN-0013 (genuine_discount)
2026-04-18,587.9664276442667,SYN-0013 (genuine_discount)
2026-04-19,584.8330283585979,SYN-0013 (genuine_discount)
2026-04-20,592.1913737354531,SYN-0013 (genuine_discount)
2026-04-21,582.5707166760967,SYN-0013 (genuine_discount)
2026-04-22,572.1276878857915,SYN-0013 (genuine_discount)
2026-04-23,607.8494336823898,SYN-0013 (genuine_discount)
2026-04-24,601.3205046386194,SYN-0013 (genuine_discount)
2026-04-25,595.5706881609931,SYN-0013 (genuine_discount)
2026-04-26,607.4343618622938,SYN-0013 (genuine_discount)
2026-04-27,596.1325630529518,SYN-0013 (genuine_discount)
2026-04-28,611.5236607474714,SYN-0013 (genuine_discount)
2026-04-29,591.3497862287952,SYN-0013 (genuine_discount)
2026-04-30,582.3758078658909,SYN-0013 (genuine_discount)
2026-05-01,581.5312934423898,SYN-0013 (genuine_discount)
2026-05-02,589.0821454495943,SYN-0013 (genuine_discount)
2026-05-03,570.7381627178996,SYN-0013 (genuine_discount)
2026-05-04,604.6790453983224,SYN-0013 (genuine_discount)
2026-05-05,598.6379927332662,SYN-0013 (genuine_discount)
2026-05-06,593.5536675234935,SYN-0013 (genuine_discount)
2026-05-07,586.9522375288128,SYN-0013 (genuine_discount)
2026-05-08,602.37419873646,SYN-0013 (genuine_discount)
2026-05-09,580.0645819935328,SYN-0013 (genuine_discount)
2026-05-10,579.0444282654246,SYN-0013 (genuine_discount)
2026-05-11,596.0374661490494,SYN-0013 (genuine_discount)
2026-05-12,584.5212771711853,SYN-0013 (genuine_discount)
2026-05-13,582.348269224352,SYN-0013 (genuine_discount)
2026-05-14,585.4955964503603,SYN-0013 (genuine_discount)
2026-05-15,597.6004029008494,SYN-0013 (genuine_discount)
2026-05-16,589.9200346574247,SYN-0013 (genuine_discount)
2026-05-17,589.3848984345286,SYN-0013 (genuine_discount)
2026-05-18,597.8746021440394,SYN-0013 (genuine_discount)
2026-05-19,614.5640832798045,SYN-0013 (genuine_discount)
2026-05-20,591.1099943636103,SYN-0013 (genuine_discount)
2026-05-21,590.6055219082897,SYN-0013 (genuine_discount)
2026-05-22,587.7718049760334,SYN-0013 (genuine_discount)
2026-05-23,606.477562530999,SYN-0013 (genuine_discount)
2026-05-24,614.7083060960839,SYN-0013 (genuine_discount)
2026-05-25,573.4651987001495,SYN-0013 (genuine_discount)
2026-05-26,586.0595946545158,SYN-0013 (genuine_discount)
2026-05-27,580.3312887271109,SYN-0013 (genuine_discount)
2026-05-28,581.9326504577946,SYN-0013 (genuine_discount)
2026-05-29,605.9022571199861,SYN-0013 (genuine_discount)
2026-05-30,577.7383910005686,SYN-0013 (genuine_discount)
2026-05-31,608.4058453599281,SYN-0013 (genuine_discount)
2026-06-01,572.307640218939,SYN-0013 (genuine_discount)
2026-06-02,593.8269891925045,SYN-0013 (genuine_discount)
2026-06-03,585.5100501502668,SYN-0013 (genuine_discount)
2026-06-04,584.5066041340009,SYN-0013 (genuine_discount)
2026-06-05,576.0238864543728,SYN-0013 (genuine_discount)
2026-06-06,590.6414497785926,SYN-0013 (genuine_discount)
2026-06-07,590.5583974329446,SYN-0013 (genuine_discount)
2026-06-08,589.9391800371098,SYN-0013 (genuine_discount)
2026-06-09,596.7108710964466,SYN-0013 (genuine_discount)
2026-06-10,585.0469808127862,SYN-0013 (genuine_discount)
2026-06-11,602.3476576471708,SYN-0013 (genuine_discount)
2026-06-12,594.7121839657957,SYN-0013 (genuine_discount)
2026-06-13,580.7534825695092,SYN-0013 (genuine_discount)
2026-06-14,595.865000940389,SYN-0013 (genuine_discount)
2026-06-15,597.3059604496755,SYN-0013 (genuine_discount)
2026-06-16,584.6038597038263,SYN-0013 (genuine_discount)
2026-06-17,593.3115577543215,SYN-0013 (genuine_discount)
2026-06-18,597.3245377955678,SYN-0013 (genuine_discount)
2026-06-19,596.2545620014524,SYN-0013 (genuine_discount)
2026-06-20,600.9042172444629,SYN-0013 (genuine_discount)
2026-06-21,584.4364910062251,SYN-0013 (genuine_discount)
2026-06-22,606.271163155725,SYN-0013 (genuine_discount)
2026-06-23,577.3215120208171,SYN-0013 (genuine_discount)
2026-06-24,584.5243202213829,SYN-0013 (genuine_discount)
2026-06-25,580.8875567515141,SYN-0013 (genuine_discount)
2026-06-26,600.1648249232766,SYN-0013 (genuine_discount)
2026-06-27,595.6259766983592,SYN-0013 (genuine_discount)
2026-06-28,593.11868534154,SYN-0013 (genuine_discount)
2026-06-29,609.7584464545799,SYN-0013 (genuine_discount)
2026-06-30,589.7346099456597,SYN-0013 (genuine_discount)
2026-07-01,601.4805431321744,SYN-0013 (genuine_discount)
2026-07-02,586.6190412281787,SYN-0013 (genuine_discount)
2026-07-03,572.8576590693534,SYN-0013 (genuine_discount)
2026-07-04,587.3054800446682,SYN-0013 (genuine_discount)
2026-07-05,614.2532329819084,SYN-0013 (genuine_discount)
2026-07-06,557.2355675067156,SYN-0013 (genuine_discount)
2026-07-07,580.7195962215787,SYN-0013 (genuine_discount)
2026-07-08,595.8009907503811,SYN-0013 (genuine_discount)
2026-07-09,591.2185627429259,SYN-0013 (genuine_discount)
2026-07-10,590.0743672901448,SYN-0013 (genuine_discount)
2026-07-11,597.776876770042,SYN-0013 (genuine_discount)
2026-07-12,584.2880840898181,SYN-0013 (genuine_discount)
2026-07-13,576.1088390207113,SYN-0013 (genuine_discount)
2026-07-14,600.5971946880231,SYN-0013 (genuine_discount)
2026-07-15,590.410941664165,SYN-0013 (genuine_discount)
2026-07-16,595.5414782276329,SYN-0013 (genuine_discount)
2026-07-17,609.2950969964419,SYN-0013 (genuine_discount)
2026-07-18,590.5206659914683,SYN-0013 (genuine_discount)
2026-07-19,585.7243409180682,SYN-0013 (genuine_discount)
2026-07-20,576.610989765913,SYN-0013 (genuine_discount)
2026-07-21,589.0898396357126,SYN-0013 (genuine_discount)
2026-07-22,583.281460453608,SYN-0013 (genuine_discount)
2026-07-23,617.2256425548112,SYN-0013 (genuine_discount)
2026-07-24,580.7021651569406,SYN-0013 (genuine_discount)
2026-07-25,572.8006731279701,SYN-0013 (genuine_discount)
2026-07-26,573.0943269667683,SYN-0013 (genuine_discount)
2026-07-27,586.2012903710171,SYN-0013 (genuine_discount)
2026-07-28,578.0627480294635,SYN-0013 (genuine_discount)
2026-07-29,609.4398136014875,SYN-0013 (genuine_discount)
2026-07-30,590.1738101248362,SYN-0013 (genuine_discount)
2026-07-31,609.8894271743064,SYN-0013 (genuine_discount)
2026-08-01,560.4707673552987,SYN-0013 (genuine_discount)
2026-08-02,595.1935761001997,SYN-0013 (genuine_discount)
2026-08-03,598.2529393038897,SYN-0013 (genuine_discount)
2026-08-04,597.2416201350973,SYN-0013 (genuine_discount)
2026-08-05,591.9780270903221,SYN-0013 (genuine_discount)
2026-08-06,611.6538762963982,SYN-0013 (genuine_discount)
2026-08-07,576.6093698973203,SYN-0013 (genuine_discount)
2026-08-08,609.9994381740818,SYN-0013 (genuine_discount)
2026-08-09,602.6746740902653,SYN-0013 (genuine_discount)
2026-08-10,592.2006917417077,SYN-0013 (genuine_discount)
2026-08-11,267.63055386238386,SYN-0013 (genuine_discount)
2026-08-12,284.3377616620716,SYN-0013 (genuine_discount)
2026-08-13,280.300779245083,SYN-0013 (genuine_discount)
2026-08-14,285.15367007669664,SYN-0013 (genuine_discount)
2026-08-15,289.5759495345414,SYN-0013 (genuine_discount)
2026-03-25,1169.5147069965292,SYN-0014 (genuine_discount)
2026-03-26,1147.761347049728,SYN-0014 (genuine_discount)
2026-03-27,1110.39852879799,SYN-0014 (genuine_discount)
2026-03-28,1137.6999908127386,SYN-0014 (genuine_discount)
2026-03-29,1092.242949630835,SYN-0014 (genuine_discount)
2026-03-30,1102.7403495385126,SYN-0014 (genuine_discount)
2026-03-31,1139.3625969428829,SYN-0014 (genuine_discount)
2026-04-01,1118.5622664752564,SYN-0014 (genuine_discount)
2026-04-02,1131.1193217597636,SYN-0014 (genuine_discount)
2026-04-03,1110.702846938287,SYN-0014 (genuine_discount)
2026-04-04,1122.7576048821625,SYN-0014 (genuine_discount)
2026-04-05,1114.2922441951382,SYN-0014 (genuine_discount)
2026-04-06,1150.5159895217569,SYN-0014 (genuine_discount)
2026-04-07,1123.934427021618,SYN-0014 (genuine_discount)
2026-04-08,1173.0661771541563,SYN-0014 (genuine_discount)
2026-04-09,1156.6836147521826,SYN-0014 (genuine_discount)
2026-04-10,1121.4885064049479,SYN-0014 (genuine_discount)
2026-04-11,1144.2047163096772,SYN-0014 (genuine_discount)
2026-04-12,1163.0647154674557,SYN-0014 (genuine_discount)
2026-04-13,1149.2370398840267,SYN-0014 (genuine_discount)
2026-04-14,1155.468993248563,SYN-0014 (genuine_discount)
2026-04-15,1104.6003427982237,SYN-0014 (genuine_discount)
2026-04-16,1139.2126624514055,SYN-0014 (genuine_discount)
2026-04-17,1097.9252649754144,SYN-0014 (genuine_discount)
2026-04-18,1169.9986810828761,SYN-0014 (genuine_discount)
2026-04-19,1106.0109336748774,SYN-0014 (genuine_discount)
2026-04-20,1140.4020979964448,SYN-0014 (genuine_discount)
2026-04-21,1156.1548371577028,SYN-0014 (genuine_discount)
2026-04-22,1142.847906315588,SYN-0014 (genuine_discount)
2026-04-23,1118.6048885188418,SYN-0014 (genuine_discount)
2026-04-24,1114.9656389395727,SYN-0014 (genuine_discount)
2026-04-25,1106.4710455906145,SYN-0014 (genuine_discount)
2026-04-26,1123.808320516838,SYN-0014 (genuine_discount)
2026-04-27,1134.0582568245075,SYN-0014 (genuine_discount)
2026-04-28,1135.1080963418,SYN-0014 (genuine_discount)
2026-04-29,1138.4224334214316,SYN-0014 (genuine_discount)
2026-04-30,1132.908587928339,SYN-0014 (genuine_discount)
2026-05-01,1126.5581539994182,SYN-0014 (genuine_discount)
2026-05-02,1130.3063772872288,SYN-0014 (genuine_discount)
2026-05-03,1130.588440069845,SYN-0014 (genuine_discount)
2026-05-04,1152.7525622989494,SYN-0014 (genuine_discount)
2026-05-05,1097.6490780435738,SYN-0014 (genuine_discount)
2026-05-06,1148.6014360136119,SYN-0014 (genuine_discount)
2026-05-07,1114.2555545943621,SYN-0014 (genuine_discount)
2026-05-08,1089.226382361743,SYN-0014 (genuine_discount)
2026-05-09,1124.0535758932856,SYN-0014 (genuine_discount)
2026-05-10,1100.659815995677,SYN-0014 (genuine_discount)
2026-05-11,1173.2811625148506,SYN-0014 (genuine_discount)
2026-05-12,1122.676402847713,SYN-0014 (genuine_discount)
2026-05-13,1131.3582690398403,SYN-0014 (genuine_discount)
2026-05-14,1136.1588081276552,SYN-0014 (genuine_discount)
2026-05-15,1141.4441140766373,SYN-0014 (genuine_discount)
2026-05-16,1122.5719047805926,SYN-0014 (genuine_discount)
2026-05-17,1116.2962781144972,SYN-0014 (genuine_discount)
2026-05-18,1103.1633825138533,SYN-0014 (genuine_discount)
2026-05-19,1119.0279260529242,SYN-0014 (genuine_discount)
2026-05-20,1173.9743721490227,SYN-0014 (genuine_discount)
2026-05-21,1160.1559411286055,SYN-0014 (genuine_discount)
2026-05-22,1122.2371393690205,SYN-0014 (genuine_discount)
2026-05-23,1119.715656013449,SYN-0014 (genuine_discount)
2026-05-24,1136.9770767697828,SYN-0014 (genuine_discount)
2026-05-25,1124.4076706977626,SYN-0014 (genuine_discount)
2026-05-26,1104.7633214987777,SYN-0014 (genuine_discount)
2026-05-27,1114.5569546702914,SYN-0014 (genuine_discount)
2026-05-28,1134.5910359142194,SYN-0014 (genuine_discount)
2026-05-29,1173.2994667918558,SYN-0014 (genuine_discount)
2026-05-30,1132.6251813531544,SYN-0014 (genuine_discount)
2026-05-31,1160.5358761521975,SYN-0014 (genuine_discount)
2026-06-01,1087.744330601873,SYN-0014 (genuine_discount)
2026-06-02,1146.3358753622715,SYN-0014 (genuine_discount)
2026-06-03,1123.9471185388936,SYN-0014 (genuine_discount)
2026-06-04,1111.6895597230152,SYN-0014 (genuine_discount)
2026-06-05,1131.6135199232497,SYN-0014 (genuine_discount)
2026-06-06,1128.372922477176,SYN-0014 (genuine_discount)
2026-06-07,1164.0216543380757,SYN-0014 (genuine_discount)
2026-06-08,1121.1235279239022,SYN-0014 (genuine_discount)
2026-06-09,1111.4341650653964,SYN-0014 (genuine_discount)
2026-06-10,1150.945837198904,SYN-0014 (genuine_discount)
2026-06-11,1136.0783625074928,SYN-0014 (genuine_discount)
2026-06-12,1127.5438991521048,SYN-0014 (genuine_discount)
2026-06-13,1110.1956159206013,SYN-0014 (genuine_discount)
2026-06-14,1108.9576968256615,SYN-0014 (genuine_discount)
2026-06-15,1121.6825681145083,SYN-0014 (genuine_discount)
2026-06-16,1133.3034811904506,SYN-0014 (genuine_discount)
2026-06-17,1104.9402328320325,SYN-0014 (genuine_discount)
2026-06-18,1120.5713479664628,SYN-0014 (genuine_discount)
2026-06-19,1125.4888757194335,SYN-0014 (genuine_discount)
2026-06-20,1114.4429394191598,SYN-0014 (genuine_discount)
2026-06-21,1119.0747605212791,SYN-0014 (genuine_discount)
2026-06-22,1138.4171639083097,SYN-0014 (genuine_discount)
2026-06-23,1120.3689007867056,SYN-0014 (genuine_discount)
2026-06-24,1132.3196617243057,SYN-0014 (genuine_discount)
2026-06-25,1160.4323674048692,SYN-0014 (genuine_discount)
2026-06-26,1133.0496063036728,SYN-0014 (genuine_discount)
2026-06-27,1166.1119967995526,SYN-0014 (genuine_discount)
2026-06-28,1129.9479066854517,SYN-0014 (genuine_discount)
2026-06-29,1104.9978822217186,SYN-0014 (genuine_discount)
2026-06-30,1157.3751014155982,SYN-0014 (genuine_discount)
2026-07-01,1144.1216839548063,SYN-0014 (genuine_discount)
2026-07-02,1149.69319249615,SYN-0014 (genuine_discount)
2026-07-03,1134.9681701689867,SYN-0014 (genuine_discount)
2026-07-04,1133.5201987582038,SYN-0014 (genuine_discount)
2026-07-05,1132.9494576013192,SYN-0014 (genuine_discount)
2026-07-06,1134.4839659517831,SYN-0014 (genuine_discount)
2026-07-07,1107.7106718024384,SYN-0014 (genuine_discount)
2026-07-08,1119.6113779604855,SYN-0014 (genuine_discount)
2026-07-09,1124.4960989132321,SYN-0014 (genuine_discount)
2026-07-10,1091.4574365290032,SYN-0014 (genuine_discount)
2026-07-11,1128.2568365708905,SYN-0014 (genuine_discount)
2026-07-12,1086.1425727812612,SYN-0014 (genuine_discount)
2026-07-13,1128.8812396536691,SYN-0014 (genuine_discount)
2026-07-14,1132.2179412241405,SYN-0014 (genuine_discount)
2026-07-15,1148.3138989439597,SYN-0014 (genuine_discount)
2026-07-16,1143.11685185148,SYN-0014 (genuine_discount)
2026-07-17,1130.9649521822048,SYN-0014 (genuine_discount)
2026-07-18,1110.4106680104203,SYN-0014 (genuine_discount)
2026-07-19,1126.0392243171407,SYN-0014 (genuine_discount)
2026-07-20,1140.1812984141518,SYN-0014 (genuine_discount)
2026-07-21,1133.7489242786712,SYN-0014 (genuine_discount)
2026-07-22,1134.7884081720408,SYN-0014 (genuine_discount)
2026-07-23,1099.662758828282,SYN-0014 (genuine_discount)
2026-07-24,1119.5057683434093,SYN-0014 (genuine_discount)
2026-07-25,1161.2767378162066,SYN-0014 (genuine_discount)
2026-07-26,1112.4858433151014,SYN-0014 (genuine_discount)
2026-07-27,1103.5727012229702,SYN-0014 (genuine_discount)
2026-07-28,1123.4973683597746,SYN-0014 (genuine_discount)
2026-07-29,1130.411984480475,SYN-0014 (genuine_discount)
2026-07-30,1143.9578128867695,SYN-0014 (genuine_discount)
2026-07-31,1112.1467392429092,SYN-0014 (genuine_discount)
2026-08-01,1109.9840031733952,SYN-0014 (genuine_discount)
2026-08-02,1109.597181953338,SYN-0014 (genuine_discount)
2026-08-03,1112.5023538704422,SYN-0014 (genuine_discount)
2026-08-04,1124.612688898019,SYN-0014 (genuine_discount)
2026-08-05,1139.5076724547985,SYN-0014 (genuine_discount)
2026-08-06,1112.9666100219852,SYN-0014 (genuine_discount)
2026-08-07,1124.2466653196211,SYN-0014 (genuine_discount)
2026-08-08,1134.3737585682654,SYN-0014 (genuine_discount)
2026-08-09,1136.614278786052,SYN-0014 (genuine_discount)
2026-08-10,1088.9712015871983,SYN-0014 (genuine_discount)
2026-08-11,704.3800989011912,SYN-0014 (genuine_discount)
2026-08-12,701.8408198897589,SYN-0014 (genuine_discount)
2026-08-13,761.5571350220346,SYN-0014 (genuine_discount)
2026-08-14,739.4780422685621,SYN-0014 (genuine_discount)
2026-08-15,738.166639675074,SYN-0014 (genuine_discount)
2026-02-26,1226.401886855062,SYN-0015 (genuine_discount)
2026-02-27,1188.85957697721,SYN-0015 (genuine_discount)
2026-02-28,1188.1864391052136,SYN-0015 (genuine_discount)
2026-03-01,1211.9898893157936,SYN-0015 (genuine_discount)
2026-03-02,1216.621279992717,SYN-0015 (genuine_discount)
2026-03-03,1194.015633457258,SYN-0015 (genuine_discount)
2026-03-04,1155.1468200332067,SYN-0015 (genuine_discount)
2026-03-05,1170.055946390879,SYN-0015 (genuine_discount)
2026-03-06,1197.440286663804,SYN-0015 (genuine_discount)
2026-03-07,1190.3884838284102,SYN-0015 (genuine_discount)
2026-03-08,1214.9690304898027,SYN-0015 (genuine_discount)
2026-03-09,1203.6100725700667,SYN-0015 (genuine_discount)
2026-03-10,1224.9510119349013,SYN-0015 (genuine_discount)
2026-03-11,1180.2831537069846,SYN-0015 (genuine_discount)
2026-03-12,1158.7968754222925,SYN-0015 (genuine_discount)
2026-03-13,1222.0829327836236,SYN-0015 (genuine_discount)
2026-03-14,1185.913033067929,SYN-0015 (genuine_discount)
2026-03-15,1170.1350868834206,SYN-0015 (genuine_discount)
2026-03-16,1183.5923430876446,SYN-0015 (genuine_discount)
2026-03-17,1203.5813921266085,SYN-0015 (genuine_discount)
2026-03-18,1256.9184544140483,SYN-0015 (genuine_discount)
2026-03-19,1233.1904913200055,SYN-0015 (genuine_discount)
2026-03-20,1193.5794913598268,SYN-0015 (genuine_discount)
2026-03-21,1178.013733067903,SYN-0015 (genuine_discount)
2026-03-22,1177.6153274109656,SYN-0015 (genuine_discount)
2026-03-23,1221.0229250814727,SYN-0015 (genuine_discount)
2026-03-24,1221.5847729265604,SYN-0015 (genuine_discount)
2026-03-25,1255.8920485112587,SYN-0015 (genuine_discount)
2026-03-26,1203.466911482312,SYN-0015 (genuine_discount)
2026-03-27,1186.092176984986,SYN-0015 (genuine_discount)
2026-03-28,1165.6637564578714,SYN-0015 (genuine_discount)
2026-03-29,1147.6167982245302,SYN-0015 (genuine_discount)
2026-03-30,1233.1306286640247,SYN-0015 (genuine_discount)
2026-03-31,1193.2420973738867,SYN-0015 (genuine_discount)
2026-04-01,1204.6563843580038,SYN-0015 (genuine_discount)
2026-04-02,1185.8948836631469,SYN-0015 (genuine_discount)
2026-04-03,1220.17165450127,SYN-0015 (genuine_discount)
2026-04-04,1179.3701061905879,SYN-0015 (genuine_discount)
2026-04-05,1120.6804884770975,SYN-0015 (genuine_discount)
2026-04-06,1143.279973436899,SYN-0015 (genuine_discount)
2026-04-07,1190.248619762411,SYN-0015 (genuine_discount)
2026-04-08,1164.807340047585,SYN-0015 (genuine_discount)
2026-04-09,1225.5200469249733,SYN-0015 (genuine_discount)
2026-04-10,1185.982850919322,SYN-0015 (genuine_discount)
2026-04-11,1254.693245664509,SYN-0015 (genuine_discount)
2026-04-12,1194.5369123538403,SYN-0015 (genuine_discount)
2026-04-13,1195.6565322833983,SYN-0015 (genuine_discount)
2026-04-14,1215.343794065637,SYN-0015 (genuine_discount)
2026-04-15,1198.3364499480572,SYN-0015 (genuine_discount)
2026-04-16,1195.4786372539209,SYN-0015 (genuine_discount)
2026-04-17,1204.7073892327226,SYN-0015 (genuine_discount)
2026-04-18,1231.3591551278573,SYN-0015 (genuine_discount)
2026-04-19,1217.8119973143284,SYN-0015 (genuine_discount)
2026-04-20,1182.9727265873694,SYN-0015 (genuine_discount)
2026-04-21,1186.4980600067752,SYN-0015 (genuine_discount)
2026-04-22,1227.4812025957576,SYN-0015 (genuine_discount)
2026-04-23,1220.7370924394304,SYN-0015 (genuine_discount)
2026-04-24,1245.186932552041,SYN-0015 (genuine_discount)
2026-04-25,1170.0783888339474,SYN-0015 (genuine_discount)
2026-04-26,1201.0888446791723,SYN-0015 (genuine_discount)
2026-04-27,1228.0977620995943,SYN-0015 (genuine_discount)
2026-04-28,1210.4149108509368,SYN-0015 (genuine_discount)
2026-04-29,1202.2550850100906,SYN-0015 (genuine_discount)
2026-04-30,1195.8186336261424,SYN-0015 (genuine_discount)
2026-05-01,1178.382853855762,SYN-0015 (genuine_discount)
2026-05-02,1157.1685787909607,SYN-0015 (genuine_discount)
2026-05-03,1193.457415851502,SYN-0015 (genuine_discount)
2026-05-04,1214.995259706322,SYN-0015 (genuine_discount)
2026-05-05,1182.2319740058674,SYN-0015 (genuine_discount)
2026-05-06,1189.8730821462686,SYN-0015 (genuine_discount)
2026-05-07,1191.3504691453172,SYN-0015 (genuine_discount)
2026-05-08,1222.0172261941152,SYN-0015 (genuine_discount)
2026-05-09,1193.2211724395315,SYN-0015 (genuine_discount)
2026-05-10,1223.0804065434666,SYN-0015 (genuine_discount)
2026-05-11,1195.5949117483933,SYN-0015 (genuine_discount)
2026-05-12,1219.2480451966896,SYN-0015 (genuine_discount)
2026-05-13,1212.9268868228532,SYN-0015 (genuine_discount)
2026-05-14,1187.9337587238651,SYN-0015 (genuine_discount)
2026-05-15,1220.5630080335711,SYN-0015 (genuine_discount)
2026-05-16,1208.682803131298,SYN-0015 (genuine_discount)
2026-05-17,1190.1616943464235,SYN-0015 (genuine_discount)
2026-05-18,1182.3409991380774,SYN-0015 (genuine_discount)
2026-05-19,1214.300916064843,SYN-0015 (genuine_discount)
2026-05-20,1199.13362050645,SYN-0015 (genuine_discount)
2026-05-21,1179.5793622095912,SYN-0015 (genuine_discount)
2026-05-22,1203.550199746587,SYN-0015 (genuine_discount)
2026-05-23,1181.2720024000496,SYN-0015 (genuine_discount)
2026-05-24,1192.0713261866752,SYN-0015 (genuine_discount)
2026-05-25,1170.2678067796987,SYN-0015 (genuine_discount)
2026-05-26,1182.1215856109407,SYN-0015 (genuine_discount)
2026-05-27,1191.4176723031383,SYN-0015 (genuine_discount)
2026-05-28,1197.746943726062,SYN-0015 (genuine_discount)
2026-05-29,1197.1163262854957,SYN-0015 (genuine_discount)
2026-05-30,1224.2869438801897,SYN-0015 (genuine_discount)
2026-05-31,1198.502039725575,SYN-0015 (genuine_discount)
2026-06-01,1186.4012571161816,SYN-0015 (genuine_discount)
2026-06-02,1195.6969210061025,SYN-0015 (genuine_discount)
2026-06-03,1185.113284766255,SYN-0015 (genuine_discount)
2026-06-04,1166.7754295279506,SYN-0015 (genuine_discount)
2026-06-05,1210.6285540302142,SYN-0015 (genuine_discount)
2026-06-06,1180.7258160643703,SYN-0015 (genuine_discount)
2026-06-07,1196.3712028924979,SYN-0015 (genuine_discount)
2026-06-08,1167.8578935829828,SYN-0015 (genuine_discount)
2026-06-09,1173.9637912237833,SYN-0015 (genuine_discount)
2026-06-10,1121.6317601877643,SYN-0015 (genuine_discount)
2026-06-11,1201.5623535029035,SYN-0015 (genuine_discount)
2026-06-12,1173.6637385167858,SYN-0015 (genuine_discount)
2026-06-13,1213.7034161747292,SYN-0015 (genuine_discount)
2026-06-14,1190.2628244998152,SYN-0015 (genuine_discount)
2026-06-15,1220.5926917320041,SYN-0015 (genuine_discount)
2026-06-16,1184.5709100588288,SYN-0015 (genuine_discount)
2026-06-17,1208.6906295379322,SYN-0015 (genuine_discount)
2026-06-18,1186.1438914527114,SYN-0015 (genuine_discount)
2026-06-19,1182.3567697325257,SYN-0015 (genuine_discount)
2026-06-20,1214.7804140406297,SYN-0015 (genuine_discount)
2026-06-21,1194.4581020980272,SYN-0015 (genuine_discount)
2026-06-22,1187.942157720413,SYN-0015 (genuine_discount)
2026-06-23,1213.2700035053688,SYN-0015 (genuine_discount)
2026-06-24,1196.7837029883437,SYN-0015 (genuine_discount)
2026-06-25,1251.2660104214583,SYN-0015 (genuine_discount)
2026-06-26,1206.8680363057229,SYN-0015 (genuine_discount)
2026-06-27,1200.2957435045137,SYN-0015 (genuine_discount)
2026-06-28,1220.628023330753,SYN-0015 (genuine_discount)
2026-06-29,1210.8721754108253,SYN-0015 (genuine_discount)
2026-06-30,1221.3075469419216,SYN-0015 (genuine_discount)
2026-07-01,1191.2542975211816,SYN-0015 (genuine_discount)
2026-07-02,1211.336706343376,SYN-0015 (genuine_discount)
2026-07-03,1194.7759464598262,SYN-0015 (genuine_discount)
2026-07-04,1182.9408665721771,SYN-0015 (genuine_discount)
2026-07-05,1157.5725243777747,SYN-0015 (genuine_discount)
2026-07-06,1180.2905259080715,SYN-0015 (genuine_discount)
2026-07-07,1215.2196598359978,SYN-0015 (genuine_discount)
2026-07-08,1193.583128390958,SYN-0015 (genuine_discount)
2026-07-09,1183.4227064600304,SYN-0015 (genuine_discount)
2026-07-10,1214.403964058102,SYN-0015 (genuine_discount)
2026-07-11,1187.2611665313505,SYN-0015 (genuine_discount)
2026-07-12,1212.3507859043013,SYN-0015 (genuine_discount)
2026-07-13,1209.0072319895714,SYN-0015 (genuine_discount)
2026-07-14,1183.271510056324,SYN-0015 (genuine_discount)
2026-07-15,1177.079244702947,SYN-0015 (genuine_discount)
2026-07-16,1171.4311061651206,SYN-0015 (genuine_discount)
2026-07-17,1185.3514284884639,SYN-0015 (genuine_discount)
2026-07-18,1187.0060122437033,SYN-0015 (genuine_discount)
2026-07-19,1194.0613183914982,SYN-0015 (genuine_discount)
2026-07-20,1217.0847713584894,SYN-0015 (genuine_discount)
2026-07-21,1201.1932575438045,SYN-0015 (genuine_discount)
2026-07-22,1215.8395739035127,SYN-0015 (genuine_discount)
2026-07-23,1223.5812685375988,SYN-0015 (genuine_discount)
2026-07-24,1214.0645242072192,SYN-0015 (genuine_discount)
2026-07-25,1223.6156230151307,SYN-0015 (genuine_discount)
2026-07-26,1189.3984453602181,SYN-0015 (genuine_discount)
2026-07-27,1192.6082139736432,SYN-0015 (genuine_discount)
2026-07-28,1203.5769469090717,SYN-0015 (genuine_discount)
2026-07-29,1203.82190022245,SYN-0015 (genuine_discount)
2026-07-30,1195.2904686858465,SYN-0015 (genuine_discount)
2026-07-31,1217.3675591320032,SYN-0015 (genuine_discount)
2026-08-01,1165.677649984267,SYN-0015 (genuine_discount)
2026-08-02,1224.1583383898312,SYN-0015 (genuine_discount)
2026-08-03,1196.9559555850544,SYN-0015 (genuine_discount)
2026-08-04,1157.7922979198383,SYN-0015 (genuine_discount)
2026-08-05,1188.8120641515156,SYN-0015 (genuine_discount)
2026-08-06,1196.3463534328962,SYN-0015 (genuine_discount)
2026-08-07,1193.0233483336867,SYN-0015 (genuine_discount)
2026-08-08,1159.50091958776,SYN-0015 (genuine_discount)
2026-08-09,1225.2952745610087,SYN-0015 (genuine_discount)
2026-08-10,1200.5598927656201,SYN-0015 (genuine_discount)
2026-08-11,890.9056184286801,SYN-0015 (genuine_discount)
2026-08-12,895.4070400553735,SYN-0015 (genuine_discount)
2026-08-13,870.7547715327136,SYN-0015 (genuine_discount)
2026-08-14,894.4403800993023,SYN-0015 (genuine_discount)
2026-08-15,925.8805426225732,SYN-0015 (genuine_discount)
2025-12-31,558.0554055798868,SYN-0016 (genuine_discount)
2026-01-01,576.8941473156921,SYN-0016 (genuine_discount)
2026-01-02,579.2622013265534,SYN-0016 (genuine_discount)
2026-01-03,538.9212574762647,SYN-0016 (genuine_discount)
2026-01-04,573.2000726630216,SYN-0016 (genuine_discount)
2026-01-05,580.1695209342951,SYN-0016 (genuine_discount)
2026-01-06,565.8464136219744,SYN-0016 (genuine_discount)
2026-01-07,538.6945814996652,SYN-0016 (genuine_discount)
2026-01-08,570.2527723108042,SYN-0016 (genuine_discount)
2026-01-09,569.5964019372876,SYN-0016 (genuine_discount)
2026-01-10,565.7041264315294,SYN-0016 (genuine_discount)
2026-01-11,560.3321713487335,SYN-0016 (genuine_discount)
2026-01-12,555.9085073585451,SYN-0016 (genuine_discount)
2026-01-13,560.196183173618,SYN-0016 (genuine_discount)
2026-01-14,553.9887646099137,SYN-0016 (genuine_discount)
2026-01-15,569.5757590401512,SYN-0016 (genuine_discount)
2026-01-16,560.7134811736522,SYN-0016 (genuine_discount)
2026-01-17,572.1726034824494,SYN-0016 (genuine_discount)
2026-01-18,569.270267725244,SYN-0016 (genuine_discount)
2026-01-19,574.8710053378865,SYN-0016 (genuine_discount)
2026-01-20,556.3164039336868,SYN-0016 (genuine_discount)
2026-01-21,579.6360307256938,SYN-0016 (genuine_discount)
2026-01-22,557.3460978305301,SYN-0016 (genuine_discount)
2026-01-23,573.6431209001333,SYN-0016 (genuine_discount)
2026-01-24,566.2040842916908,SYN-0016 (genuine_discount)
2026-01-25,577.3860399091668,SYN-0016 (genuine_discount)
2026-01-26,567.3396998363252,SYN-0016 (genuine_discount)
2026-01-27,570.090616979006,SYN-0016 (genuine_discount)
2026-01-28,559.2690784474942,SYN-0016 (genuine_discount)
2026-01-29,577.0060033010478,SYN-0016 (genuine_discount)
2026-01-30,553.8674603700302,SYN-0016 (genuine_discount)
2026-01-31,532.5850015273048,SYN-0016 (genuine_discount)
2026-02-01,571.4551380885439,SYN-0016 (genuine_discount)
2026-02-02,568.5596910940258,SYN-0016 (genuine_discount)
2026-02-03,556.3943657653821,SYN-0016 (genuine_discount)
2026-02-04,574.1565827261895,SYN-0016 (genuine_discount)
2026-02-05,556.3992907779452,SYN-0016 (genuine_discount)
2026-02-06,570.2452096820107,SYN-0016 (genuine_discount)
2026-02-07,565.4355731853086,SYN-0016 (genuine_discount)
2026-02-08,575.0872956420402,SYN-0016 (genuine_discount)
2026-02-09,562.2705104275958,SYN-0016 (genuine_discount)
2026-02-10,572.0015049926837,SYN-0016 (genuine_discount)
2026-02-11,565.4663298030958,SYN-0016 (genuine_discount)
2026-02-12,565.8406442187256,SYN-0016 (genuine_discount)
2026-02-13,546.4282673641221,SYN-0016 (genuine_discount)
2026-02-14,557.5832930202591,SYN-0016 (genuine_discount)
2026-02-15,560.2267291764828,SYN-0016 (genuine_discount)
2026-02-16,549.2658513259233,SYN-0016 (genuine_discount)
2026-02-17,572.54416235511,SYN-0016 (genuine_discount)
2026-02-18,555.2097921752093,SYN-0016 (genuine_discount)
2026-02-19,565.5759583565832,SYN-0016 (genuine_discount)
2026-02-20,553.3087126577491,SYN-0016 (genuine_discount)
2026-02-21,572.2328850620308,SYN-0016 (genuine_discount)
2026-02-22,554.0948872585012,SYN-0016 (genuine_discount)
2026-02-23,574.2935026269943,SYN-0016 (genuine_discount)
2026-02-24,540.8151835363486,SYN-0016 (genuine_discount)
2026-02-25,574.8641198832413,SYN-0016 (genuine_discount)
2026-02-26,563.22695549545,SYN-0016 (genuine_discount)
2026-02-27,561.3748584148734,SYN-0016 (genuine_discount)
2026-02-28,563.135076961009,SYN-0016 (genuine_discount)
2026-03-01,550.60055306258,SYN-0016 (genuine_discount)
2026-03-02,553.7878978327535,SYN-0016 (genuine_discount)
2026-03-03,589.1356583126434,SYN-0016 (genuine_discount)
2026-03-04,551.6747477537546,SYN-0016 (genuine_discount)
2026-03-05,569.7221634940028,SYN-0016 (genuine_discount)
2026-03-06,570.0532923268033,SYN-0016 (genuine_discount)
2026-03-07,561.0200917782785,SYN-0016 (genuine_discount)
2026-03-08,554.0182321412392,SYN-0016 (genuine_discount)
2026-03-09,567.5771547444526,SYN-0016 (genuine_discount)
2026-03-10,575.4454899043656,SYN-0016 (genuine_discount)
2026-03-11,569.1353635450225,SYN-0016 (genuine_discount)
2026-03-12,553.1529756094817,SYN-0016 (genuine_discount)
2026-03-13,556.9539910517465,SYN-0016 (genuine_discount)
2026-03-14,572.2027752239766,SYN-0016 (genuine_discount)
2026-03-15,582.1272809031793,SYN-0016 (genuine_discount)
2026-03-16,575.1888954717165,SYN-0016 (genuine_discount)
2026-03-17,572.6953781573405,SYN-0016 (genuine_discount)
2026-03-18,575.5903280723753,SYN-0016 (genuine_discount)
2026-03-19,575.0682006317392,SYN-0016 (genuine_discount)
2026-03-20,583.10069200625,SYN-0016 (genuine_discount)
2026-03-21,552.4639724772859,SYN-0016 (genuine_discount)
2026-03-22,576.12388290345,SYN-0016 (genuine_discount)
2026-03-23,563.8109758019976,SYN-0016 (genuine_discount)
2026-03-24,564.9343154942951,SYN-0016 (genuine_discount)
2026-03-25,559.1938039113487,SYN-0016 (genuine_discount)
2026-03-26,569.4177239951317,SYN-0016 (genuine_discount)
2026-03-27,541.6684479269197,SYN-0016 (genuine_discount)
2026-03-28,573.4462764395274,SYN-0016 (genuine_discount)
2026-03-29,552.5751883360813,SYN-0016 (genuine_discount)
2026-03-30,552.1211632140129,SYN-0016 (genuine_discount)
2026-03-31,561.1941004323121,SYN-0016 (genuine_discount)
2026-04-01,567.5085053081896,SYN-0016 (genuine_discount)
2026-04-02,585.4028471713833,SYN-0016 (genuine_discount)
2026-04-03,570.5654231485397,SYN-0016 (genuine_discount)
2026-04-04,578.7941378509638,SYN-0016 (genuine_discount)
2026-04-05,580.4799893143723,SYN-0016 (genuine_discount)
2026-04-06,546.008522333431,SYN-0016 (genuine_discount)
2026-04-07,580.0700086766981,SYN-0016 (genuine_discount)
2026-04-08,573.8297515675376,SYN-0016 (genuine_discount)
2026-04-09,541.6420072348836,SYN-0016 (genuine_discount)
2026-04-10,576.8732035848852,SYN-0016 (genuine_discount)
2026-04-11,568.5550358897833,SYN-0016 (genuine_discount)
2026-04-12,585.0117536617156,SYN-0016 (genuine_discount)
2026-04-13,581.9654159575331,SYN-0016 (genuine_discount)
2026-04-14,589.4558562275291,SYN-0016 (genuine_discount)
2026-04-15,554.2789650023536,SYN-0016 (genuine_discount)
2026-04-16,559.513504316506,SYN-0016 (genuine_discount)
2026-04-17,559.6776045696213,SYN-0016 (genuine_discount)
2026-04-18,557.776045029967,SYN-0016 (genuine_discount)
2026-04-19,561.1264397142181,SYN-0016 (genuine_discount)
2026-04-20,568.2561804766667,SYN-0016 (genuine_discount)
2026-04-21,577.9046380120147,SYN-0016 (genuine_discount)
2026-04-22,566.9524037370525,SYN-0016 (genuine_discount)
2026-04-23,577.1167675686105,SYN-0016 (genuine_discount)
2026-04-24,562.9168311916858,SYN-0016 (genuine_discount)
2026-04-25,564.4600170521358,SYN-0016 (genuine_discount)
2026-04-26,578.190285261746,SYN-0016 (genuine_discount)
2026-04-27,550.7825849540222,SYN-0016 (genuine_discount)
2026-04-28,564.2909760025947,SYN-0016 (genuine_discount)
2026-04-29,575.9245993816477,SYN-0016 (genuine_discount)
2026-04-30,588.3718149378748,SYN-0016 (genuine_discount)
2026-05-01,539.2794295100164,SYN-0016 (genuine_discount)
2026-05-02,547.3281023111786,SYN-0016 (genuine_discount)
2026-05-03,567.9293688222164,SYN-0016 (genuine_discount)
2026-05-04,560.486393744181,SYN-0016 (genuine_discount)
2026-05-05,553.8092019426082,SYN-0016 (genuine_discount)
2026-05-06,558.3324405561119,SYN-0016 (genuine_discount)
2026-05-07,563.4680775598945,SYN-0016 (genuine_discount)
2026-05-08,556.317523395808,SYN-0016 (genuine_discount)
2026-05-09,552.5528090540853,SYN-0016 (genuine_discount)
2026-05-10,564.9806048110314,SYN-0016 (genuine_discount)
2026-05-11,560.459483859676,SYN-0016 (genuine_discount)
2026-05-12,575.2445043090494,SYN-0016 (genuine_discount)
2026-05-13,569.8888128704739,SYN-0016 (genuine_discount)
2026-05-14,558.8816953261564,SYN-0016 (genuine_discount)
2026-05-15,556.8025524131905,SYN-0016 (genuine_discount)
2026-05-16,520.3183875115986,SYN-0016 (genuine_discount)
2026-05-17,569.3424108084909,SYN-0016 (genuine_discount)
2026-05-18,576.6395326577524,SYN-0016 (genuine_discount)
2026-05-19,561.8667268871467,SYN-0016 (genuine_discount)
2026-05-20,565.495102178953,SYN-0016 (genuine_discount)
2026-05-21,551.0646203788508,SYN-0016 (genuine_discount)
2026-05-22,552.8044267647042,SYN-0016 (genuine_discount)
2026-05-23,546.6312914951311,SYN-0016 (genuine_discount)
2026-05-24,585.5635518233307,SYN-0016 (genuine_discount)
2026-05-25,584.8460319786639,SYN-0016 (genuine_discount)
2026-05-26,554.2548865634365,SYN-0016 (genuine_discount)
2026-05-27,578.0168825420143,SYN-0016 (genuine_discount)
2026-05-28,557.9949255324148,SYN-0016 (genuine_discount)
2026-05-29,566.12798340364,SYN-0016 (genuine_discount)
2026-05-30,542.0405222860696,SYN-0016 (genuine_discount)
2026-05-31,573.0240103609185,SYN-0016 (genuine_discount)
2026-06-01,559.7439395457145,SYN-0016 (genuine_discount)
2026-06-02,555.1380623381322,SYN-0016 (genuine_discount)
2026-06-03,567.8542676871302,SYN-0016 (genuine_discount)
2026-06-04,558.363665888853,SYN-0016 (genuine_discount)
2026-06-05,567.7578429172493,SYN-0016 (genuine_discount)
2026-06-06,577.5687449073491,SYN-0016 (genuine_discount)
2026-06-07,552.2401949597183,SYN-0016 (genuine_discount)
2026-06-08,561.9834435512236,SYN-0016 (genuine_discount)
2026-06-09,580.7977512214399,SYN-0016 (genuine_discount)
2026-06-10,575.1855942028974,SYN-0016 (genuine_discount)
2026-06-11,571.9085617321797,SYN-0016 (genuine_discount)
2026-06-12,560.7464329336901,SYN-0016 (genuine_discount)
2026-06-13,569.4930468125793,SYN-0016 (genuine_discount)
2026-06-14,551.0685194184923,SYN-0016 (genuine_discount)
2026-06-15,542.7379827670889,SYN-0016 (genuine_discount)
2026-06-16,561.2502819448198,SYN-0016 (genuine_discount)
2026-06-17,548.6870335590987,SYN-0016 (genuine_discount)
2026-06-18,561.2861887804615,SYN-0016 (genuine_discount)
2026-06-19,565.317821887988,SYN-0016 (genuine_discount)
2026-06-20,554.0702356280988,SYN-0016 (genuine_discount)
2026-06-21,566.2498668714206,SYN-0016 (genuine_discount)
2026-06-22,569.5256299515503,SYN-0016 (genuine_discount)
2026-06-23,567.9104143282659,SYN-0016 (genuine_discount)
2026-06-24,587.9643736173055,SYN-0016 (genuine_discount)
2026-06-25,552.8573684628783,SYN-0016 (genuine_discount)
2026-06-26,547.9838390165487,SYN-0016 (genuine_discount)
2026-06-27,569.9048134397233,SYN-0016 (genuine_discount)
2026-06-28,553.4562890541648,SYN-0016 (genuine_discount)
2026-06-29,560.0378279679214,SYN-0016 (genuine_discount)
2026-06-30,569.7933580108914,SYN-0016 (genuine_discount)
2026-07-01,572.6938221049949,SYN-0016 (genuine_discount)
2026-07-02,552.8246078877434,SYN-0016 (genuine_discount)
2026-07-03,565.2874939473295,SYN-0016 (genuine_discount)
2026-07-04,550.7454502325891,SYN-0016 (genuine_discount)
2026-07-05,574.7371607117101,SYN-0016 (genuine_discount)
2026-07-06,551.9442665929618,SYN-0016 (genuine_discount)
2026-07-07,565.0492405724053,SYN-0016 (genuine_discount)
2026-07-08,552.2115913983663,SYN-0016 (genuine_discount)
2026-07-09,570.2027533869583,SYN-0016 (genuine_discount)
2026-07-10,571.5201333881207,SYN-0016 (genuine_discount)
2026-07-11,551.37979970906,SYN-0016 (genuine_discount)
2026-07-12,544.2138013207285,SYN-0016 (genuine_discount)
2026-07-13,560.1748676925457,SYN-0016 (genuine_discount)
2026-07-14,567.7789449632825,SYN-0016 (genuine_discount)
2026-07-15,567.8915969789183,SYN-0016 (genuine_discount)
2026-07-16,573.6442368985696,SYN-0016 (genuine_discount)
2026-07-17,550.202851184276,SYN-0016 (genuine_discount)
2026-07-18,558.2196018490623,SYN-0016 (genuine_discount)
2026-07-19,584.7442182572362,SYN-0016 (genuine_discount)
2026-07-20,563.5864753726413,SYN-0016 (genuine_discount)
2026-07-21,564.3773284235934,SYN-0016 (genuine_discount)
2026-07-22,576.6079241135989,SYN-0016 (genuine_discount)
2026-07-23,573.8998220948739,SYN-0016 (genuine_discount)
2026-07-24,557.4384690910908,SYN-0016 (genuine_discount)
2026-07-25,552.7765274560884,SYN-0016 (genuine_discount)
2026-07-26,543.2675797457488,SYN-0016 (genuine_discount)
2026-07-27,573.5351803822887,SYN-0016 (genuine_discount)
2026-07-28,557.2785328009587,SYN-0016 (genuine_discount)
2026-07-29,563.5248633856518,SYN-0016 (genuine_discount)
2026-07-30,547.9759945591628,SYN-0016 (genuine_discount)
2026-07-31,571.4670171403136,SYN-0016 (genuine_discount)
2026-08-01,568.5778481040534,SYN-0016 (genuine_discount)
2026-08-02,571.0074396176051,SYN-0016 (genuine_discount)
2026-08-03,559.1734162402241,SYN-0016 (genuine_discount)
2026-08-04,558.0511927999308,SYN-0016 (genuine_discount)
2026-08-05,571.3782558304969,SYN-0016 (genuine_discount)
2026-08-06,552.3315182794302,SYN-0016 (genuine_discount)
2026-08-07,555.7404917577556,SYN-0016 (genuine_discount)
2026-08-08,546.7811028712168,SYN-0016 (genuine_discount)
2026-08-09,553.4799206126748,SYN-0016 (genuine_discount)
2026-08-10,550.2040094018802,SYN-0016 (genuine_discount)
2026-08-11,260.66214908592116,SYN-0016 (genuine_discount)
2026-08-12,253.3134719792876,SYN-0016 (genuine_discount)
2026-08-13,259.6005677551323,SYN-0016 (genuine_discount)
2026-08-14,253.276411108598,SYN-0016 (genuine_discount)
2026-08-15,278.49660441545524,SYN-0016 (genuine_discount)
2026-03-18,388.25888299599706,SYN-0017 (genuine_discount)
2026-03-19,394.91004184736784,SYN-0017 (genuine_discount)
2026-03-20,392.1822143760133,SYN-0017 (genuine_discount)
2026-03-21,392.6847248846336,SYN-0017 (genuine_discount)
2026-03-22,393.11626904273743,SYN-0017 (genuine_discount)
2026-03-23,372.84377445112835,SYN-0017 (genuine_discount)
2026-03-24,397.8346637024338,SYN-0017 (genuine_discount)
2026-03-25,382.62711482459827,SYN-0017 (genuine_discount)
2026-03-26,398.0510218976859,SYN-0017 (genuine_discount)
2026-03-27,394.30295034052216,SYN-0017 (genuine_discount)
2026-03-28,384.0779354695282,SYN-0017 (genuine_discount)
2026-03-29,381.2771194044509,SYN-0017 (genuine_discount)
2026-03-30,403.7302220983406,SYN-0017 (genuine_discount)
2026-03-31,384.91384964351124,SYN-0017 (genuine_discount)
2026-04-01,399.4647765915267,SYN-0017 (genuine_discount)
2026-04-02,398.1852046649549,SYN-0017 (genuine_discount)
2026-04-03,393.3115477063356,SYN-0017 (genuine_discount)
2026-04-04,383.5188316090503,SYN-0017 (genuine_discount)
2026-04-05,371.54879839617263,SYN-0017 (genuine_discount)
2026-04-06,394.3432710807356,SYN-0017 (genuine_discount)
2026-04-07,389.86256986261594,SYN-0017 (genuine_discount)
2026-04-08,392.09506419555436,SYN-0017 (genuine_discount)
2026-04-09,414.4239263799387,SYN-0017 (genuine_discount)
2026-04-10,390.41189751825357,SYN-0017 (genuine_discount)
2026-04-11,384.88374220815217,SYN-0017 (genuine_discount)
2026-04-12,386.55001378723216,SYN-0017 (genuine_discount)
2026-04-13,386.9168008585365,SYN-0017 (genuine_discount)
2026-04-14,394.4367226624231,SYN-0017 (genuine_discount)
2026-04-15,389.63626803617825,SYN-0017 (genuine_discount)
2026-04-16,394.5914920331702,SYN-0017 (genuine_discount)
2026-04-17,381.90900418415475,SYN-0017 (genuine_discount)
2026-04-18,393.12076479996836,SYN-0017 (genuine_discount)
2026-04-19,388.5023928871593,SYN-0017 (genuine_discount)
2026-04-20,395.1990004846645,SYN-0017 (genuine_discount)
2026-04-21,389.66662770433317,SYN-0017 (genuine_discount)
2026-04-22,396.7373773168695,SYN-0017 (genuine_discount)
2026-04-23,401.6484434370021,SYN-0017 (genuine_discount)
2026-04-24,400.4750200114565,SYN-0017 (genuine_discount)
2026-04-25,386.9965017805497,SYN-0017 (genuine_discount)
2026-04-26,392.73460648029624,SYN-0017 (genuine_discount)
2026-04-27,395.7010903086728,SYN-0017 (genuine_discount)
2026-04-28,385.7069461356095,SYN-0017 (genuine_discount)
2026-04-29,387.3860373898037,SYN-0017 (genuine_discount)
2026-04-30,384.8763118195317,SYN-0017 (genuine_discount)
2026-05-01,398.52737333060435,SYN-0017 (genuine_discount)
2026-05-02,385.99531556475733,SYN-0017 (genuine_discount)
2026-05-03,395.0083680390429,SYN-0017 (genuine_discount)
2026-05-04,406.94406738653066,SYN-0017 (genuine_discount)
2026-05-05,401.80522653660086,SYN-0017 (genuine_discount)
2026-05-06,394.61995046821403,SYN-0017 (genuine_discount)
2026-05-07,394.4617827405413,SYN-0017 (genuine_discount)
2026-05-08,389.0161849760211,SYN-0017 (genuine_discount)
2026-05-09,405.8021945524454,SYN-0017 (genuine_discount)
2026-05-10,397.4616840058898,SYN-0017 (genuine_discount)
2026-05-11,381.09346318749346,SYN-0017 (genuine_discount)
2026-05-12,394.43278951451737,SYN-0017 (genuine_discount)
2026-05-13,404.7978558144573,SYN-0017 (genuine_discount)
2026-05-14,399.95252182991055,SYN-0017 (genuine_discount)
2026-05-15,396.33475973794907,SYN-0017 (genuine_discount)
2026-05-16,379.30572523283877,SYN-0017 (genuine_discount)
2026-05-17,382.0051670335221,SYN-0017 (genuine_discount)
2026-05-18,404.3521626822321,SYN-0017 (genuine_discount)
2026-05-19,387.8965996154915,SYN-0017 (genuine_discount)
2026-05-20,384.16199507237997,SYN-0017 (genuine_discount)
2026-05-21,390.58571934408644,SYN-0017 (genuine_discount)
2026-05-22,394.6093920960918,SYN-0017 (genuine_discount)
2026-05-23,387.3615855538306,SYN-0017 (genuine_discount)
2026-05-24,389.02949272233167,SYN-0017 (genuine_discount)
2026-05-25,397.22891976351633,SYN-0017 (genuine_discount)
2026-05-26,400.2271044525095,SYN-0017 (genuine_discount)
2026-05-27,380.3036682999667,SYN-0017 (genuine_discount)
2026-05-28,393.2283164211901,SYN-0017 (genuine_discount)
2026-05-29,388.72509232512675,SYN-0017 (genuine_discount)
2026-05-30,393.5203795903264,SYN-0017 (genuine_discount)
2026-05-31,383.70710029263984,SYN-0017 (genuine_discount)
2026-06-01,389.38506477626277,SYN-0017 (genuine_discount)
2026-06-02,394.832856262374,SYN-0017 (genuine_discount)
2026-06-03,392.8336664478388,SYN-0017 (genuine_discount)
2026-06-04,389.2487778880923,SYN-0017 (genuine_discount)
2026-06-05,392.1634751505087,SYN-0017 (genuine_discount)
2026-06-06,385.8683390051101,SYN-0017 (genuine_discount)
2026-06-07,386.15853466071195,SYN-0017 (genuine_discount)
2026-06-08,397.63769801759156,SYN-0017 (genuine_discount)
2026-06-09,393.9750671782719,SYN-0017 (genuine_discount)
2026-06-10,381.7868198955014,SYN-0017 (genuine_discount)
2026-06-11,383.222474048418,SYN-0017 (genuine_discount)
2026-06-12,377.7108356330992,SYN-0017 (genuine_discount)
2026-06-13,377.2431624681088,SYN-0017 (genuine_discount)
2026-06-14,392.0760790180244,SYN-0017 (genuine_discount)
2026-06-15,390.0997861624973,SYN-0017 (genuine_discount)
2026-06-16,379.14050132598845,SYN-0017 (genuine_discount)
2026-06-17,386.22746220908374,SYN-0017 (genuine_discount)
2026-06-18,396.13036333414146,SYN-0017 (genuine_discount)
2026-06-19,393.62152745311784,SYN-0017 (genuine_discount)
2026-06-20,383.7317677207158,SYN-0017 (genuine_discount)
2026-06-21,392.65432148540253,SYN-0017 (genuine_discount)
2026-06-22,387.7225763172558,SYN-0017 (genuine_discount)
2026-06-23,398.93743210750705,SYN-0017 (genuine_discount)
2026-06-24,397.78744499304673,SYN-0017 (genuine_discount)
2026-06-25,397.28574735551047,SYN-0017 (genuine_discount)
2026-06-26,389.9743400411462,SYN-0017 (genuine_discount)
2026-06-27,391.01838306754166,SYN-0017 (genuine_discount)
2026-06-28,378.873950713471,SYN-0017 (genuine_discount)
2026-06-29,402.6712676109841,SYN-0017 (genuine_discount)
2026-06-30,387.94127114161853,SYN-0017 (genuine_discount)
2026-07-01,393.0386567130583,SYN-0017 (genuine_discount)
2026-07-02,400.81486655520945,SYN-0017 (genuine_discount)
2026-07-03,399.260388156274,SYN-0017 (genuine_discount)
2026-07-04,393.30554221142927,SYN-0017 (genuine_discount)
2026-07-05,400.32810944725685,SYN-0017 (genuine_discount)
2026-07-06,389.24343365945,SYN-0017 (genuine_discount)
2026-07-07,389.0704137505691,SYN-0017 (genuine_discount)
2026-07-08,391.194376903303,SYN-0017 (genuine_discount)
2026-07-09,375.78494246432774,SYN-0017 (genuine_discount)
2026-07-10,385.3962157356875,SYN-0017 (genuine_discount)
2026-07-11,397.06054913536195,SYN-0017 (genuine_discount)
2026-07-12,399.4085765550701,SYN-0017 (genuine_discount)
2026-07-13,375.24995668772624,SYN-0017 (genuine_discount)
2026-07-14,388.89122281985675,SYN-0017 (genuine_discount)
2026-07-15,391.5083243963778,SYN-0017 (genuine_discount)
2026-07-16,392.3738643722631,SYN-0017 (genuine_discount)
2026-07-17,394.6117853819125,SYN-0017 (genuine_discount)
2026-07-18,393.4544333211003,SYN-0017 (genuine_discount)
2026-07-19,377.4780014294841,SYN-0017 (genuine_discount)
2026-07-20,389.76978580582045,SYN-0017 (genuine_discount)
2026-07-21,396.72573803623294,SYN-0017 (genuine_discount)
2026-07-22,398.84254720756195,SYN-0017 (genuine_discount)
2026-07-23,388.25175094422383,SYN-0017 (genuine_discount)
2026-07-24,393.2007585507031,SYN-0017 (genuine_discount)
2026-07-25,401.48395244910273,SYN-0017 (genuine_discount)
2026-07-26,399.57527283896684,SYN-0017 (genuine_discount)
2026-07-27,402.1309446089424,SYN-0017 (genuine_discount)
2026-07-28,394.615273566485,SYN-0017 (genuine_discount)
2026-07-29,390.9276920264548,SYN-0017 (genuine_discount)
2026-07-30,394.99522943394766,SYN-0017 (genuine_discount)
2026-07-31,384.46426448930947,SYN-0017 (genuine_discount)
2026-08-01,396.11438149336385,SYN-0017 (genuine_discount)
2026-08-02,371.46266699076773,SYN-0017 (genuine_discount)
2026-08-03,389.61130918136735,SYN-0017 (genuine_discount)
2026-08-04,391.6033329019979,SYN-0017 (genuine_discount)
2026-08-05,383.12319900846103,SYN-0017 (genuine_discount)
2026-08-06,389.56393082308256,SYN-0017 (genuine_discount)
2026-08-07,392.46599178097006,SYN-0017 (genuine_discount)
2026-08-08,397.85418647090785,SYN-0017 (genuine_discount)
2026-08-09,390.17881981595906,SYN-0017 (genuine_discount)
2026-08-10,394.3551315300236,SYN-0017 (genuine_discount)
2026-08-11,188.84744051002116,SYN-0017 (genuine_discount)
2026-08-12,203.5858587248832,SYN-0017 (genuine_discount)
2026-08-13,187.08442129465905,SYN-0017 (genuine_discount)
2026-08-14,197.49451729422944,SYN-0017 (genuine_discount)
2026-08-15,193.43701875669544,SYN-0017 (genuine_discount)
2026-05-07,2324.9631596151917,SYN-0018 (genuine_discount)
2026-05-08,2292.8191292034912,SYN-0018 (genuine_discount)
2026-05-09,2171.2329497785636,SYN-0018 (genuine_discount)
2026-05-10,2267.7487974539513,SYN-0018 (genuine_discount)
2026-05-11,2261.61361376374,SYN-0018 (genuine_discount)
2026-05-12,2292.681003066899,SYN-0018 (genuine_discount)
2026-05-13,2241.127118086037,SYN-0018 (genuine_discount)
2026-05-14,2230.0054276894907,SYN-0018 (genuine_discount)
2026-05-15,2239.4784618041813,SYN-0018 (genuine_discount)
2026-05-16,2248.6453758147627,SYN-0018 (genuine_discount)
2026-05-17,2251.056167926716,SYN-0018 (genuine_discount)
2026-05-18,2244.77915797679,SYN-0018 (genuine_discount)
2026-05-19,2272.935968063561,SYN-0018 (genuine_discount)
2026-05-20,2228.8907449939643,SYN-0018 (genuine_discount)
2026-05-21,2163.0537336138777,SYN-0018 (genuine_discount)
2026-05-22,2268.176539417244,SYN-0018 (genuine_discount)
2026-05-23,2157.91558329784,SYN-0018 (genuine_discount)
2026-05-24,2288.8838763832314,SYN-0018 (genuine_discount)
2026-05-25,2313.7397455679898,SYN-0018 (genuine_discount)
2026-05-26,2182.9247199865954,SYN-0018 (genuine_discount)
2026-05-27,2215.044343368794,SYN-0018 (genuine_discount)
2026-05-28,2290.930291918636,SYN-0018 (genuine_discount)
2026-05-29,2259.2805275498627,SYN-0018 (genuine_discount)
2026-05-30,2232.579105031655,SYN-0018 (genuine_discount)
2026-05-31,2199.347390326223,SYN-0018 (genuine_discount)
2026-06-01,2238.735554299862,SYN-0018 (genuine_discount)
2026-06-02,2312.1981133010504,SYN-0018 (genuine_discount)
2026-06-03,2198.4208849009674,SYN-0018 (genuine_discount)
2026-06-04,2238.8724585631967,SYN-0018 (genuine_discount)
2026-06-05,2316.3640637689023,SYN-0018 (genuine_discount)
2026-06-06,2184.792691457183,SYN-0018 (genuine_discount)
2026-06-07,2220.3579644126776,SYN-0018 (genuine_discount)
2026-06-08,2143.4589207967447,SYN-0018 (genuine_discount)
2026-06-09,2256.3341392253383,SYN-0018 (genuine_discount)
2026-06-10,2267.077017203112,SYN-0018 (genuine_discount)
2026-06-11,2224.4248836071706,SYN-0018 (genuine_discount)
2026-06-12,2269.147677033724,SYN-0018 (genuine_discount)
2026-06-13,2213.0995645364724,SYN-0018 (genuine_discount)
2026-06-14,2230.824158205657,SYN-0018 (genuine_discount)
2026-06-15,2267.3704035721876,SYN-0018 (genuine_discount)
2026-06-16,2271.7992189748425,SYN-0018 (genuine_discount)
2026-06-17,2179.44840627501,SYN-0018 (genuine_discount)
2026-06-18,2253.5830668975304,SYN-0018 (genuine_discount)
2026-06-19,2247.9637914907757,SYN-0018 (genuine_discount)
2026-06-20,2196.1405775035346,SYN-0018 (genuine_discount)
2026-06-21,2242.294757824267,SYN-0018 (genuine_discount)
2026-06-22,2221.124548880087,SYN-0018 (genuine_discount)
2026-06-23,2161.35133449487,SYN-0018 (genuine_discount)
2026-06-24,2321.754031701723,SYN-0018 (genuine_discount)
2026-06-25,2263.896143707845,SYN-0018 (genuine_discount)
2026-06-26,2216.178527779999,SYN-0018 (genuine_discount)
2026-06-27,2227.705805097659,SYN-0018 (genuine_discount)
2026-06-28,2255.199965825593,SYN-0018 (genuine_discount)
2026-06-29,2193.800883501807,SYN-0018 (genuine_discount)
2026-06-30,2212.2802916303617,SYN-0018 (genuine_discount)
2026-07-01,2283.6947399469627,SYN-0018 (genuine_discount)
2026-07-02,2252.4216585085956,SYN-0018 (genuine_discount)
2026-07-03,2261.2443408707463,SYN-0018 (genuine_discount)
2026-07-04,2177.473944164653,SYN-0018 (genuine_discount)
2026-07-05,2300.05427767105,SYN-0018 (genuine_discount)
2026-07-06,2198.4907960488645,SYN-0018 (genuine_discount)
2026-07-07,2161.5396071916325,SYN-0018 (genuine_discount)
2026-07-08,2344.0370496817877,SYN-0018 (genuine_discount)
2026-07-09,2208.7362011159853,SYN-0018 (genuine_discount)
2026-07-10,2173.491367602756,SYN-0018 (genuine_discount)
2026-07-11,2228.69456727725,SYN-0018 (genuine_discount)
2026-07-12,2266.3192793554554,SYN-0018 (genuine_discount)
2026-07-13,2286.1234210173075,SYN-0018 (genuine_discount)
2026-07-14,2285.1445305845236,SYN-0018 (genuine_discount)
2026-07-15,2193.875006158034,SYN-0018 (genuine_discount)
2026-07-16,2304.1754201751687,SYN-0018 (genuine_discount)
2026-07-17,2256.222959934401,SYN-0018 (genuine_discount)
2026-07-18,2220.5671198852892,SYN-0018 (genuine_discount)
2026-07-19,2296.152743206651,SYN-0018 (genuine_discount)
2026-07-20,2210.652821120114,SYN-0018 (genuine_discount)
2026-07-21,2321.934258947925,SYN-0018 (genuine_discount)
2026-07-22,2239.669601470947,SYN-0018 (genuine_discount)
2026-07-23,2231.0296703893655,SYN-0018 (genuine_discount)
2026-07-24,2166.976044708464,SYN-0018 (genuine_discount)
2026-07-25,2262.594127716508,SYN-0018 (genuine_discount)
2026-07-26,2187.448349901064,SYN-0018 (genuine_discount)
2026-07-27,2227.7591603492665,SYN-0018 (genuine_discount)
2026-07-28,2182.433396716465,SYN-0018 (genuine_discount)
2026-07-29,2323.1823157508943,SYN-0018 (genuine_discount)
2026-07-30,2234.6279726230705,SYN-0018 (genuine_discount)
2026-07-31,2213.534840853208,SYN-0018 (genuine_discount)
2026-08-01,2197.044016702424,SYN-0018 (genuine_discount)
2026-08-02,2317.0538592533426,SYN-0018 (genuine_discount)
2026-08-03,2215.918346654245,SYN-0018 (genuine_discount)
2026-08-04,2338.7861519515795,SYN-0018 (genuine_discount)
2026-08-05,2183.760727590605,SYN-0018 (genuine_discount)
2026-08-06,2228.3608466275455,SYN-0018 (genuine_discount)
2026-08-07,2175.0729646165273,SYN-0018 (genuine_discount)
2026-08-08,2230.6161664172964,SYN-0018 (genuine_discount)
2026-08-09,2244.9032169620987,SYN-0018 (genuine_discount)
2026-08-10,2277.0258138134777,SYN-0018 (genuine_discount)
2026-08-11,1695.0360104216315,SYN-0018 (genuine_discount)
2026-08-12,1680.235909602858,SYN-0018 (genuine_discount)
2026-08-13,1659.2126497424904,SYN-0018 (genuine_discount)
2026-08-14,1725.5827004474336,SYN-0018 (genuine_discount)
2026-08-15,1644.2052226218138,SYN-0018 (genuine_discount)
2026-03-10,380.634322976319,SYN-0019 (genuine_discount)
2026-03-11,389.1516417239569,SYN-0019 (genuine_discount)
2026-03-12,378.8225566541282,SYN-0019 (genuine_discount)
2026-03-13,376.57450858792885,SYN-0019 (genuine_discount)
2026-03-14,380.84644929787765,SYN-0019 (genuine_discount)
2026-03-15,386.658677583555,SYN-0019 (genuine_discount)
2026-03-16,386.628723488659,SYN-0019 (genuine_discount)
2026-03-17,381.6801754501657,SYN-0019 (genuine_discount)
2026-03-18,369.6889787838199,SYN-0019 (genuine_discount)
2026-03-19,375.4226173130332,SYN-0019 (genuine_discount)
2026-03-20,373.05783515433274,SYN-0019 (genuine_discount)
2026-03-21,384.80763341134696,SYN-0019 (genuine_discount)
2026-03-22,371.9415215335513,SYN-0019 (genuine_discount)
2026-03-23,363.84902798457966,SYN-0019 (genuine_discount)
2026-03-24,385.3569699515355,SYN-0019 (genuine_discount)
2026-03-25,390.8283372148216,SYN-0019 (genuine_discount)
2026-03-26,400.7309561255869,SYN-0019 (genuine_discount)
2026-03-27,377.40274806494074,SYN-0019 (genuine_discount)
2026-03-28,371.8734129012225,SYN-0019 (genuine_discount)
2026-03-29,366.1384304367251,SYN-0019 (genuine_discount)
2026-03-30,376.914741223498,SYN-0019 (genuine_discount)
2026-03-31,390.05030608991655,SYN-0019 (genuine_discount)
2026-04-01,402.2135163704601,SYN-0019 (genuine_discount)
2026-04-02,371.15474380731325,SYN-0019 (genuine_discount)
2026-04-03,393.89846660782007,SYN-0019 (genuine_discount)
2026-04-04,365.1818924552652,SYN-0019 (genuine_discount)
2026-04-05,383.2243920663564,SYN-0019 (genuine_discount)
2026-04-06,376.72601649707184,SYN-0019 (genuine_discount)
2026-04-07,376.40055124560166,SYN-0019 (genuine_discount)
2026-04-08,381.07095002525324,SYN-0019 (genuine_discount)
2026-04-09,378.63176050246943,SYN-0019 (genuine_discount)
2026-04-10,371.5020627239253,SYN-0019 (genuine_discount)
2026-04-11,378.78922063400466,SYN-0019 (genuine_discount)
2026-04-12,367.4168191209333,SYN-0019 (genuine_discount)
2026-04-13,390.8726705011278,SYN-0019 (genuine_discount)
2026-04-14,381.4220265144412,SYN-0019 (genuine_discount)
2026-04-15,382.1845092143711,SYN-0019 (genuine_discount)
2026-04-16,384.5329462971649,SYN-0019 (genuine_discount)
2026-04-17,378.381627883572,SYN-0019 (genuine_discount)
2026-04-18,374.72819398806763,SYN-0019 (genuine_discount)
2026-04-19,382.02270225685356,SYN-0019 (genuine_discount)
2026-04-20,392.50781790212375,SYN-0019 (genuine_discount)
2026-04-21,390.7233592243624,SYN-0019 (genuine_discount)
2026-04-22,393.90710901304146,SYN-0019 (genuine_discount)
2026-04-23,375.2279496839474,SYN-0019 (genuine_discount)
2026-04-24,391.932936363795,SYN-0019 (genuine_discount)
2026-04-25,381.6877999926908,SYN-0019 (genuine_discount)
2026-04-26,376.44580072449975,SYN-0019 (genuine_discount)
2026-04-27,377.4578981554267,SYN-0019 (genuine_discount)
2026-04-28,374.2377344170325,SYN-0019 (genuine_discount)
2026-04-29,369.76211463782016,SYN-0019 (genuine_discount)
2026-04-30,381.26277329670006,SYN-0019 (genuine_discount)
2026-05-01,377.73309647426294,SYN-0019 (genuine_discount)
2026-05-02,373.10460648171954,SYN-0019 (genuine_discount)
2026-05-03,374.3127628292379,SYN-0019 (genuine_discount)
2026-05-04,380.19082731761864,SYN-0019 (genuine_discount)
2026-05-05,381.4396104551654,SYN-0019 (genuine_discount)
2026-05-06,382.6838537219841,SYN-0019 (genuine_discount)
2026-05-07,383.6883409990281,SYN-0019 (genuine_discount)
2026-05-08,380.9183503506976,SYN-0019 (genuine_discount)
2026-05-09,373.1704428691625,SYN-0019 (genuine_discount)
2026-05-10,383.41418401516086,SYN-0019 (genuine_discount)
2026-05-11,377.51025002729807,SYN-0019 (genuine_discount)
2026-05-12,372.0770139047824,SYN-0019 (genuine_discount)
2026-05-13,376.44908683262065,SYN-0019 (genuine_discount)
2026-05-14,377.7665740501105,SYN-0019 (genuine_discount)
2026-05-15,381.28608169910035,SYN-0019 (genuine_discount)
2026-05-16,383.88464254431875,SYN-0019 (genuine_discount)
2026-05-17,384.04968294632425,SYN-0019 (genuine_discount)
2026-05-18,373.8286590989519,SYN-0019 (genuine_discount)
2026-05-19,384.9749210733378,SYN-0019 (genuine_discount)
2026-05-20,385.21624161907056,SYN-0019 (genuine_discount)
2026-05-21,381.48491679166085,SYN-0019 (genuine_discount)
2026-05-22,369.29557575106656,SYN-0019 (genuine_discount)
2026-05-23,376.4568429499636,SYN-0019 (genuine_discount)
2026-05-24,372.94391594741643,SYN-0019 (genuine_discount)
2026-05-25,367.7252977140018,SYN-0019 (genuine_discount)
2026-05-26,388.6008445675011,SYN-0019 (genuine_discount)
2026-05-27,380.7554005691486,SYN-0019 (genuine_discount)
2026-05-28,375.57505670238356,SYN-0019 (genuine_discount)
2026-05-29,376.02780918425555,SYN-0019 (genuine_discount)
2026-05-30,376.1257166162007,SYN-0019 (genuine_discount)
2026-05-31,386.08149270471176,SYN-0019 (genuine_discount)
2026-06-01,378.01878228373573,SYN-0019 (genuine_discount)
2026-06-02,384.901538010781,SYN-0019 (genuine_discount)
2026-06-03,380.4599949171415,SYN-0019 (genuine_discount)
2026-06-04,377.43360186475377,SYN-0019 (genuine_discount)
2026-06-05,395.6099318253778,SYN-0019 (genuine_discount)
2026-06-06,372.4441443861054,SYN-0019 (genuine_discount)
2026-06-07,384.03919225105705,SYN-0019 (genuine_discount)
2026-06-08,373.690574752117,SYN-0019 (genuine_discount)
2026-06-09,374.47909968582906,SYN-0019 (genuine_discount)
2026-06-10,392.08115554777606,SYN-0019 (genuine_discount)
2026-06-11,383.1740256450751,SYN-0019 (genuine_discount)
2026-06-12,364.53433700074004,SYN-0019 (genuine_discount)
2026-06-13,391.63756959084265,SYN-0019 (genuine_discount)
2026-06-14,371.7786661717728,SYN-0019 (genuine_discount)
2026-06-15,383.2170219030761,SYN-0019 (genuine_discount)
2026-06-16,377.2754965474885,SYN-0019 (genuine_discount)
2026-06-17,385.86246100760917,SYN-0019 (genuine_discount)
2026-06-18,378.07748921902913,SYN-0019 (genuine_discount)
2026-06-19,377.55375736058977,SYN-0019 (genuine_discount)
2026-06-20,389.3676083732628,SYN-0019 (genuine_discount)
2026-06-21,369.5993298338058,SYN-0019 (genuine_discount)
2026-06-22,375.7417771222127,SYN-0019 (genuine_discount)
2026-06-23,379.47555019163906,SYN-0019 (genuine_discount)
2026-06-24,378.4525404623695,SYN-0019 (genuine_discount)
2026-06-25,384.3447183740541,SYN-0019 (genuine_discount)
2026-06-26,366.11544533597623,SYN-0019 (genuine_discount)
2026-06-27,384.5079443639261,SYN-0019 (genuine_discount)
2026-06-28,375.3693115087651,SYN-0019 (genuine_discount)
2026-06-29,371.48928024043903,SYN-0019 (genuine_discount)
2026-06-30,388.7349991640126,SYN-0019 (genuine_discount)
2026-07-01,391.06671705685835,SYN-0019 (genuine_discount)
2026-07-02,387.65674934735074,SYN-0019 (genuine_discount)
2026-07-03,383.64475399333793,SYN-0019 (genuine_discount)
2026-07-04,382.5089354741058,SYN-0019 (genuine_discount)
2026-07-05,381.1549916646357,SYN-0019 (genuine_discount)
2026-07-06,397.4918149944878,SYN-0019 (genuine_discount)
2026-07-07,377.95258777604823,SYN-0019 (genuine_discount)
2026-07-08,391.9799428809074,SYN-0019 (genuine_discount)
2026-07-09,395.28975280961106,SYN-0019 (genuine_discount)
2026-07-10,385.29755459514087,SYN-0019 (genuine_discount)
2026-07-11,373.8593133236903,SYN-0019 (genuine_discount)
2026-07-12,400.36609609290656,SYN-0019 (genuine_discount)
2026-07-13,387.9048938819151,SYN-0019 (genuine_discount)
2026-07-14,403.4662799447609,SYN-0019 (genuine_discount)
2026-07-15,376.4188308887284,SYN-0019 (genuine_discount)
2026-07-16,378.68646545995745,SYN-0019 (genuine_discount)
2026-07-17,373.3974650184084,SYN-0019 (genuine_discount)
2026-07-18,374.25584890244517,SYN-0019 (genuine_discount)
2026-07-19,380.63580198583065,SYN-0019 (genuine_discount)
2026-07-20,371.60284625200825,SYN-0019 (genuine_discount)
2026-07-21,399.9441918170657,SYN-0019 (genuine_discount)
2026-07-22,383.29347096418195,SYN-0019 (genuine_discount)
2026-07-23,369.703402555909,SYN-0019 (genuine_discount)
2026-07-24,383.5818613285061,SYN-0019 (genuine_discount)
2026-07-25,375.89026337105474,SYN-0019 (genuine_discount)
2026-07-26,389.475805477013,SYN-0019 (genuine_discount)
2026-07-27,377.8530762987357,SYN-0019 (genuine_discount)
2026-07-28,376.1987571113266,SYN-0019 (genuine_discount)
2026-07-29,368.12078828733013,SYN-0019 (genuine_discount)
2026-07-30,379.4193521842384,SYN-0019 (genuine_discount)
2026-07-31,389.65533488563835,SYN-0019 (genuine_discount)
2026-08-01,379.00116787435013,SYN-0019 (genuine_discount)
2026-08-02,388.4495303630863,SYN-0019 (genuine_discount)
2026-08-03,388.0170960763223,SYN-0019 (genuine_discount)
2026-08-04,381.3531168604143,SYN-0019 (genuine_discount)
2026-08-05,382.0829201609885,SYN-0019 (genuine_discount)
2026-08-06,368.10889810718186,SYN-0019 (genuine_discount)
2026-08-07,370.6522887729284,SYN-0019 (genuine_discount)
2026-08-08,384.2175821038911,SYN-0019 (genuine_discount)
2026-08-09,386.43439329589324,SYN-0019 (genuine_discount)
2026-08-10,386.17795179250663,SYN-0019 (genuine_discount)
2026-08-11,221.00678067313194,SYN-0019 (genuine_discount)
2026-08-12,208.8761653818216,SYN-0019 (genuine_discount)
2026-08-13,208.2109060901143,SYN-0019 (genuine_discount)
2026-08-14,231.13824907563514,SYN-0019 (genuine_discount)
2026-08-15,209.44107985027338,SYN-0019 (genuine_discount)
2026-03-30,1483.5273561576068,SYN-0020 (genuine_discount)
2026-03-31,1465.012265258955,SYN-0020 (genuine_discount)
2026-04-01,1497.1001235036,SYN-0020 (genuine_discount)
2026-04-02,1520.0559689016138,SYN-0020 (genuine_discount)
2026-04-03,1456.279906359852,SYN-0020 (genuine_discount)
2026-04-04,1482.2571924988085,SYN-0020 (genuine_discount)
2026-04-05,1455.8963193575617,SYN-0020 (genuine_discount)
2026-04-06,1424.039590276501,SYN-0020 (genuine_discount)
2026-04-07,1442.7530524523315,SYN-0020 (genuine_discount)
2026-04-08,1450.1831558032602,SYN-0020 (genuine_discount)
2026-04-09,1482.136070305862,SYN-0020 (genuine_discount)
2026-04-10,1435.9244366713613,SYN-0020 (genuine_discount)
2026-04-11,1486.2184472804836,SYN-0020 (genuine_discount)
2026-04-12,1472.709594115529,SYN-0020 (genuine_discount)
2026-04-13,1449.1958618584213,SYN-0020 (genuine_discount)
2026-04-14,1437.5442787083743,SYN-0020 (genuine_discount)
2026-04-15,1466.300923047535,SYN-0020 (genuine_discount)
2026-04-16,1454.1045484637557,SYN-0020 (genuine_discount)
2026-04-17,1457.0444230093765,SYN-0020 (genuine_discount)
2026-04-18,1441.7666687540832,SYN-0020 (genuine_discount)
2026-04-19,1400.1728525988235,SYN-0020 (genuine_discount)
2026-04-20,1465.9539623305468,SYN-0020 (genuine_discount)
2026-04-21,1448.7305156388254,SYN-0020 (genuine_discount)
2026-04-22,1410.6437376251529,SYN-0020 (genuine_discount)
2026-04-23,1413.7097963848455,SYN-0020 (genuine_discount)
2026-04-24,1461.2554533176926,SYN-0020 (genuine_discount)
2026-04-25,1484.1161347447883,SYN-0020 (genuine_discount)
2026-04-26,1474.09174918915,SYN-0020 (genuine_discount)
2026-04-27,1464.7254830057725,SYN-0020 (genuine_discount)
2026-04-28,1468.7954005418724,SYN-0020 (genuine_discount)
2026-04-29,1475.2854008804452,SYN-0020 (genuine_discount)
2026-04-30,1463.649946851099,SYN-0020 (genuine_discount)
2026-05-01,1462.1055166423282,SYN-0020 (genuine_discount)
2026-05-02,1476.6755855464296,SYN-0020 (genuine_discount)
2026-05-03,1514.393648076938,SYN-0020 (genuine_discount)
2026-05-04,1451.959050515625,SYN-0020 (genuine_discount)
2026-05-05,1429.5367833095738,SYN-0020 (genuine_discount)
2026-05-06,1432.0801784518444,SYN-0020 (genuine_discount)
2026-05-07,1495.2619745179636,SYN-0020 (genuine_discount)
2026-05-08,1509.071117028141,SYN-0020 (genuine_discount)
2026-05-09,1477.030764994713,SYN-0020 (genuine_discount)
2026-05-10,1476.8692081084116,SYN-0020 (genuine_discount)
2026-05-11,1518.3624460295161,SYN-0020 (genuine_discount)
2026-05-12,1500.117669615538,SYN-0020 (genuine_discount)
2026-05-13,1485.4854799867467,SYN-0020 (genuine_discount)
2026-05-14,1440.2541180084984,SYN-0020 (genuine_discount)
2026-05-15,1441.757475098913,SYN-0020 (genuine_discount)
2026-05-16,1442.0732664986672,SYN-0020 (genuine_discount)
2026-05-17,1437.071211564531,SYN-0020 (genuine_discount)
2026-05-18,1425.6855836836855,SYN-0020 (genuine_discount)
2026-05-19,1464.2839070398475,SYN-0020 (genuine_discount)
2026-05-20,1440.793495541068,SYN-0020 (genuine_discount)
2026-05-21,1433.5295158251852,SYN-0020 (genuine_discount)
2026-05-22,1469.111162852125,SYN-0020 (genuine_discount)
2026-05-23,1489.0287524255525,SYN-0020 (genuine_discount)
2026-05-24,1482.1615962408741,SYN-0020 (genuine_discount)
2026-05-25,1405.6628782740725,SYN-0020 (genuine_discount)
2026-05-26,1472.6053296786145,SYN-0020 (genuine_discount)
2026-05-27,1485.9970987615957,SYN-0020 (genuine_discount)
2026-05-28,1493.425275470952,SYN-0020 (genuine_discount)
2026-05-29,1467.4125399300985,SYN-0020 (genuine_discount)
2026-05-30,1462.2389241695337,SYN-0020 (genuine_discount)
2026-05-31,1447.9674882545537,SYN-0020 (genuine_discount)
2026-06-01,1511.8487302654248,SYN-0020 (genuine_discount)
2026-06-02,1449.970633317211,SYN-0020 (genuine_discount)
2026-06-03,1395.0525568024357,SYN-0020 (genuine_discount)
2026-06-04,1471.2508948302245,SYN-0020 (genuine_discount)
2026-06-05,1400.9169700081584,SYN-0020 (genuine_discount)
2026-06-06,1471.530420225665,SYN-0020 (genuine_discount)
2026-06-07,1429.1478511625141,SYN-0020 (genuine_discount)
2026-06-08,1508.039633917802,SYN-0020 (genuine_discount)
2026-06-09,1477.4075293343178,SYN-0020 (genuine_discount)
2026-06-10,1467.9267116360943,SYN-0020 (genuine_discount)
2026-06-11,1510.4313567273555,SYN-0020 (genuine_discount)
2026-06-12,1436.1974847578865,SYN-0020 (genuine_discount)
2026-06-13,1484.1345964585544,SYN-0020 (genuine_discount)
2026-06-14,1494.048131782511,SYN-0020 (genuine_discount)
2026-06-15,1463.4742613722565,SYN-0020 (genuine_discount)
2026-06-16,1400.9460076002629,SYN-0020 (genuine_discount)
2026-06-17,1433.0644775713552,SYN-0020 (genuine_discount)
2026-06-18,1457.2774769585205,SYN-0020 (genuine_discount)
2026-06-19,1439.145251752298,SYN-0020 (genuine_discount)
2026-06-20,1436.346064108846,SYN-0020 (genuine_discount)
2026-06-21,1472.343728885794,SYN-0020 (genuine_discount)
2026-06-22,1440.0492149582753,SYN-0020 (genuine_discount)
2026-06-23,1450.4136018740323,SYN-0020 (genuine_discount)
2026-06-24,1418.50777630173,SYN-0020 (genuine_discount)
2026-06-25,1478.466319163055,SYN-0020 (genuine_discount)
2026-06-26,1418.684901674099,SYN-0020 (genuine_discount)
2026-06-27,1437.0947680392599,SYN-0020 (genuine_discount)
2026-06-28,1492.2792001737528,SYN-0020 (genuine_discount)
2026-06-29,1450.012691375431,SYN-0020 (genuine_discount)
2026-06-30,1531.2592605661343,SYN-0020 (genuine_discount)
2026-07-01,1476.1577599779189,SYN-0020 (genuine_discount)
2026-07-02,1462.9161406702358,SYN-0020 (genuine_discount)
2026-07-03,1457.5698623570765,SYN-0020 (genuine_discount)
2026-07-04,1418.667704781687,SYN-0020 (genuine_discount)
2026-07-05,1486.794846556953,SYN-0020 (genuine_discount)
2026-07-06,1476.8680926031805,SYN-0020 (genuine_discount)
2026-07-07,1480.7171759058733,SYN-0020 (genuine_discount)
2026-07-08,1464.6859480343837,SYN-0020 (genuine_discount)
2026-07-09,1492.8834654920686,SYN-0020 (genuine_discount)
2026-07-10,1443.2889575692823,SYN-0020 (genuine_discount)
2026-07-11,1451.5036775804294,SYN-0020 (genuine_discount)
2026-07-12,1458.86117617618,SYN-0020 (genuine_discount)
2026-07-13,1457.9508871841733,SYN-0020 (genuine_discount)
2026-07-14,1440.3611793245682,SYN-0020 (genuine_discount)
2026-07-15,1462.9135343496105,SYN-0020 (genuine_discount)
2026-07-16,1420.7649755448358,SYN-0020 (genuine_discount)
2026-07-17,1473.0980487636853,SYN-0020 (genuine_discount)
2026-07-18,1439.3254869192197,SYN-0020 (genuine_discount)
2026-07-19,1448.1907568906156,SYN-0020 (genuine_discount)
2026-07-20,1451.113516586341,SYN-0020 (genuine_discount)
2026-07-21,1456.151965836398,SYN-0020 (genuine_discount)
2026-07-22,1466.0588977650311,SYN-0020 (genuine_discount)
2026-07-23,1428.5137709272924,SYN-0020 (genuine_discount)
2026-07-24,1480.420849801957,SYN-0020 (genuine_discount)
2026-07-25,1450.4423758740284,SYN-0020 (genuine_discount)
2026-07-26,1423.71892415004,SYN-0020 (genuine_discount)
2026-07-27,1488.6225080032384,SYN-0020 (genuine_discount)
2026-07-28,1475.9607326247344,SYN-0020 (genuine_discount)
2026-07-29,1487.9526534780714,SYN-0020 (genuine_discount)
2026-07-30,1478.1659225320066,SYN-0020 (genuine_discount)
2026-07-31,1453.4000922882517,SYN-0020 (genuine_discount)
2026-08-01,1453.5462179364654,SYN-0020 (genuine_discount)
2026-08-02,1501.0517594592245,SYN-0020 (genuine_discount)
2026-08-03,1469.678546830984,SYN-0020 (genuine_discount)
2026-08-04,1411.0981204173413,SYN-0020 (genuine_discount)
2026-08-05,1490.8361697920989,SYN-0020 (genuine_discount)
2026-08-06,1502.025012929524,SYN-0020 (genuine_discount)
2026-08-07,1438.5107551889432,SYN-0020 (genuine_discount)
2026-08-08,1445.830382304739,SYN-0020 (genuine_discount)
2026-08-09,1410.7708155155433,SYN-0020 (genuine_discount)
2026-08-10,1479.3814010528386,SYN-0020 (genuine_discount)
2026-08-11,761.624620848059,SYN-0020 (genuine_discount)
2026-08-12,739.2685778470227,SYN-0020 (genuine_discount)
2026-08-13,698.1747296036115,SYN-0020 (genuine_discount)
2026-08-14,686.4966204186891,SYN-0020 (genuine_discount)
2026-08-15,705.3727997578537,SYN-0020 (genuine_discount)
2025-12-28,1323.2963016488577,SYN-0021 (gradual_drift)
2025-12-29,1348.6986548679458,SYN-0021 (gradual_drift)
2025-12-30,1308.4366100629813,SYN-0021 (gradual_drift)
2025-12-31,1368.9836908403029,SYN-0021 (gradual_drift)
2026-01-01,1325.104835597786,SYN-0021 (gradual_drift)
2026-01-02,1346.1487768771383,SYN-0021 (gradual_drift)
2026-01-03,1343.3488005324725,SYN-0021 (gradual_drift)
2026-01-04,1360.355366223396,SYN-0021 (gradual_drift)
2026-01-05,1340.3149137299308,SYN-0021 (gradual_drift)
2026-01-06,1277.6665228549105,SYN-0021 (gradual_drift)
2026-01-07,1298.7417742939565,SYN-0021 (gradual_drift)
2026-01-08,1266.441805759308,SYN-0021 (gradual_drift)
2026-01-09,1319.7310071636468,SYN-0021 (gradual_drift)
2026-01-10,1310.2586158915758,SYN-0021 (gradual_drift)
2026-01-11,1306.6291780851695,SYN-0021 (gradual_drift)
2026-01-12,1348.9063343302032,SYN-0021 (gradual_drift)
2026-01-13,1325.460407439101,SYN-0021 (gradual_drift)
2026-01-14,1337.009928495719,SYN-0021 (gradual_drift)
2026-01-15,1369.5177894260808,SYN-0021 (gradual_drift)
2026-01-16,1392.8719131432163,SYN-0021 (gradual_drift)
2026-01-17,1310.1981478064868,SYN-0021 (gradual_drift)
2026-01-18,1307.285543762359,SYN-0021 (gradual_drift)
2026-01-19,1343.6679420242701,SYN-0021 (gradual_drift)
2026-01-20,1335.8847950092234,SYN-0021 (gradual_drift)
2026-01-21,1404.9567752654618,SYN-0021 (gradual_drift)
2026-01-22,1296.7999646856665,SYN-0021 (gradual_drift)
2026-01-23,1330.4109624014425,SYN-0021 (gradual_drift)
2026-01-24,1365.6662885625296,SYN-0021 (gradual_drift)
2026-01-25,1374.6824211625928,SYN-0021 (gradual_drift)
2026-01-26,1323.7985841566126,SYN-0021 (gradual_drift)
2026-01-27,1332.758365521012,SYN-0021 (gradual_drift)
2026-01-28,1254.5938926706492,SYN-0021 (gradual_drift)
2026-01-29,1316.6987513012048,SYN-0021 (gradual_drift)
2026-01-30,1372.1147273770875,SYN-0021 (gradual_drift)
2026-01-31,1351.5770270050955,SYN-0021 (gradual_drift)
2026-02-01,1343.5499942310958,SYN-0021 (gradual_drift)
2026-02-02,1368.8761731420975,SYN-0021 (gradual_drift)
2026-02-03,1337.2955631241603,SYN-0021 (gradual_drift)
2026-02-04,1351.431922175703,SYN-0021 (gradual_drift)
2026-02-05,1341.5309621967979,SYN-0021 (gradual_drift)
2026-02-06,1319.979503024717,SYN-0021 (gradual_drift)
2026-02-07,1301.5187273602066,SYN-0021 (gradual_drift)
2026-02-08,1337.3543481191707,SYN-0021 (gradual_drift)
2026-02-09,1376.5227997814052,SYN-0021 (gradual_drift)
2026-02-10,1297.8405399710507,SYN-0021 (gradual_drift)
2026-02-11,1353.1241804533581,SYN-0021 (gradual_drift)
2026-02-12,1381.5235257306942,SYN-0021 (gradual_drift)
2026-02-13,1346.0955128707608,SYN-0021 (gradual_drift)
2026-02-14,1360.31654572092,SYN-0021 (gradual_drift)
2026-02-15,1390.1388149079821,SYN-0021 (gradual_drift)
2026-02-16,1339.533847198703,SYN-0021 (gradual_drift)
2026-02-17,1348.426659026542,SYN-0021 (gradual_drift)
2026-02-18,1363.8341033952809,SYN-0021 (gradual_drift)
2026-02-19,1359.4874909643247,SYN-0021 (gradual_drift)
2026-02-20,1327.209315635557,SYN-0021 (gradual_drift)
2026-02-21,1351.2899866328034,SYN-0021 (gradual_drift)
2026-02-22,1343.2404692131197,SYN-0021 (gradual_drift)
2026-02-23,1318.9564675145357,SYN-0021 (gradual_drift)
2026-02-24,1344.3646737262898,SYN-0021 (gradual_drift)
2026-02-25,1383.7823330831043,SYN-0021 (gradual_drift)
2026-02-26,1384.1084555845857,SYN-0021 (gradual_drift)
2026-02-27,1381.7202804209332,SYN-0021 (gradual_drift)
2026-02-28,1421.242056681383,SYN-0021 (gradual_drift)
2026-03-01,1381.9791561516195,SYN-0021 (gradual_drift)
2026-03-02,1330.4193153010926,SYN-0021 (gradual_drift)
2026-03-03,1378.5796961682447,SYN-0021 (gradual_drift)
2026-03-04,1375.4189411096183,SYN-0021 (gradual_drift)
2026-03-05,1375.692632643288,SYN-0021 (gradual_drift)
2026-03-06,1386.9757379798637,SYN-0021 (gradual_drift)
2026-03-07,1393.062981016685,SYN-0021 (gradual_drift)
2026-03-08,1389.3267154087907,SYN-0021 (gradual_drift)
2026-03-09,1391.4948862725337,SYN-0021 (gradual_drift)
2026-03-10,1372.920971028913,SYN-0021 (gradual_drift)
2026-03-11,1366.1818893568116,SYN-0021 (gradual_drift)
2026-03-12,1373.6343352789827,SYN-0021 (gradual_drift)
2026-03-13,1371.7096188058508,SYN-0021 (gradual_drift)
2026-03-14,1312.3664862649714,SYN-0021 (gradual_drift)
2026-03-15,1393.0342783501462,SYN-0021 (gradual_drift)
2026-03-16,1323.4587158095208,SYN-0021 (gradual_drift)
2026-03-17,1368.063871395942,SYN-0021 (gradual_drift)
2026-03-18,1375.5119806931984,SYN-0021 (gradual_drift)
2026-03-19,1327.9715314327864,SYN-0021 (gradual_drift)
2026-03-20,1383.8814529748204,SYN-0021 (gradual_drift)
2026-03-21,1378.7242504284904,SYN-0021 (gradual_drift)
2026-03-22,1448.4183050248655,SYN-0021 (gradual_drift)
2026-03-23,1371.0396743017943,SYN-0021 (gradual_drift)
2026-03-24,1348.3778983233613,SYN-0021 (gradual_drift)
2026-03-25,1373.5622264810524,SYN-0021 (gradual_drift)
2026-03-26,1388.270005735181,SYN-0021 (gradual_drift)
2026-03-27,1382.173404011703,SYN-0021 (gradual_drift)
2026-03-28,1371.215682469482,SYN-0021 (gradual_drift)
2026-03-29,1412.32271328711,SYN-0021 (gradual_drift)
2026-03-30,1405.4790469620443,SYN-0021 (gradual_drift)
2026-03-31,1415.0034086796663,SYN-0021 (gradual_drift)
2026-04-01,1374.9625653883545,SYN-0021 (gradual_drift)
2026-04-02,1381.8883439864546,SYN-0021 (gradual_drift)
2026-04-03,1361.488571997181,SYN-0021 (gradual_drift)
2026-04-04,1425.7687390234382,SYN-0021 (gradual_drift)
2026-04-05,1409.9075042042002,SYN-0021 (gradual_drift)
2026-04-06,1377.6623504505983,SYN-0021 (gradual_drift)
2026-04-07,1402.908419688626,SYN-0021 (gradual_drift)
2026-04-08,1395.7965966617674,SYN-0021 (gradual_drift)
2026-04-09,1349.3629506287284,SYN-0021 (gradual_drift)
2026-04-10,1382.6940843640632,SYN-0021 (gradual_drift)
2026-04-11,1450.996861609096,SYN-0021 (gradual_drift)
2026-04-12,1362.282167290966,SYN-0021 (gradual_drift)
2026-04-13,1445.0416193198673,SYN-0021 (gradual_drift)
2026-04-14,1386.7052138305123,SYN-0021 (gradual_drift)
2026-04-15,1383.0179168625268,SYN-0021 (gradual_drift)
2026-04-16,1419.3680561915849,SYN-0021 (gradual_drift)
2026-04-17,1385.063089740159,SYN-0021 (gradual_drift)
2026-04-18,1381.2798829844835,SYN-0021 (gradual_drift)
2026-04-19,1390.0515727430577,SYN-0021 (gradual_drift)
2026-04-20,1371.2325430367673,SYN-0021 (gradual_drift)
2026-04-21,1412.619570961357,SYN-0021 (gradual_drift)
2026-04-22,1393.86313887236,SYN-0021 (gradual_drift)
2026-04-23,1389.637201629805,SYN-0021 (gradual_drift)
2026-04-24,1434.1333700843916,SYN-0021 (gradual_drift)
2026-04-25,1406.6603599897926,SYN-0021 (gradual_drift)
2026-04-26,1409.3186834941,SYN-0021 (gradual_drift)
2026-04-27,1383.9995549007454,SYN-0021 (gradual_drift)
2026-04-28,1352.9267685128295,SYN-0021 (gradual_drift)
2026-04-29,1371.2859907184998,SYN-0021 (gradual_drift)
2026-04-30,1425.1213126320622,SYN-0021 (gradual_drift)
2026-05-01,1365.7540253866625,SYN-0021 (gradual_drift)
2026-05-02,1411.1933243034157,SYN-0021 (gradual_drift)
2026-05-03,1403.0579351809822,SYN-0021 (gradual_drift)
2026-05-04,1368.4589326618109,SYN-0021 (gradual_drift)
2026-05-05,1399.230728146404,SYN-0021 (gradual_drift)
2026-05-06,1386.5164371935373,SYN-0021 (gradual_drift)
2026-05-07,1410.0229391658027,SYN-0021 (gradual_drift)
2026-05-08,1419.6761457515852,SYN-0021 (gradual_drift)
2026-05-09,1387.4218586680813,SYN-0021 (gradual_drift)
2026-05-10,1405.0754617351308,SYN-0021 (gradual_drift)
2026-05-11,1413.3137903355457,SYN-0021 (gradual_drift)
2026-05-12,1390.5250717450265,SYN-0021 (gradual_drift)
2026-05-13,1376.9950498347955,SYN-0021 (gradual_drift)
2026-05-14,1434.4344237047846,SYN-0021 (gradual_drift)
2026-05-15,1413.9034427142249,SYN-0021 (gradual_drift)
2026-05-16,1436.1056307133335,SYN-0021 (gradual_drift)
2026-05-17,1428.6294321565263,SYN-0021 (gradual_drift)
2026-05-18,1380.3180989784796,SYN-0021 (gradual_drift)
2026-05-19,1457.1303415040004,SYN-0021 (gradual_drift)
2026-05-20,1423.6753684333214,SYN-0021 (gradual_drift)
2026-05-21,1413.873902482392,SYN-0021 (gradual_drift)
2026-05-22,1422.916558274576,SYN-0021 (gradual_drift)
2026-05-23,1382.2743837068992,SYN-0021 (gradual_drift)
2026-05-24,1438.776416406934,SYN-0021 (gradual_drift)
2026-05-25,1395.262007815379,SYN-0021 (gradual_drift)
2026-05-26,1399.7994280288297,SYN-0021 (gradual_drift)
2026-05-27,1426.8458683840117,SYN-0021 (gradual_drift)
2026-05-28,1378.6664195451797,SYN-0021 (gradual_drift)
2026-05-29,1404.0009840814007,SYN-0021 (gradual_drift)
2026-05-30,1415.9670571886188,SYN-0021 (gradual_drift)
2026-05-31,1414.4262232004,SYN-0021 (gradual_drift)
2026-06-01,1440.2179174306857,SYN-0021 (gradual_drift)
2026-06-02,1461.0152868299012,SYN-0021 (gradual_drift)
2026-06-03,1443.542742265445,SYN-0021 (gradual_drift)
2026-06-04,1449.3900232187798,SYN-0021 (gradual_drift)
2026-06-05,1434.9814904454715,SYN-0021 (gradual_drift)
2026-06-06,1428.6896312807671,SYN-0021 (gradual_drift)
2026-06-07,1396.6841492148762,SYN-0021 (gradual_drift)
2026-06-08,1425.4329755030044,SYN-0021 (gradual_drift)
2026-06-09,1440.6889185964126,SYN-0021 (gradual_drift)
2026-06-10,1415.7434266786674,SYN-0021 (gradual_drift)
2026-06-11,1368.508523559372,SYN-0021 (gradual_drift)
2026-06-12,1430.5061071243986,SYN-0021 (gradual_drift)
2026-06-13,1394.1904848534464,SYN-0021 (gradual_drift)
2026-06-14,1431.684052601504,SYN-0021 (gradual_drift)
2026-06-15,1429.3877603486915,SYN-0021 (gradual_drift)
2026-06-16,1464.3543101958173,SYN-0021 (gradual_drift)
2026-06-17,1354.4731663520683,SYN-0021 (gradual_drift)
2026-06-18,1411.069055905326,SYN-0021 (gradual_drift)
2026-06-19,1466.3194880693527,SYN-0021 (gradual_drift)
2026-06-20,1390.5297476545475,SYN-0021 (gradual_drift)
2026-06-21,1387.5279736368173,SYN-0021 (gradual_drift)
2026-06-22,1432.6854449403825,SYN-0021 (gradual_drift)
2026-06-23,1426.277203254769,SYN-0021 (gradual_drift)
2026-06-24,1397.6578366453357,SYN-0021 (gradual_drift)
2026-06-25,1431.434740507312,SYN-0021 (gradual_drift)
2026-06-26,1397.1497407781483,SYN-0021 (gradual_drift)
2026-06-27,1435.0866045242185,SYN-0021 (gradual_drift)
2026-06-28,1407.3512449536329,SYN-0021 (gradual_drift)
2026-06-29,1430.8450433540218,SYN-0021 (gradual_drift)
2026-06-30,1418.0273512686354,SYN-0021 (gradual_drift)
2026-07-01,1441.2790968924214,SYN-0021 (gradual_drift)
2026-07-02,1448.5860112554763,SYN-0021 (gradual_drift)
2026-07-03,1411.2273815799524,SYN-0021 (gradual_drift)
2026-07-04,1420.0706217667698,SYN-0021 (gradual_drift)
2026-07-05,1395.1099521470792,SYN-0021 (gradual_drift)
2026-07-06,1413.1454910590455,SYN-0021 (gradual_drift)
2026-07-07,1424.6601612255968,SYN-0021 (gradual_drift)
2026-07-08,1384.8311439383947,SYN-0021 (gradual_drift)
2026-07-09,1425.6045162035825,SYN-0021 (gradual_drift)
2026-07-10,1408.3481015470009,SYN-0021 (gradual_drift)
2026-07-11,1430.53150877759,SYN-0021 (gradual_drift)
2026-07-12,1424.3005312875405,SYN-0021 (gradual_drift)
2026-07-13,1428.3052139659565,SYN-0021 (gradual_drift)
2026-07-14,1472.9042299581276,SYN-0021 (gradual_drift)
2026-07-15,1416.6373480154116,SYN-0021 (gradual_drift)
2026-07-16,1452.1879042309154,SYN-0021 (gradual_drift)
2026-07-17,1400.4063378218934,SYN-0021 (gradual_drift)
2026-07-18,1392.246225448301,SYN-0021 (gradual_drift)
2026-07-19,1419.8702762380838,SYN-0021 (gradual_drift)
2026-07-20,1435.7403906280763,SYN-0021 (gradual_drift)
2026-07-21,1419.6004537855526,SYN-0021 (gradual_drift)
2026-07-22,1436.1345664468577,SYN-0021 (gradual_drift)
2026-07-23,1426.7088928709545,SYN-0021 (gradual_drift)
2026-07-24,1487.5258821946334,SYN-0021 (gradual_drift)
2026-07-25,1453.204796083978,SYN-0021 (gradual_drift)
2026-07-26,1432.9706605532458,SYN-0021 (gradual_drift)
2026-07-27,1446.7221195149755,SYN-0021 (gradual_drift)
2026-07-28,1422.3390282929886,SYN-0021 (gradual_drift)
2026-07-29,1423.1552064561545,SYN-0021 (gradual_drift)
2026-07-30,1455.5322972127303,SYN-0021 (gradual_drift)
2026-07-31,1428.7431473639763,SYN-0021 (gradual_drift)
2026-08-01,1413.9018871143212,SYN-0021 (gradual_drift)
2026-08-02,1432.8187208486397,SYN-0021 (gradual_drift)
2026-08-03,1440.4300637740812,SYN-0021 (gradual_drift)
2026-08-04,1458.4379859222026,SYN-0021 (gradual_drift)
2026-08-05,1471.9377646517917,SYN-0021 (gradual_drift)
2026-08-06,1443.6918920007458,SYN-0021 (gradual_drift)
2026-08-07,1420.4502858197698,SYN-0021 (gradual_drift)
2026-08-08,1474.709676172927,SYN-0021 (gradual_drift)
2026-08-09,1478.8503482215308,SYN-0021 (gradual_drift)
2026-08-10,1453.7714765257822,SYN-0021 (gradual_drift)
2026-08-11,1475.3031730758964,SYN-0021 (gradual_drift)
2026-08-12,1388.4975039770557,SYN-0021 (gradual_drift)
2026-08-13,1444.3761023299876,SYN-0021 (gradual_drift)
2026-08-14,1505.895586353813,SYN-0021 (gradual_drift)
2026-08-15,1445.718427744382,SYN-0021 (gradual_drift)
2026-01-23,998.4578272829415,SYN-0022 (gradual_drift)
2026-01-24,1008.470311111375,SYN-0022 (gradual_drift)
2026-01-25,1020.8278222236069,SYN-0022 (gradual_drift)
2026-01-26,1019.2615990463179,SYN-0022 (gradual_drift)
2026-01-27,1039.6762267764836,SYN-0022 (gradual_drift)
2026-01-28,1000.9620870249609,SYN-0022 (gradual_drift)
2026-01-29,981.5500817926373,SYN-0022 (gradual_drift)
2026-01-30,981.8043849157854,SYN-0022 (gradual_drift)
2026-01-31,978.8787710715004,SYN-0022 (gradual_drift)
2026-02-01,965.3128917392157,SYN-0022 (gradual_drift)
2026-02-02,945.4984058671475,SYN-0022 (gradual_drift)
2026-02-03,993.7851471708832,SYN-0022 (gradual_drift)
2026-02-04,994.8830036633524,SYN-0022 (gradual_drift)
2026-02-05,998.9086903382819,SYN-0022 (gradual_drift)
2026-02-06,1010.5933392131685,SYN-0022 (gradual_drift)
2026-02-07,1002.0902402624083,SYN-0022 (gradual_drift)
2026-02-08,1013.4307182711641,SYN-0022 (gradual_drift)
2026-02-09,981.0173245329096,SYN-0022 (gradual_drift)
2026-02-10,1011.5360351259961,SYN-0022 (gradual_drift)
2026-02-11,967.5755250166433,SYN-0022 (gradual_drift)
2026-02-12,1004.4839089794391,SYN-0022 (gradual_drift)
2026-02-13,996.2446934829451,SYN-0022 (gradual_drift)
2026-02-14,994.3834343319854,SYN-0022 (gradual_drift)
2026-02-15,973.0212918057528,SYN-0022 (gradual_drift)
2026-02-16,1006.514777572321,SYN-0022 (gradual_drift)
2026-02-17,986.5673551034521,SYN-0022 (gradual_drift)
2026-02-18,985.4733284174803,SYN-0022 (gradual_drift)
2026-02-19,968.3194016854612,SYN-0022 (gradual_drift)
2026-02-20,961.357942778739,SYN-0022 (gradual_drift)
2026-02-21,948.6591132523101,SYN-0022 (gradual_drift)
2026-02-22,995.9931541022303,SYN-0022 (gradual_drift)
2026-02-23,988.8668877557709,SYN-0022 (gradual_drift)
2026-02-24,970.9054966389253,SYN-0022 (gradual_drift)
2026-02-25,961.8563549715609,SYN-0022 (gradual_drift)
2026-02-26,990.1776347827414,SYN-0022 (gradual_drift)
2026-02-27,949.3495107225588,SYN-0022 (gradual_drift)
2026-02-28,957.0186798295526,SYN-0022 (gradual_drift)
2026-03-01,1013.5545840648817,SYN-0022 (gradual_drift)
2026-03-02,977.1201775625909,SYN-0022 (gradual_drift)
2026-03-03,972.2357099682083,SYN-0022 (gradual_drift)
2026-03-04,988.5017633306949,SYN-0022 (gradual_drift)
2026-03-05,1015.3203824231111,SYN-0022 (gradual_drift)
2026-03-06,951.5067032168951,SYN-0022 (gradual_drift)
2026-03-07,961.7957965183972,SYN-0022 (gradual_drift)
2026-03-08,967.948760061271,SYN-0022 (gradual_drift)
2026-03-09,953.3012112856297,SYN-0022 (gradual_drift)
2026-03-10,988.1641164510681,SYN-0022 (gradual_drift)
2026-03-11,977.8532773138525,SYN-0022 (gradual_drift)
2026-03-12,938.1935040874323,SYN-0022 (gradual_drift)
2026-03-13,963.6105365554487,SYN-0022 (gradual_drift)
2026-03-14,949.7325879825106,SYN-0022 (gradual_drift)
2026-03-15,998.5920271691058,SYN-0022 (gradual_drift)
2026-03-16,992.559627853886,SYN-0022 (gradual_drift)
2026-03-17,970.2685818281079,SYN-0022 (gradual_drift)
2026-03-18,960.2535315905773,SYN-0022 (gradual_drift)
2026-03-19,952.3960230680399,SYN-0022 (gradual_drift)
2026-03-20,982.281002721198,SYN-0022 (gradual_drift)
2026-03-21,973.6884750778727,SYN-0022 (gradual_drift)
2026-03-22,964.0947790549118,SYN-0022 (gradual_drift)
2026-03-23,955.8103271945267,SYN-0022 (gradual_drift)
2026-03-24,948.0408388373484,SYN-0022 (gradual_drift)
2026-03-25,935.0902793297389,SYN-0022 (gradual_drift)
2026-03-26,985.2564386733342,SYN-0022 (gradual_drift)
2026-03-27,977.1253855356566,SYN-0022 (gradual_drift)
2026-03-28,941.2827518432684,SYN-0022 (gradual_drift)
2026-03-29,928.8226703581469,SYN-0022 (gradual_drift)
2026-03-30,977.3209611500378,SYN-0022 (gradual_drift)
2026-03-31,952.5024148072644,SYN-0022 (gradual_drift)
2026-04-01,945.7435787389419,SYN-0022 (gradual_drift)
2026-04-02,1007.3562367836811,SYN-0022 (gradual_drift)
2026-04-03,945.7449402180066,SYN-0022 (gradual_drift)
2026-04-04,944.6043019045733,SYN-0022 (gradual_drift)
2026-04-05,993.9921887726587,SYN-0022 (gradual_drift)
2026-04-06,964.2164477573459,SYN-0022 (gradual_drift)
2026-04-07,980.5506272836175,SYN-0022 (gradual_drift)
2026-04-08,974.6668302356788,SYN-0022 (gradual_drift)
2026-04-09,970.4235045088648,SYN-0022 (gradual_drift)
2026-04-10,939.4864540065519,SYN-0022 (gradual_drift)
2026-04-11,935.0169253254181,SYN-0022 (gradual_drift)
2026-04-12,968.2944656285263,SYN-0022 (gradual_drift)
2026-04-13,922.3927210168582,SYN-0022 (gradual_drift)
2026-04-14,952.5354321784885,SYN-0022 (gradual_drift)
2026-04-15,952.7493637342138,SYN-0022 (gradual_drift)
2026-04-16,942.592113080571,SYN-0022 (gradual_drift)
2026-04-17,955.8711564120148,SYN-0022 (gradual_drift)
2026-04-18,937.7066937010864,SYN-0022 (gradual_drift)
2026-04-19,957.3913773735597,SYN-0022 (gradual_drift)
2026-04-20,970.567615913926,SYN-0022 (gradual_drift)
2026-04-21,928.4932310332897,SYN-0022 (gradual_drift)
2026-04-22,950.8367393431461,SYN-0022 (gradual_drift)
2026-04-23,970.4871479212139,SYN-0022 (gradual_drift)
2026-04-24,909.328227260254,SYN-0022 (gradual_drift)
2026-04-25,950.4398603798566,SYN-0022 (gradual_drift)
2026-04-26,931.877957256372,SYN-0022 (gradual_drift)
2026-04-27,918.5114618554649,SYN-0022 (gradual_drift)
2026-04-28,913.6582299488744,SYN-0022 (gradual_drift)
2026-04-29,943.5341971242399,SYN-0022 (gradual_drift)
2026-04-30,950.2367464781613,SYN-0022 (gradual_drift)
2026-05-01,930.0023933068668,SYN-0022 (gradual_drift)
2026-05-02,957.0986311970388,SYN-0022 (gradual_drift)
2026-05-03,951.7111040507889,SYN-0022 (gradual_drift)
2026-05-04,946.7265920042131,SYN-0022 (gradual_drift)
2026-05-05,959.9468725324551,SYN-0022 (gradual_drift)
2026-05-06,938.3802515745804,SYN-0022 (gradual_drift)
2026-05-07,939.0094359037463,SYN-0022 (gradual_drift)
2026-05-08,939.8000033295081,SYN-0022 (gradual_drift)
2026-05-09,913.8170095243559,SYN-0022 (gradual_drift)
2026-05-10,974.9211708083367,SYN-0022 (gradual_drift)
2026-05-11,901.1891398726575,SYN-0022 (gradual_drift)
2026-05-12,923.4985944334275,SYN-0022 (gradual_drift)
2026-05-13,918.1387941775693,SYN-0022 (gradual_drift)
2026-05-14,924.2522665371516,SYN-0022 (gradual_drift)
2026-05-15,926.8654505555554,SYN-0022 (gradual_drift)
2026-05-16,937.1694043274362,SYN-0022 (gradual_drift)
2026-05-17,915.7425421837565,SYN-0022 (gradual_drift)
2026-05-18,941.0432662422825,SYN-0022 (gradual_drift)
2026-05-19,927.8835342797662,SYN-0022 (gradual_drift)
2026-05-20,962.2431687369602,SYN-0022 (gradual_drift)
2026-05-21,915.6695686617475,SYN-0022 (gradual_drift)
2026-05-22,939.8901047246903,SYN-0022 (gradual_drift)
2026-05-23,928.090293583909,SYN-0022 (gradual_drift)
2026-05-24,936.0519361735153,SYN-0022 (gradual_drift)
2026-05-25,918.7111421324764,SYN-0022 (gradual_drift)
2026-05-26,909.0607277846824,SYN-0022 (gradual_drift)
2026-05-27,937.6055370907206,SYN-0022 (gradual_drift)
2026-05-28,893.3087322467956,SYN-0022 (gradual_drift)
2026-05-29,926.4739831280299,SYN-0022 (gradual_drift)
2026-05-30,900.3566364519774,SYN-0022 (gradual_drift)
2026-05-31,916.1729035839952,SYN-0022 (gradual_drift)
2026-06-01,908.9966665199297,SYN-0022 (gradual_drift)
2026-06-02,900.5085746225685,SYN-0022 (gradual_drift)
2026-06-03,904.9138327539864,SYN-0022 (gradual_drift)
2026-06-04,940.7661364259999,SYN-0022 (gradual_drift)
2026-06-05,965.0825418618884,SYN-0022 (gradual_drift)
2026-06-06,932.4493565971945,SYN-0022 (gradual_drift)
2026-06-07,907.2787873951768,SYN-0022 (gradual_drift)
2026-06-08,944.4399521054487,SYN-0022 (gradual_drift)
2026-06-09,881.9282435134711,SYN-0022 (gradual_drift)
2026-06-10,928.8623942121753,SYN-0022 (gradual_drift)
2026-06-11,907.8835900900546,SYN-0022 (gradual_drift)
2026-06-12,895.8600556685128,SYN-0022 (gradual_drift)
2026-06-13,894.8770880842237,SYN-0022 (gradual_drift)
2026-06-14,921.0340916213377,SYN-0022 (gradual_drift)
2026-06-15,896.5243362775061,SYN-0022 (gradual_drift)
2026-06-16,877.1624616990282,SYN-0022 (gradual_drift)
2026-06-17,907.4659412018287,SYN-0022 (gradual_drift)
2026-06-18,902.0522265488892,SYN-0022 (gradual_drift)
2026-06-19,882.2608350622223,SYN-0022 (gradual_drift)
2026-06-20,907.7303498275683,SYN-0022 (gradual_drift)
2026-06-21,899.0713363639136,SYN-0022 (gradual_drift)
2026-06-22,910.7069104295667,SYN-0022 (gradual_drift)
2026-06-23,889.0410592906272,SYN-0022 (gradual_drift)
2026-06-24,877.3224637268345,SYN-0022 (gradual_drift)
2026-06-25,899.9556573545475,SYN-0022 (gradual_drift)
2026-06-26,888.4013482926295,SYN-0022 (gradual_drift)
2026-06-27,925.6101127206425,SYN-0022 (gradual_drift)
2026-06-28,913.4881095072327,SYN-0022 (gradual_drift)
2026-06-29,907.2695506674345,SYN-0022 (gradual_drift)
2026-06-30,910.6527710135754,SYN-0022 (gradual_drift)
2026-07-01,904.5898917447081,SYN-0022 (gradual_drift)
2026-07-02,901.6669985914774,SYN-0022 (gradual_drift)
2026-07-03,871.3399867743501,SYN-0022 (gradual_drift)
2026-07-04,913.0817181651724,SYN-0022 (gradual_drift)
2026-07-05,871.2251544530079,SYN-0022 (gradual_drift)
2026-07-06,902.5285914698135,SYN-0022 (gradual_drift)
2026-07-07,907.4080770859064,SYN-0022 (gradual_drift)
2026-07-08,861.7740956811654,SYN-0022 (gradual_drift)
2026-07-09,921.1050815713367,SYN-0022 (gradual_drift)
2026-07-10,869.182543077508,SYN-0022 (gradual_drift)
2026-07-11,908.6025428532147,SYN-0022 (gradual_drift)
2026-07-12,908.2888712725637,SYN-0022 (gradual_drift)
2026-07-13,869.6381736906734,SYN-0022 (gradual_drift)
2026-07-14,886.9963305983043,SYN-0022 (gradual_drift)
2026-07-15,883.5338588298424,SYN-0022 (gradual_drift)
2026-07-16,903.2912804779221,SYN-0022 (gradual_drift)
2026-07-17,932.1352352568516,SYN-0022 (gradual_drift)
2026-07-18,826.0363370319284,SYN-0022 (gradual_drift)
2026-07-19,900.9166104860578,SYN-0022 (gradual_drift)
2026-07-20,909.5648593492059,SYN-0022 (gradual_drift)
2026-07-21,900.9563033744093,SYN-0022 (gradual_drift)
2026-07-22,898.9616553595123,SYN-0022 (gradual_drift)
2026-07-23,914.5200688134039,SYN-0022 (gradual_drift)
2026-07-24,905.6806003412203,SYN-0022 (gradual_drift)
2026-07-25,879.91107664184,SYN-0022 (gradual_drift)
2026-07-26,888.8199256621483,SYN-0022 (gradual_drift)
2026-07-27,898.8324562629608,SYN-0022 (gradual_drift)
2026-07-28,918.6502124578267,SYN-0022 (gradual_drift)
2026-07-29,866.5017164930146,SYN-0022 (gradual_drift)
2026-07-30,937.6588728792036,SYN-0022 (gradual_drift)
2026-07-31,875.4041764137389,SYN-0022 (gradual_drift)
2026-08-01,888.5338359416365,SYN-0022 (gradual_drift)
2026-08-02,905.7673379931256,SYN-0022 (gradual_drift)
2026-08-03,912.1923588385877,SYN-0022 (gradual_drift)
2026-08-04,894.3854457072687,SYN-0022 (gradual_drift)
2026-08-05,893.0920063670428,SYN-0022 (gradual_drift)
2026-08-06,905.8116366822261,SYN-0022 (gradual_drift)
2026-08-07,852.9492416127824,SYN-0022 (gradual_drift)
2026-08-08,899.026263928198,SYN-0022 (gradual_drift)
2026-08-09,861.7173243123932,SYN-0022 (gradual_drift)
2026-08-10,869.6559621942533,SYN-0022 (gradual_drift)
2026-08-11,881.1052370113018,SYN-0022 (gradual_drift)
2026-08-12,865.262368882892,SYN-0022 (gradual_drift)
2026-08-13,854.8431746603732,SYN-0022 (gradual_drift)
2026-08-14,901.4173106729384,SYN-0022 (gradual_drift)
2026-08-15,888.8956388389055,SYN-0022 (gradual_drift)
2026-01-12,1002.5361295527091,SYN-0023 (gradual_drift)
2026-01-13,1010.7271249007463,SYN-0023 (gradual_drift)
2026-01-14,971.2519348061412,SYN-0023 (gradual_drift)
2026-01-15,978.7986601908586,SYN-0023 (gradual_drift)
2026-01-16,970.8836452875662,SYN-0023 (gradual_drift)
2026-01-17,968.2908549597594,SYN-0023 (gradual_drift)
2026-01-18,1011.2678500879224,SYN-0023 (gradual_drift)
2026-01-19,978.8928928528167,SYN-0023 (gradual_drift)
2026-01-20,1024.2724736552882,SYN-0023 (gradual_drift)
2026-01-21,952.8477005574911,SYN-0023 (gradual_drift)
2026-01-22,998.8202883932787,SYN-0023 (gradual_drift)
2026-01-23,1000.5552565636568,SYN-0023 (gradual_drift)
2026-01-24,1000.9341966584955,SYN-0023 (gradual_drift)
2026-01-25,980.7816553006481,SYN-0023 (gradual_drift)
2026-01-26,988.2043026683596,SYN-0023 (gradual_drift)
2026-01-27,1007.9343055245456,SYN-0023 (gradual_drift)
2026-01-28,1023.8839562180972,SYN-0023 (gradual_drift)
2026-01-29,1006.9678413048232,SYN-0023 (gradual_drift)
2026-01-30,1000.7769109687019,SYN-0023 (gradual_drift)
2026-01-31,983.7593317698542,SYN-0023 (gradual_drift)
2026-02-01,990.7933128168639,SYN-0023 (gradual_drift)
2026-02-02,986.771115344405,SYN-0023 (gradual_drift)
2026-02-03,983.0473014779445,SYN-0023 (gradual_drift)
2026-02-04,969.732551925926,SYN-0023 (gradual_drift)
2026-02-05,987.470202289981,SYN-0023 (gradual_drift)
2026-02-06,967.8047158949926,SYN-0023 (gradual_drift)
2026-02-07,994.4982114720582,SYN-0023 (gradual_drift)
2026-02-08,977.0840317687358,SYN-0023 (gradual_drift)
2026-02-09,962.8859598245825,SYN-0023 (gradual_drift)
2026-02-10,956.4069616848273,SYN-0023 (gradual_drift)
2026-02-11,964.3404873914735,SYN-0023 (gradual_drift)
2026-02-12,972.2491757201959,SYN-0023 (gradual_drift)
2026-02-13,976.1080747975593,SYN-0023 (gradual_drift)
2026-02-14,972.0312539216787,SYN-0023 (gradual_drift)
2026-02-15,974.7273051667399,SYN-0023 (gradual_drift)
2026-02-16,976.4681779209345,SYN-0023 (gradual_drift)
2026-02-17,1003.3124420236265,SYN-0023 (gradual_drift)
2026-02-18,972.4862427905551,SYN-0023 (gradual_drift)
2026-02-19,974.9071164812401,SYN-0023 (gradual_drift)
2026-02-20,977.5179538865597,SYN-0023 (gradual_drift)
2026-02-21,996.2048275476192,SYN-0023 (gradual_drift)
2026-02-22,961.913465301005,SYN-0023 (gradual_drift)
2026-02-23,960.7760266860761,SYN-0023 (gradual_drift)
2026-02-24,966.8170972532947,SYN-0023 (gradual_drift)
2026-02-25,994.2151715359978,SYN-0023 (gradual_drift)
2026-02-26,975.6938322680746,SYN-0023 (gradual_drift)
2026-02-27,976.6731884595434,SYN-0023 (gradual_drift)
2026-02-28,989.276307447461,SYN-0023 (gradual_drift)
2026-03-01,977.7183794721491,SYN-0023 (gradual_drift)
2026-03-02,996.1612584922844,SYN-0023 (gradual_drift)
2026-03-03,1029.404907912964,SYN-0023 (gradual_drift)
2026-03-04,975.9517683482256,SYN-0023 (gradual_drift)
2026-03-05,965.1116768569958,SYN-0023 (gradual_drift)
2026-03-06,989.9855689495644,SYN-0023 (gradual_drift)
2026-03-07,972.5777206945287,SYN-0023 (gradual_drift)
2026-03-08,985.423166492061,SYN-0023 (gradual_drift)
2026-03-09,960.8233136472235,SYN-0023 (gradual_drift)
2026-03-10,948.0477072128972,SYN-0023 (gradual_drift)
2026-03-11,981.3192634107398,SYN-0023 (gradual_drift)
2026-03-12,993.1707066796647,SYN-0023 (gradual_drift)
2026-03-13,980.8554710173688,SYN-0023 (gradual_drift)
2026-03-14,976.3237139708845,SYN-0023 (gradual_drift)
2026-03-15,929.6247747015651,SYN-0023 (gradual_drift)
2026-03-16,993.8893998481076,SYN-0023 (gradual_drift)
2026-03-17,970.5963503620122,SYN-0023 (gradual_drift)
2026-03-18,982.6433370023752,SYN-0023 (gradual_drift)
2026-03-19,961.3353776961906,SYN-0023 (gradual_drift)
2026-03-20,961.6014263317859,SYN-0023 (gradual_drift)
2026-03-21,974.7180932711461,SYN-0023 (gradual_drift)
2026-03-22,968.6229220930579,SYN-0023 (gradual_drift)
2026-03-23,952.3100349616903,SYN-0023 (gradual_drift)
2026-03-24,964.880779306594,SYN-0023 (gradual_drift)
2026-03-25,967.8517143038097,SYN-0023 (gradual_drift)
2026-03-26,953.5595169717182,SYN-0023 (gradual_drift)
2026-03-27,955.2071913818376,SYN-0023 (gradual_drift)
2026-03-28,948.3542688592173,SYN-0023 (gradual_drift)
2026-03-29,956.3121834935534,SYN-0023 (gradual_drift)
2026-03-30,946.7976410324042,SYN-0023 (gradual_drift)
2026-03-31,937.7587161295976,SYN-0023 (gradual_drift)
2026-04-01,934.6937073211753,SYN-0023 (gradual_drift)
2026-04-02,952.9634948266219,SYN-0023 (gradual_drift)
2026-04-03,958.0387658762562,SYN-0023 (gradual_drift)
2026-04-04,981.9113884706818,SYN-0023 (gradual_drift)
2026-04-05,904.7428517390713,SYN-0023 (gradual_drift)
2026-04-06,918.4466811322354,SYN-0023 (gradual_drift)
2026-04-07,956.3084299997116,SYN-0023 (gradual_drift)
2026-04-08,952.5378192838413,SYN-0023 (gradual_drift)
2026-04-09,974.7494020888663,SYN-0023 (gradual_drift)
2026-04-10,966.9004510043868,SYN-0023 (gradual_drift)
2026-04-11,961.3546055755241,SYN-0023 (gradual_drift)
2026-04-12,920.2690147629704,SYN-0023 (gradual_drift)
2026-04-13,955.0217285738639,SYN-0023 (gradual_drift)
2026-04-14,911.1059269179773,SYN-0023 (gradual_drift)
2026-04-15,962.7633079169291,SYN-0023 (gradual_drift)
2026-04-16,953.9339451230444,SYN-0023 (gradual_drift)
2026-04-17,965.8438539732714,SYN-0023 (gradual_drift)
2026-04-18,938.8535333510969,SYN-0023 (gradual_drift)
2026-04-19,958.3549063648303,SYN-0023 (gradual_drift)
2026-04-20,995.878594589812,SYN-0023 (gradual_drift)
2026-04-21,953.759738380082,SYN-0023 (gradual_drift)
2026-04-22,923.7828558037386,SYN-0023 (gradual_drift)
2026-04-23,931.0622387763374,SYN-0023 (gradual_drift)
2026-04-24,948.6605087790068,SYN-0023 (gradual_drift)
2026-04-25,929.4307005099855,SYN-0023 (gradual_drift)
2026-04-26,959.998391693928,SYN-0023 (gradual_drift)
2026-04-27,949.1465025711899,SYN-0023 (gradual_drift)
2026-04-28,968.5611815084468,SYN-0023 (gradual_drift)
2026-04-29,901.5136856726493,SYN-0023 (gradual_drift)
2026-04-30,980.3513201753537,SYN-0023 (gradual_drift)
2026-05-01,944.1299827678582,SYN-0023 (gradual_drift)
2026-05-02,930.7232037794698,SYN-0023 (gradual_drift)
2026-05-03,976.798870096966,SYN-0023 (gradual_drift)
2026-05-04,918.7870596059541,SYN-0023 (gradual_drift)
2026-05-05,922.0936909811359,SYN-0023 (gradual_drift)
2026-05-06,963.2043723194114,SYN-0023 (gradual_drift)
2026-05-07,956.8245814357992,SYN-0023 (gradual_drift)
2026-05-08,927.7866114645788,SYN-0023 (gradual_drift)
2026-05-09,974.4447913830353,SYN-0023 (gradual_drift)
2026-05-10,945.5182517477597,SYN-0023 (gradual_drift)
2026-05-11,933.192449666185,SYN-0023 (gradual_drift)
2026-05-12,917.7057916966494,SYN-0023 (gradual_drift)
2026-05-13,958.9614671229101,SYN-0023 (gradual_drift)
2026-05-14,964.1215282046684,SYN-0023 (gradual_drift)
2026-05-15,943.4541724007494,SYN-0023 (gradual_drift)
2026-05-16,969.4844422951921,SYN-0023 (gradual_drift)
2026-05-17,935.0614981498054,SYN-0023 (gradual_drift)
2026-05-18,938.8969607703493,SYN-0023 (gradual_drift)
2026-05-19,931.2790037165555,SYN-0023 (gradual_drift)
2026-05-20,939.8261999761163,SYN-0023 (gradual_drift)
2026-05-21,906.1992250416039,SYN-0023 (gradual_drift)
2026-05-22,942.7980974388666,SYN-0023 (gradual_drift)
2026-05-23,926.5087444499229,SYN-0023 (gradual_drift)
2026-05-24,943.1039002183861,SYN-0023 (gradual_drift)
2026-05-25,933.5778298169986,SYN-0023 (gradual_drift)
2026-05-26,929.9177155089657,SYN-0023 (gradual_drift)
2026-05-27,948.2418985431815,SYN-0023 (gradual_drift)
2026-05-28,952.9857970944684,SYN-0023 (gradual_drift)
2026-05-29,934.1727762819083,SYN-0023 (gradual_drift)
2026-05-30,943.8956714936741,SYN-0023 (gradual_drift)
2026-05-31,958.3282555182611,SYN-0023 (gradual_drift)
2026-06-01,918.3908667785523,SYN-0023 (gradual_drift)
2026-06-02,953.9377149634055,SYN-0023 (gradual_drift)
2026-06-03,954.1739495452312,SYN-0023 (gradual_drift)
2026-06-04,924.8400633398846,SYN-0023 (gradual_drift)
2026-06-05,959.7736497488372,SYN-0023 (gradual_drift)
2026-06-06,954.249798440458,SYN-0023 (gradual_drift)
2026-06-07,926.949499402332,SYN-0023 (gradual_drift)
2026-06-08,923.6416536845306,SYN-0023 (gradual_drift)
2026-06-09,880.1385289640968,SYN-0023 (gradual_drift)
2026-06-10,915.4502355537943,SYN-0023 (gradual_drift)
2026-06-11,923.4516857051397,SYN-0023 (gradual_drift)
2026-06-12,932.1735966027305,SYN-0023 (gradual_drift)
2026-06-13,934.6593659659669,SYN-0023 (gradual_drift)
2026-06-14,952.6059724627545,SYN-0023 (gradual_drift)
2026-06-15,924.2648969879413,SYN-0023 (gradual_drift)
2026-06-16,954.7342499072884,SYN-0023 (gradual_drift)
2026-06-17,896.5942961181371,SYN-0023 (gradual_drift)
2026-06-18,907.4314050681198,SYN-0023 (gradual_drift)
2026-06-19,939.8660834244662,SYN-0023 (gradual_drift)
2026-06-20,912.6618894660985,SYN-0023 (gradual_drift)
2026-06-21,926.897002823925,SYN-0023 (gradual_drift)
2026-06-22,924.0031453021799,SYN-0023 (gradual_drift)
2026-06-23,919.8756763069406,SYN-0023 (gradual_drift)
2026-06-24,939.3447187351428,SYN-0023 (gradual_drift)
2026-06-25,955.1118228845821,SYN-0023 (gradual_drift)
2026-06-26,919.8121213845061,SYN-0023 (gradual_drift)
2026-06-27,924.8759147129634,SYN-0023 (gradual_drift)
2026-06-28,953.2475732537835,SYN-0023 (gradual_drift)
2026-06-29,911.7128934833535,SYN-0023 (gradual_drift)
2026-06-30,901.0431280815668,SYN-0023 (gradual_drift)
2026-07-01,927.9870631773238,SYN-0023 (gradual_drift)
2026-07-02,931.807995458332,SYN-0023 (gradual_drift)
2026-07-03,957.8420644523017,SYN-0023 (gradual_drift)
2026-07-04,930.6241821588277,SYN-0023 (gradual_drift)
2026-07-05,913.3700327219891,SYN-0023 (gradual_drift)
2026-07-06,913.4265075197503,SYN-0023 (gradual_drift)
2026-07-07,931.808674537793,SYN-0023 (gradual_drift)
2026-07-08,942.6090525950247,SYN-0023 (gradual_drift)
2026-07-09,948.1350154451287,SYN-0023 (gradual_drift)
2026-07-10,943.4231259711169,SYN-0023 (gradual_drift)
2026-07-11,908.7375271089837,SYN-0023 (gradual_drift)
2026-07-12,929.6110107293681,SYN-0023 (gradual_drift)
2026-07-13,933.0622270303796,SYN-0023 (gradual_drift)
2026-07-14,872.1874837078017,SYN-0023 (gradual_drift)
2026-07-15,912.423308753291,SYN-0023 (gradual_drift)
2026-07-16,957.710719348928,SYN-0023 (gradual_drift)
2026-07-17,911.0561716527541,SYN-0023 (gradual_drift)
2026-07-18,937.1157247358808,SYN-0023 (gradual_drift)
2026-07-19,902.2063801898521,SYN-0023 (gradual_drift)
2026-07-20,894.8642226798191,SYN-0023 (gradual_drift)
2026-07-21,925.6929970259632,SYN-0023 (gradual_drift)
2026-07-22,909.7895573671351,SYN-0023 (gradual_drift)
2026-07-23,908.2557714370456,SYN-0023 (gradual_drift)
2026-07-24,918.0984119770317,SYN-0023 (gradual_drift)
2026-07-25,903.6031098803531,SYN-0023 (gradual_drift)
2026-07-26,956.5505547420407,SYN-0023 (gradual_drift)
2026-07-27,930.6525659491467,SYN-0023 (gradual_drift)
2026-07-28,929.6238335965381,SYN-0023 (gradual_drift)
2026-07-29,919.2357519464332,SYN-0023 (gradual_drift)
2026-07-30,912.6522884787704,SYN-0023 (gradual_drift)
2026-07-31,904.5310699187398,SYN-0023 (gradual_drift)
2026-08-01,902.933259628436,SYN-0023 (gradual_drift)
2026-08-02,972.9469471288123,SYN-0023 (gradual_drift)
2026-08-03,896.4302264873274,SYN-0023 (gradual_drift)
2026-08-04,893.404771870088,SYN-0023 (gradual_drift)
2026-08-05,918.7261804431126,SYN-0023 (gradual_drift)
2026-08-06,927.2011562869354,SYN-0023 (gradual_drift)
2026-08-07,893.6417780299655,SYN-0023 (gradual_drift)
2026-08-08,926.6182054117525,SYN-0023 (gradual_drift)
2026-08-09,889.163942763506,SYN-0023 (gradual_drift)
2026-08-10,912.4252100318072,SYN-0023 (gradual_drift)
2026-08-11,918.5019721029803,SYN-0023 (gradual_drift)
2026-08-12,873.5926124672296,SYN-0023 (gradual_drift)
2026-08-13,909.194130148145,SYN-0023 (gradual_drift)
2026-08-14,922.4988235043118,SYN-0023 (gradual_drift)
2026-08-15,895.2021087318642,SYN-0023 (gradual_drift)
2026-04-13,1019.7486257393656,SYN-0024 (gradual_drift)
2026-04-14,988.1576059042264,SYN-0024 (gradual_drift)
2026-04-15,1016.6941867062924,SYN-0024 (gradual_drift)
2026-04-16,1003.7619962076184,SYN-0024 (gradual_drift)
2026-04-17,1008.5275175881045,SYN-0024 (gradual_drift)
2026-04-18,965.6329880721555,SYN-0024 (gradual_drift)
2026-04-19,967.0224739704953,SYN-0024 (gradual_drift)
2026-04-20,993.702956595954,SYN-0024 (gradual_drift)
2026-04-21,999.3349131775027,SYN-0024 (gradual_drift)
2026-04-22,969.8483456094777,SYN-0024 (gradual_drift)
2026-04-23,997.3963570210533,SYN-0024 (gradual_drift)
2026-04-24,971.5048230667799,SYN-0024 (gradual_drift)
2026-04-25,1012.4062757903793,SYN-0024 (gradual_drift)
2026-04-26,953.5950415684908,SYN-0024 (gradual_drift)
2026-04-27,987.5431783423145,SYN-0024 (gradual_drift)
2026-04-28,951.8179249968167,SYN-0024 (gradual_drift)
2026-04-29,973.9168733596962,SYN-0024 (gradual_drift)
2026-04-30,988.918484359689,SYN-0024 (gradual_drift)
2026-05-01,1015.1426759688064,SYN-0024 (gradual_drift)
2026-05-02,973.1479813923264,SYN-0024 (gradual_drift)
2026-05-03,961.6319943007984,SYN-0024 (gradual_drift)
2026-05-04,914.9369057578009,SYN-0024 (gradual_drift)
2026-05-05,950.4917707613389,SYN-0024 (gradual_drift)
2026-05-06,980.7082751462043,SYN-0024 (gradual_drift)
2026-05-07,991.1299210359375,SYN-0024 (gradual_drift)
2026-05-08,973.4497590673824,SYN-0024 (gradual_drift)
2026-05-09,985.0685929188605,SYN-0024 (gradual_drift)
2026-05-10,938.2445653445125,SYN-0024 (gradual_drift)
2026-05-11,945.478813103217,SYN-0024 (gradual_drift)
2026-05-12,981.0180928943602,SYN-0024 (gradual_drift)
2026-05-13,981.1496909752335,SYN-0024 (gradual_drift)
2026-05-14,961.6231960491331,SYN-0024 (gradual_drift)
2026-05-15,994.4117582363164,SYN-0024 (gradual_drift)
2026-05-16,989.4074606445703,SYN-0024 (gradual_drift)
2026-05-17,996.4517064033779,SYN-0024 (gradual_drift)
2026-05-18,1004.3816560268506,SYN-0024 (gradual_drift)
2026-05-19,945.2917875422789,SYN-0024 (gradual_drift)
2026-05-20,941.7848123022675,SYN-0024 (gradual_drift)
2026-05-21,948.4811077954689,SYN-0024 (gradual_drift)
2026-05-22,976.5980249127875,SYN-0024 (gradual_drift)
2026-05-23,945.904879310155,SYN-0024 (gradual_drift)
2026-05-24,961.6538460209987,SYN-0024 (gradual_drift)
2026-05-25,981.9374244860333,SYN-0024 (gradual_drift)
2026-05-26,967.5283830521454,SYN-0024 (gradual_drift)
2026-05-27,948.7797325295229,SYN-0024 (gradual_drift)
2026-05-28,967.9408191891828,SYN-0024 (gradual_drift)
2026-05-29,925.1869729940156,SYN-0024 (gradual_drift)
2026-05-30,954.4692691171816,SYN-0024 (gradual_drift)
2026-05-31,954.3623309094689,SYN-0024 (gradual_drift)
2026-06-01,1008.8331219398447,SYN-0024 (gradual_drift)
2026-06-02,968.9695171223123,SYN-0024 (gradual_drift)
2026-06-03,946.4968265325695,SYN-0024 (gradual_drift)
2026-06-04,996.0756233291874,SYN-0024 (gradual_drift)
2026-06-05,956.9538495273118,SYN-0024 (gradual_drift)
2026-06-06,961.4866603557482,SYN-0024 (gradual_drift)
2026-06-07,907.5944515116,SYN-0024 (gradual_drift)
2026-06-08,959.3849465499417,SYN-0024 (gradual_drift)
2026-06-09,998.3864330767835,SYN-0024 (gradual_drift)
2026-06-10,955.713216325501,SYN-0024 (gradual_drift)
2026-06-11,965.8702289899255,SYN-0024 (gradual_drift)
2026-06-12,970.5651538347777,SYN-0024 (gradual_drift)
2026-06-13,946.1760885029333,SYN-0024 (gradual_drift)
2026-06-14,935.3964972052416,SYN-0024 (gradual_drift)
2026-06-15,955.5698002858984,SYN-0024 (gradual_drift)
2026-06-16,937.7463265428338,SYN-0024 (gradual_drift)
2026-06-17,941.7851860870859,SYN-0024 (gradual_drift)
2026-06-18,974.0168941496721,SYN-0024 (gradual_drift)
2026-06-19,961.3453649309671,SYN-0024 (gradual_drift)
2026-06-20,924.2059507134098,SYN-0024 (gradual_drift)
2026-06-21,944.3608002540956,SYN-0024 (gradual_drift)
2026-06-22,919.5136708002511,SYN-0024 (gradual_drift)
2026-06-23,919.4112904979188,SYN-0024 (gradual_drift)
2026-06-24,950.6606584385498,SYN-0024 (gradual_drift)
2026-06-25,937.4527362668939,SYN-0024 (gradual_drift)
2026-06-26,946.0230633976779,SYN-0024 (gradual_drift)
2026-06-27,935.9634175588503,SYN-0024 (gradual_drift)
2026-06-28,952.729094299248,SYN-0024 (gradual_drift)
2026-06-29,916.4885448621658,SYN-0024 (gradual_drift)
2026-06-30,946.9832174395185,SYN-0024 (gradual_drift)
2026-07-01,937.1104050623969,SYN-0024 (gradual_drift)
2026-07-02,954.5770982163408,SYN-0024 (gradual_drift)
2026-07-03,873.168868343494,SYN-0024 (gradual_drift)
2026-07-04,932.221182531645,SYN-0024 (gradual_drift)
2026-07-05,954.89310498999,SYN-0024 (gradual_drift)
2026-07-06,922.2049528217661,SYN-0024 (gradual_drift)
2026-07-07,935.5041071046909,SYN-0024 (gradual_drift)
2026-07-08,960.8579866854496,SYN-0024 (gradual_drift)
2026-07-09,928.4025634051098,SYN-0024 (gradual_drift)
2026-07-10,921.1661914943141,SYN-0024 (gradual_drift)
2026-07-11,920.300495598241,SYN-0024 (gradual_drift)
2026-07-12,936.429445497887,SYN-0024 (gradual_drift)
2026-07-13,923.4833743640229,SYN-0024 (gradual_drift)
2026-07-14,941.8764691962785,SYN-0024 (gradual_drift)
2026-07-15,947.0179223632283,SYN-0024 (gradual_drift)
2026-07-16,916.9572515135369,SYN-0024 (gradual_drift)
2026-07-17,941.1714822006699,SYN-0024 (gradual_drift)
2026-07-18,964.7698380423394,SYN-0024 (gradual_drift)
2026-07-19,932.6278078266067,SYN-0024 (gradual_drift)
2026-07-20,899.3397279697265,SYN-0024 (gradual_drift)
2026-07-21,909.2190999827837,SYN-0024 (gradual_drift)
2026-07-22,928.5891429511681,SYN-0024 (gradual_drift)
2026-07-23,927.126528195931,SYN-0024 (gradual_drift)
2026-07-24,953.8439938078257,SYN-0024 (gradual_drift)
2026-07-25,901.3328360676,SYN-0024 (gradual_drift)
2026-07-26,972.8103769522068,SYN-0024 (gradual_drift)
2026-07-27,936.5614210254857,SYN-0024 (gradual_drift)
2026-07-28,908.8138399425014,SYN-0024 (gradual_drift)
2026-07-29,895.8207461538288,SYN-0024 (gradual_drift)
2026-07-30,913.868127265006,SYN-0024 (gradual_drift)
2026-07-31,919.0584243628978,SYN-0024 (gradual_drift)
2026-08-01,895.5881493777422,SYN-0024 (gradual_drift)
2026-08-02,923.4924370776029,SYN-0024 (gradual_drift)
2026-08-03,910.0079580012582,SYN-0024 (gradual_drift)
2026-08-04,942.9133194959004,SYN-0024 (gradual_drift)
2026-08-05,901.0127617832518,SYN-0024 (gradual_drift)
2026-08-06,892.6333850141733,SYN-0024 (gradual_drift)
2026-08-07,871.7280671212862,SYN-0024 (gradual_drift)
2026-08-08,870.0904326290515,SYN-0024 (gradual_drift)
2026-08-09,911.9095326942232,SYN-0024 (gradual_drift)
2026-08-10,892.6073239212521,SYN-0024 (gradual_drift)
2026-08-11,924.6540891555344,SYN-0024 (gradual_drift)
2026-08-12,923.2238039558317,SYN-0024 (gradual_drift)
2026-08-13,902.906083336767,SYN-0024 (gradual_drift)
2026-08-14,907.3917130708586,SYN-0024 (gradual_drift)
2026-08-15,907.3833165470008,SYN-0024 (gradual_drift)
2026-01-14,866.4172611521802,SYN-0025 (gradual_drift)
2026-01-15,854.8685745568288,SYN-0025 (gradual_drift)
2026-01-16,853.7903817194438,SYN-0025 (gradual_drift)
2026-01-17,864.0960995358322,SYN-0025 (gradual_drift)
2026-01-18,879.780583037465,SYN-0025 (gradual_drift)
2026-01-19,845.9112851901871,SYN-0025 (gradual_drift)
2026-01-20,873.6808672570924,SYN-0025 (gradual_drift)
2026-01-21,858.6719251040166,SYN-0025 (gradual_drift)
2026-01-22,860.3940303632631,SYN-0025 (gradual_drift)
2026-01-23,820.0488342889449,SYN-0025 (gradual_drift)
2026-01-24,861.9048101657412,SYN-0025 (gradual_drift)
2026-01-25,842.2836910457463,SYN-0025 (gradual_drift)
2026-01-26,871.2183935854281,SYN-0025 (gradual_drift)
2026-01-27,874.822878342866,SYN-0025 (gradual_drift)
2026-01-28,867.3067855761523,SYN-0025 (gradual_drift)
2026-01-29,842.3252190373728,SYN-0025 (gradual_drift)
2026-01-30,874.9356609506217,SYN-0025 (gradual_drift)
2026-01-31,848.7179124474828,SYN-0025 (gradual_drift)
2026-02-01,853.5315760624529,SYN-0025 (gradual_drift)
2026-02-02,837.3155014121714,SYN-0025 (gradual_drift)
2026-02-03,878.5229133219825,SYN-0025 (gradual_drift)
2026-02-04,864.8036598332316,SYN-0025 (gradual_drift)
2026-02-05,831.5208633883599,SYN-0025 (gradual_drift)
2026-02-06,845.6677774704722,SYN-0025 (gradual_drift)
2026-02-07,860.498155325574,SYN-0025 (gradual_drift)
2026-02-08,876.6795018771477,SYN-0025 (gradual_drift)
2026-02-09,845.7798265887329,SYN-0025 (gradual_drift)
2026-02-10,863.4006794560604,SYN-0025 (gradual_drift)
2026-02-11,862.4714382306996,SYN-0025 (gradual_drift)
2026-02-12,824.3205101293968,SYN-0025 (gradual_drift)
2026-02-13,846.7362211313423,SYN-0025 (gradual_drift)
2026-02-14,825.8269004565636,SYN-0025 (gradual_drift)
2026-02-15,857.9860417194643,SYN-0025 (gradual_drift)
2026-02-16,842.4691484205387,SYN-0025 (gradual_drift)
2026-02-17,861.5631270579918,SYN-0025 (gradual_drift)
2026-02-18,848.5109615488084,SYN-0025 (gradual_drift)
2026-02-19,859.1205065877584,SYN-0025 (gradual_drift)
2026-02-20,827.8912502769308,SYN-0025 (gradual_drift)
2026-02-21,877.5204973634991,SYN-0025 (gradual_drift)
2026-02-22,857.9123781082833,SYN-0025 (gradual_drift)
2026-02-23,826.044754866248,SYN-0025 (gradual_drift)
2026-02-24,852.2369050725049,SYN-0025 (gradual_drift)
2026-02-25,829.753643453877,SYN-0025 (gradual_drift)
2026-02-26,825.2888657400828,SYN-0025 (gradual_drift)
2026-02-27,844.170651393438,SYN-0025 (gradual_drift)
2026-02-28,835.1708350237101,SYN-0025 (gradual_drift)
2026-03-01,851.085591303572,SYN-0025 (gradual_drift)
2026-03-02,844.3260130065164,SYN-0025 (gradual_drift)
2026-03-03,831.9595162947634,SYN-0025 (gradual_drift)
2026-03-04,816.2616126693157,SYN-0025 (gradual_drift)
2026-03-05,853.1662373197429,SYN-0025 (gradual_drift)
2026-03-06,864.5436818254959,SYN-0025 (gradual_drift)
2026-03-07,830.1160338689862,SYN-0025 (gradual_drift)
2026-03-08,824.7693615493902,SYN-0025 (gradual_drift)
2026-03-09,823.1133016557652,SYN-0025 (gradual_drift)
2026-03-10,839.9067551232448,SYN-0025 (gradual_drift)
2026-03-11,838.1825746917486,SYN-0025 (gradual_drift)
2026-03-12,825.2202960334101,SYN-0025 (gradual_drift)
2026-03-13,837.4845662929117,SYN-0025 (gradual_drift)
2026-03-14,847.1711420547006,SYN-0025 (gradual_drift)
2026-03-15,827.3919499193748,SYN-0025 (gradual_drift)
2026-03-16,863.6699332931655,SYN-0025 (gradual_drift)
2026-03-17,829.5664958063868,SYN-0025 (gradual_drift)
2026-03-18,846.3926403844282,SYN-0025 (gradual_drift)
2026-03-19,844.9074106688879,SYN-0025 (gradual_drift)
2026-03-20,824.9000106703659,SYN-0025 (gradual_drift)
2026-03-21,808.834560809174,SYN-0025 (gradual_drift)
2026-03-22,824.134472431803,SYN-0025 (gradual_drift)
2026-03-23,799.6596683450321,SYN-0025 (gradual_drift)
2026-03-24,823.0847239387496,SYN-0025 (gradual_drift)
2026-03-25,855.183520808808,SYN-0025 (gradual_drift)
2026-03-26,798.6254020626734,SYN-0025 (gradual_drift)
2026-03-27,827.7569337180976,SYN-0025 (gradual_drift)
2026-03-28,818.5567535657631,SYN-0025 (gradual_drift)
2026-03-29,846.9054183042417,SYN-0025 (gradual_drift)
2026-03-30,836.333785304953,SYN-0025 (gradual_drift)
2026-03-31,826.5866843141447,SYN-0025 (gradual_drift)
2026-04-01,820.1647243964264,SYN-0025 (gradual_drift)
2026-04-02,798.2215376445976,SYN-0025 (gradual_drift)
2026-04-03,834.7057779894877,SYN-0025 (gradual_drift)
2026-04-04,829.1999918140125,SYN-0025 (gradual_drift)
2026-04-05,812.129008724398,SYN-0025 (gradual_drift)
2026-04-06,838.9477383246425,SYN-0025 (gradual_drift)
2026-04-07,853.1370327061642,SYN-0025 (gradual_drift)
2026-04-08,829.3521330238841,SYN-0025 (gradual_drift)
2026-04-09,805.1888770058691,SYN-0025 (gradual_drift)
2026-04-10,842.2899224548761,SYN-0025 (gradual_drift)
2026-04-11,817.7829055455018,SYN-0025 (gradual_drift)
2026-04-12,802.7608949335483,SYN-0025 (gradual_drift)
2026-04-13,816.3730134676683,SYN-0025 (gradual_drift)
2026-04-14,840.294051319099,SYN-0025 (gradual_drift)
2026-04-15,800.9154554768695,SYN-0025 (gradual_drift)
2026-04-16,847.4862453501379,SYN-0025 (gradual_drift)
2026-04-17,825.1666506043007,SYN-0025 (gradual_drift)
2026-04-18,849.4875256744662,SYN-0025 (gradual_drift)
2026-04-19,804.8700833182886,SYN-0025 (gradual_drift)
2026-04-20,811.0292547063418,SYN-0025 (gradual_drift)
2026-04-21,808.0793253044594,SYN-0025 (gradual_drift)
2026-04-22,806.5353371643629,SYN-0025 (gradual_drift)
2026-04-23,839.4304972013645,SYN-0025 (gradual_drift)
2026-04-24,800.4244499662744,SYN-0025 (gradual_drift)
2026-04-25,848.8718514529093,SYN-0025 (gradual_drift)
2026-04-26,810.898011260487,SYN-0025 (gradual_drift)
2026-04-27,837.9634677901511,SYN-0025 (gradual_drift)
2026-04-28,818.4976234697921,SYN-0025 (gradual_drift)
2026-04-29,792.8491828868097,SYN-0025 (gradual_drift)
2026-04-30,793.517827097128,SYN-0025 (gradual_drift)
2026-05-01,813.6357174507231,SYN-0025 (gradual_drift)
2026-05-02,800.4368772402036,SYN-0025 (gradual_drift)
2026-05-03,783.0219288179824,SYN-0025 (gradual_drift)
2026-05-04,843.1839842382061,SYN-0025 (gradual_drift)
2026-05-05,813.5122798315784,SYN-0025 (gradual_drift)
2026-05-06,836.327684181337,SYN-0025 (gradual_drift)
2026-05-07,831.1871424371607,SYN-0025 (gradual_drift)
2026-05-08,804.0579515837044,SYN-0025 (gradual_drift)
2026-05-09,821.9890035917218,SYN-0025 (gradual_drift)
2026-05-10,796.9582881100848,SYN-0025 (gradual_drift)
2026-05-11,806.8285981084314,SYN-0025 (gradual_drift)
2026-05-12,788.6003343799789,SYN-0025 (gradual_drift)
2026-05-13,786.0605718294729,SYN-0025 (gradual_drift)
2026-05-14,805.128339689364,SYN-0025 (gradual_drift)
2026-05-15,838.367374821246,SYN-0025 (gradual_drift)
2026-05-16,798.8005911826989,SYN-0025 (gradual_drift)
2026-05-17,805.7475085888303,SYN-0025 (gradual_drift)
2026-05-18,813.8274762232995,SYN-0025 (gradual_drift)
2026-05-19,809.9518973469828,SYN-0025 (gradual_drift)
2026-05-20,773.6117764476925,SYN-0025 (gradual_drift)
2026-05-21,818.4655044718482,SYN-0025 (gradual_drift)
2026-05-22,820.2844115909478,SYN-0025 (gradual_drift)
2026-05-23,796.5344758621759,SYN-0025 (gradual_drift)
2026-05-24,805.9493915883353,SYN-0025 (gradual_drift)
2026-05-25,830.5291892176685,SYN-0025 (gradual_drift)
2026-05-26,759.1550446175175,SYN-0025 (gradual_drift)
2026-05-27,797.8856109535245,SYN-0025 (gradual_drift)
2026-05-28,802.7812320894689,SYN-0025 (gradual_drift)
2026-05-29,783.0297940268142,SYN-0025 (gradual_drift)
2026-05-30,814.556340713284,SYN-0025 (gradual_drift)
2026-05-31,800.6657841908356,SYN-0025 (gradual_drift)
2026-06-01,780.5908670164725,SYN-0025 (gradual_drift)
2026-06-02,776.120350774015,SYN-0025 (gradual_drift)
2026-06-03,788.1624726452508,SYN-0025 (gradual_drift)
2026-06-04,764.7035365962967,SYN-0025 (gradual_drift)
2026-06-05,786.6020766920668,SYN-0025 (gradual_drift)
2026-06-06,793.1864994963215,SYN-0025 (gradual_drift)
2026-06-07,769.2168371698017,SYN-0025 (gradual_drift)
2026-06-08,811.9531753521856,SYN-0025 (gradual_drift)
2026-06-09,789.507015929474,SYN-0025 (gradual_drift)
2026-06-10,778.3565333476383,SYN-0025 (gradual_drift)
2026-06-11,803.035822518866,SYN-0025 (gradual_drift)
2026-06-12,776.1580730191042,SYN-0025 (gradual_drift)
2026-06-13,793.0912591914937,SYN-0025 (gradual_drift)
2026-06-14,793.393276507147,SYN-0025 (gradual_drift)
2026-06-15,810.1140552375429,SYN-0025 (gradual_drift)
2026-06-16,779.9011698317767,SYN-0025 (gradual_drift)
2026-06-17,790.0517105433524,SYN-0025 (gradual_drift)
2026-06-18,814.6858245423961,SYN-0025 (gradual_drift)
2026-06-19,815.2094019251883,SYN-0025 (gradual_drift)
2026-06-20,796.3320375591601,SYN-0025 (gradual_drift)
2026-06-21,788.2146786976605,SYN-0025 (gradual_drift)
2026-06-22,818.0219421286747,SYN-0025 (gradual_drift)
2026-06-23,766.1827797159383,SYN-0025 (gradual_drift)
2026-06-24,780.2084299872232,SYN-0025 (gradual_drift)
2026-06-25,778.8618632355885,SYN-0025 (gradual_drift)
2026-06-26,789.5248851642845,SYN-0025 (gradual_drift)
2026-06-27,769.6825021520922,SYN-0025 (gradual_drift)
2026-06-28,755.6352696378055,SYN-0025 (gradual_drift)
2026-06-29,787.0046484254281,SYN-0025 (gradual_drift)
2026-06-30,778.5162437588118,SYN-0025 (gradual_drift)
2026-07-01,800.8168827474818,SYN-0025 (gradual_drift)
2026-07-02,768.9264717393092,SYN-0025 (gradual_drift)
2026-07-03,766.3384456339897,SYN-0025 (gradual_drift)
2026-07-04,789.8434371976844,SYN-0025 (gradual_drift)
2026-07-05,803.075046837388,SYN-0025 (gradual_drift)
2026-07-06,783.370023923206,SYN-0025 (gradual_drift)
2026-07-07,765.3864251156491,SYN-0025 (gradual_drift)
2026-07-08,757.0215761189704,SYN-0025 (gradual_drift)
2026-07-09,755.9811939973416,SYN-0025 (gradual_drift)
2026-07-10,750.6850206783486,SYN-0025 (gradual_drift)
2026-07-11,770.686747592251,SYN-0025 (gradual_drift)
2026-07-12,789.9846626710814,SYN-0025 (gradual_drift)
2026-07-13,747.083178654854,SYN-0025 (gradual_drift)
2026-07-14,778.5294016825264,SYN-0025 (gradual_drift)
2026-07-15,781.352673635084,SYN-0025 (gradual_drift)
2026-07-16,750.7374519342364,SYN-0025 (gradual_drift)
2026-07-17,776.5609114963667,SYN-0025 (gradual_drift)
2026-07-18,761.6575626894778,SYN-0025 (gradual_drift)
2026-07-19,814.8192022084068,SYN-0025 (gradual_drift)
2026-07-20,782.2875752083391,SYN-0025 (gradual_drift)
2026-07-21,772.9560785244961,SYN-0025 (gradual_drift)
2026-07-22,790.3942392819898,SYN-0025 (gradual_drift)
2026-07-23,770.6963936400905,SYN-0025 (gradual_drift)
2026-07-24,749.8749504972133,SYN-0025 (gradual_drift)
2026-07-25,754.7675218390956,SYN-0025 (gradual_drift)
2026-07-26,797.1186552784218,SYN-0025 (gradual_drift)
2026-07-27,773.7568869866659,SYN-0025 (gradual_drift)
2026-07-28,797.4219996866977,SYN-0025 (gradual_drift)
2026-07-29,756.6856152921251,SYN-0025 (gradual_drift)
2026-07-30,756.7882545363021,SYN-0025 (gradual_drift)
2026-07-31,769.3557281255286,SYN-0025 (gradual_drift)
2026-08-01,746.6144465747188,SYN-0025 (gradual_drift)
2026-08-02,772.6489858687055,SYN-0025 (gradual_drift)
2026-08-03,791.7273336867946,SYN-0025 (gradual_drift)
2026-08-04,781.0670345309672,SYN-0025 (gradual_drift)
2026-08-05,779.0280973275993,SYN-0025 (gradual_drift)
2026-08-06,763.2007584767839,SYN-0025 (gradual_drift)
2026-08-07,728.1008422756306,SYN-0025 (gradual_drift)
2026-08-08,755.9347360173106,SYN-0025 (gradual_drift)
2026-08-09,733.9715518115695,SYN-0025 (gradual_drift)
2026-08-10,763.6766130561874,SYN-0025 (gradual_drift)
2026-08-11,765.1510677787419,SYN-0025 (gradual_drift)
2026-08-12,744.4144414563727,SYN-0025 (gradual_drift)
2026-08-13,733.8357238195615,SYN-0025 (gradual_drift)
2026-08-14,737.861857042877,SYN-0025 (gradual_drift)
2026-08-15,787.8970017252822,SYN-0025 (gradual_drift)
2026-01-19,1431.3758862750783,SYN-0026 (gradual_drift)
2026-01-20,1394.3645503137716,SYN-0026 (gradual_drift)
2026-01-21,1447.260217996401,SYN-0026 (gradual_drift)
2026-01-22,1432.1165815871345,SYN-0026 (gradual_drift)
2026-01-23,1437.6775908933166,SYN-0026 (gradual_drift)
2026-01-24,1406.4326623357188,SYN-0026 (gradual_drift)
2026-01-25,1443.6652564188905,SYN-0026 (gradual_drift)
2026-01-26,1464.0899112919963,SYN-0026 (gradual_drift)
2026-01-27,1458.2857512488717,SYN-0026 (gradual_drift)
2026-01-28,1469.087803581476,SYN-0026 (gradual_drift)
2026-01-29,1430.5722879634886,SYN-0026 (gradual_drift)
2026-01-30,1409.0505592291336,SYN-0026 (gradual_drift)
2026-01-31,1414.1265799856878,SYN-0026 (gradual_drift)
2026-02-01,1425.3510448460906,SYN-0026 (gradual_drift)
2026-02-02,1398.6974206301197,SYN-0026 (gradual_drift)
2026-02-03,1382.9173424284081,SYN-0026 (gradual_drift)
2026-02-04,1420.068763880109,SYN-0026 (gradual_drift)
2026-02-05,1389.4472476636993,SYN-0026 (gradual_drift)
2026-02-06,1440.387913687647,SYN-0026 (gradual_drift)
2026-02-07,1418.3341301560076,SYN-0026 (gradual_drift)
2026-02-08,1469.8436411377581,SYN-0026 (gradual_drift)
2026-02-09,1438.6857192890106,SYN-0026 (gradual_drift)
2026-02-10,1381.7478170946051,SYN-0026 (gradual_drift)
2026-02-11,1458.3124901887034,SYN-0026 (gradual_drift)
2026-02-12,1439.1893747545619,SYN-0026 (gradual_drift)
2026-02-13,1424.9654219949668,SYN-0026 (gradual_drift)
2026-02-14,1472.3148066868162,SYN-0026 (gradual_drift)
2026-02-15,1430.9261748999645,SYN-0026 (gradual_drift)
2026-02-16,1421.0203569462194,SYN-0026 (gradual_drift)
2026-02-17,1434.4868824082316,SYN-0026 (gradual_drift)
2026-02-18,1417.5066647980857,SYN-0026 (gradual_drift)
2026-02-19,1408.4282410948456,SYN-0026 (gradual_drift)
2026-02-20,1393.9409914684018,SYN-0026 (gradual_drift)
2026-02-21,1443.6603304541813,SYN-0026 (gradual_drift)
2026-02-22,1413.3428643626958,SYN-0026 (gradual_drift)
2026-02-23,1365.568702873892,SYN-0026 (gradual_drift)
2026-02-24,1339.1670152259146,SYN-0026 (gradual_drift)
2026-02-25,1417.1884458940006,SYN-0026 (gradual_drift)
2026-02-26,1364.6974555844351,SYN-0026 (gradual_drift)
2026-02-27,1382.7789356057217,SYN-0026 (gradual_drift)
2026-02-28,1446.7274184444543,SYN-0026 (gradual_drift)
2026-03-01,1460.7054691144217,SYN-0026 (gradual_drift)
2026-03-02,1386.140377468402,SYN-0026 (gradual_drift)
2026-03-03,1430.0700319634975,SYN-0026 (gradual_drift)
2026-03-04,1414.2891960470047,SYN-0026 (gradual_drift)
2026-03-05,1372.6476061271505,SYN-0026 (gradual_drift)
2026-03-06,1389.5506537373321,SYN-0026 (gradual_drift)
2026-03-07,1420.8788714816221,SYN-0026 (gradual_drift)
2026-03-08,1381.1228552786483,SYN-0026 (gradual_drift)
2026-03-09,1441.9928724884016,SYN-0026 (gradual_drift)
2026-03-10,1424.49150266443,SYN-0026 (gradual_drift)
2026-03-11,1421.7170813790242,SYN-0026 (gradual_drift)
2026-03-12,1383.662162015907,SYN-0026 (gradual_drift)
2026-03-13,1427.9121176748065,SYN-0026 (gradual_drift)
2026-03-14,1407.635075714452,SYN-0026 (gradual_drift)
2026-03-15,1434.33414080312,SYN-0026 (gradual_drift)
2026-03-16,1405.404709684933,SYN-0026 (gradual_drift)
2026-03-17,1423.4829839828874,SYN-0026 (gradual_drift)
2026-03-18,1389.7032797302365,SYN-0026 (gradual_drift)
2026-03-19,1393.5256583888174,SYN-0026 (gradual_drift)
2026-03-20,1402.7944912195744,SYN-0026 (gradual_drift)
2026-03-21,1411.300394496122,SYN-0026 (gradual_drift)
2026-03-22,1400.413602375587,SYN-0026 (gradual_drift)
2026-03-23,1375.1720906255177,SYN-0026 (gradual_drift)
2026-03-24,1435.0209703148025,SYN-0026 (gradual_drift)
2026-03-25,1390.333368511378,SYN-0026 (gradual_drift)
2026-03-26,1388.134331890176,SYN-0026 (gradual_drift)
2026-03-27,1421.0360196594477,SYN-0026 (gradual_drift)
2026-03-28,1370.3587366714319,SYN-0026 (gradual_drift)
2026-03-29,1389.1041039427605,SYN-0026 (gradual_drift)
2026-03-30,1378.0964969958482,SYN-0026 (gradual_drift)
2026-03-31,1369.2245600009464,SYN-0026 (gradual_drift)
2026-04-01,1324.7505873104133,SYN-0026 (gradual_drift)
2026-04-02,1350.1105540810745,SYN-0026 (gradual_drift)
2026-04-03,1397.4464516589962,SYN-0026 (gradual_drift)
2026-04-04,1363.1412881838235,SYN-0026 (gradual_drift)
2026-04-05,1354.7408487268808,SYN-0026 (gradual_drift)
2026-04-06,1426.4401229623215,SYN-0026 (gradual_drift)
2026-04-07,1345.5382088367662,SYN-0026 (gradual_drift)
2026-04-08,1357.957420901201,SYN-0026 (gradual_drift)
2026-04-09,1394.8537231155108,SYN-0026 (gradual_drift)
2026-04-10,1420.482598950573,SYN-0026 (gradual_drift)
2026-04-11,1358.0357145979021,SYN-0026 (gradual_drift)
2026-04-12,1372.4078423039987,SYN-0026 (gradual_drift)
2026-04-13,1417.7476462912575,SYN-0026 (gradual_drift)
2026-04-14,1414.103829901937,SYN-0026 (gradual_drift)
2026-04-15,1330.1365927432291,SYN-0026 (gradual_drift)
2026-04-16,1445.3172505104928,SYN-0026 (gradual_drift)
2026-04-17,1374.8903547559435,SYN-0026 (gradual_drift)
2026-04-18,1428.1083124753839,SYN-0026 (gradual_drift)
2026-04-19,1340.7603457920764,SYN-0026 (gradual_drift)
2026-04-20,1400.1615911071333,SYN-0026 (gradual_drift)
2026-04-21,1392.1530734279863,SYN-0026 (gradual_drift)
2026-04-22,1356.5727170374068,SYN-0026 (gradual_drift)
2026-04-23,1377.565796533843,SYN-0026 (gradual_drift)
2026-04-24,1379.641786901753,SYN-0026 (gradual_drift)
2026-04-25,1366.527716914666,SYN-0026 (gradual_drift)
2026-04-26,1343.9927192833923,SYN-0026 (gradual_drift)
2026-04-27,1399.2680571731623,SYN-0026 (gradual_drift)
2026-04-28,1388.1198938551436,SYN-0026 (gradual_drift)
2026-04-29,1398.5428456309846,SYN-0026 (gradual_drift)
2026-04-30,1345.1592251968177,SYN-0026 (gradual_drift)
2026-05-01,1392.50418952877,SYN-0026 (gradual_drift)
2026-05-02,1338.9909437199153,SYN-0026 (gradual_drift)
2026-05-03,1410.174924442534,SYN-0026 (gradual_drift)
2026-05-04,1419.9092286083962,SYN-0026 (gradual_drift)
2026-05-05,1342.4015418847314,SYN-0026 (gradual_drift)
2026-05-06,1352.5273589874803,SYN-0026 (gradual_drift)
2026-05-07,1308.6371365243199,SYN-0026 (gradual_drift)
2026-05-08,1331.0700594932189,SYN-0026 (gradual_drift)
2026-05-09,1358.7173154662491,SYN-0026 (gradual_drift)
2026-05-10,1335.3104063579724,SYN-0026 (gradual_drift)
2026-05-11,1408.2124159206505,SYN-0026 (gradual_drift)
2026-05-12,1363.914856382757,SYN-0026 (gradual_drift)
2026-05-13,1390.3799986731544,SYN-0026 (gradual_drift)
2026-05-14,1399.3093114256985,SYN-0026 (gradual_drift)
2026-05-15,1379.4102762842922,SYN-0026 (gradual_drift)
2026-05-16,1334.8913353687333,SYN-0026 (gradual_drift)
2026-05-17,1383.6073873616047,SYN-0026 (gradual_drift)
2026-05-18,1372.1623173743214,SYN-0026 (gradual_drift)
2026-05-19,1367.7342309089233,SYN-0026 (gradual_drift)
2026-05-20,1351.3498264042196,SYN-0026 (gradual_drift)
2026-05-21,1372.3030160431917,SYN-0026 (gradual_drift)
2026-05-22,1340.3894721614017,SYN-0026 (gradual_drift)
2026-05-23,1352.451131452191,SYN-0026 (gradual_drift)
2026-05-24,1365.3799972064885,SYN-0026 (gradual_drift)
2026-05-25,1352.1128724028763,SYN-0026 (gradual_drift)
2026-05-26,1388.0205100878907,SYN-0026 (gradual_drift)
2026-05-27,1345.0312260164253,SYN-0026 (gradual_drift)
2026-05-28,1347.6018983670913,SYN-0026 (gradual_drift)
2026-05-29,1367.7647431907342,SYN-0026 (gradual_drift)
2026-05-30,1406.768780979951,SYN-0026 (gradual_drift)
2026-05-31,1375.2420414624455,SYN-0026 (gradual_drift)
2026-06-01,1344.1437938206652,SYN-0026 (gradual_drift)
2026-06-02,1316.4832592421526,SYN-0026 (gradual_drift)
2026-06-03,1370.3887850603874,SYN-0026 (gradual_drift)
2026-06-04,1347.384763212358,SYN-0026 (gradual_drift)
2026-06-05,1336.1713651294374,SYN-0026 (gradual_drift)
2026-06-06,1326.716359025483,SYN-0026 (gradual_drift)
2026-06-07,1341.5048550253323,SYN-0026 (gradual_drift)
2026-06-08,1298.4131422601324,SYN-0026 (gradual_drift)
2026-06-09,1337.1068543154656,SYN-0026 (gradual_drift)
2026-06-10,1352.4907874337157,SYN-0026 (gradual_drift)
2026-06-11,1328.9993918570392,SYN-0026 (gradual_drift)
2026-06-12,1288.076136119886,SYN-0026 (gradual_drift)
2026-06-13,1327.6776384323066,SYN-0026 (gradual_drift)
2026-06-14,1347.84663225324,SYN-0026 (gradual_drift)
2026-06-15,1415.316358880182,SYN-0026 (gradual_drift)
2026-06-16,1342.1426907551393,SYN-0026 (gradual_drift)
2026-06-17,1293.413156556776,SYN-0026 (gradual_drift)
2026-06-18,1348.0612079707503,SYN-0026 (gradual_drift)
2026-06-19,1362.5808265714104,SYN-0026 (gradual_drift)
2026-06-20,1311.476599854929,SYN-0026 (gradual_drift)
2026-06-21,1365.710042061542,SYN-0026 (gradual_drift)
2026-06-22,1337.0679020400758,SYN-0026 (gradual_drift)
2026-06-23,1355.37660943792,SYN-0026 (gradual_drift)
2026-06-24,1295.9504070988175,SYN-0026 (gradual_drift)
2026-06-25,1352.6063445401494,SYN-0026 (gradual_drift)
2026-06-26,1368.0803976560132,SYN-0026 (gradual_drift)
2026-06-27,1358.6252039246956,SYN-0026 (gradual_drift)
2026-06-28,1325.775071420347,SYN-0026 (gradual_drift)
2026-06-29,1336.8416179996605,SYN-0026 (gradual_drift)
2026-06-30,1373.1717405865256,SYN-0026 (gradual_drift)
2026-07-01,1317.649291101633,SYN-0026 (gradual_drift)
2026-07-02,1333.0732942493762,SYN-0026 (gradual_drift)
2026-07-03,1309.1699137706314,SYN-0026 (gradual_drift)
2026-07-04,1310.6273242079492,SYN-0026 (gradual_drift)
2026-07-05,1362.2103237375989,SYN-0026 (gradual_drift)
2026-07-06,1265.925815815921,SYN-0026 (gradual_drift)
2026-07-07,1280.9194186190034,SYN-0026 (gradual_drift)
2026-07-08,1361.5904165313284,SYN-0026 (gradual_drift)
2026-07-09,1318.1628912452982,SYN-0026 (gradual_drift)
2026-07-10,1352.4815813000314,SYN-0026 (gradual_drift)
2026-07-11,1283.5616507073198,SYN-0026 (gradual_drift)
2026-07-12,1335.2690140042394,SYN-0026 (gradual_drift)
2026-07-13,1271.389639427788,SYN-0026 (gradual_drift)
2026-07-14,1337.3882322523043,SYN-0026 (gradual_drift)
2026-07-15,1288.5599537965206,SYN-0026 (gradual_drift)
2026-07-16,1347.488968184917,SYN-0026 (gradual_drift)
2026-07-17,1301.76015782756,SYN-0026 (gradual_drift)
2026-07-18,1309.98381887183,SYN-0026 (gradual_drift)
2026-07-19,1320.37729658431,SYN-0026 (gradual_drift)
2026-07-20,1298.6710713001094,SYN-0026 (gradual_drift)
2026-07-21,1315.5569710898826,SYN-0026 (gradual_drift)
2026-07-22,1316.1016064212358,SYN-0026 (gradual_drift)
2026-07-23,1307.4253960673652,SYN-0026 (gradual_drift)
2026-07-24,1331.125853792786,SYN-0026 (gradual_drift)
2026-07-25,1353.2241447894,SYN-0026 (gradual_drift)
2026-07-26,1318.634651389843,SYN-0026 (gradual_drift)
2026-07-27,1287.550629583171,SYN-0026 (gradual_drift)
2026-07-28,1302.706852201178,SYN-0026 (gradual_drift)
2026-07-29,1303.3302886484337,SYN-0026 (gradual_drift)
2026-07-30,1297.940729230552,SYN-0026 (gradual_drift)
2026-07-31,1362.1539145849595,SYN-0026 (gradual_drift)
2026-08-01,1301.3605072037574,SYN-0026 (gradual_drift)
2026-08-02,1297.7838073410326,SYN-0026 (gradual_drift)
2026-08-03,1315.4290375461142,SYN-0026 (gradual_drift)
2026-08-04,1308.2800398894701,SYN-0026 (gradual_drift)
2026-08-05,1286.3249534260244,SYN-0026 (gradual_drift)
2026-08-06,1258.3156079273365,SYN-0026 (gradual_drift)
2026-08-07,1289.6551403581814,SYN-0026 (gradual_drift)
2026-08-08,1321.375365332681,SYN-0026 (gradual_drift)
2026-08-09,1345.0634295098594,SYN-0026 (gradual_drift)
2026-08-10,1287.367094962614,SYN-0026 (gradual_drift)
2026-08-11,1296.3617006418488,SYN-0026 (gradual_drift)
2026-08-12,1268.2690746162673,SYN-0026 (gradual_drift)
2026-08-13,1309.436023843418,SYN-0026 (gradual_drift)
2026-08-14,1289.5249003564948,SYN-0026 (gradual_drift)
2026-08-15,1306.8234502518214,SYN-0026 (gradual_drift)
2026-03-09,596.4232642341477,SYN-0027 (gradual_drift)
2026-03-10,606.599677200564,SYN-0027 (gradual_drift)
2026-03-11,612.7929391207069,SYN-0027 (gradual_drift)
2026-03-12,599.9546111075143,SYN-0027 (gradual_drift)
2026-03-13,603.2175508405803,SYN-0027 (gradual_drift)
2026-03-14,618.5207719601874,SYN-0027 (gradual_drift)
2026-03-15,607.2126699623194,SYN-0027 (gradual_drift)
2026-03-16,618.1268135352744,SYN-0027 (gradual_drift)
2026-03-17,609.8363618347851,SYN-0027 (gradual_drift)
2026-03-18,604.525970074936,SYN-0027 (gradual_drift)
2026-03-19,600.5055942768618,SYN-0027 (gradual_drift)
2026-03-20,613.9451916145065,SYN-0027 (gradual_drift)
2026-03-21,628.6392656371434,SYN-0027 (gradual_drift)
2026-03-22,630.1972834420714,SYN-0027 (gradual_drift)
2026-03-23,599.4383008699155,SYN-0027 (gradual_drift)
2026-03-24,616.0666706248197,SYN-0027 (gradual_drift)
2026-03-25,618.1819481127546,SYN-0027 (gradual_drift)
2026-03-26,610.6634893102178,SYN-0027 (gradual_drift)
2026-03-27,627.8233258211819,SYN-0027 (gradual_drift)
2026-03-28,622.4426866334941,SYN-0027 (gradual_drift)
2026-03-29,605.2892159656237,SYN-0027 (gradual_drift)
2026-03-30,617.528527457907,SYN-0027 (gradual_drift)
2026-03-31,615.4708088129589,SYN-0027 (gradual_drift)
2026-04-01,602.5469689230357,SYN-0027 (gradual_drift)
2026-04-02,626.8802307741879,SYN-0027 (gradual_drift)
2026-04-03,592.8959736016625,SYN-0027 (gradual_drift)
2026-04-04,616.3328642719703,SYN-0027 (gradual_drift)
2026-04-05,606.8321258679443,SYN-0027 (gradual_drift)
2026-04-06,604.1210219283573,SYN-0027 (gradual_drift)
2026-04-07,606.2234713602472,SYN-0027 (gradual_drift)
2026-04-08,587.4231676765332,SYN-0027 (gradual_drift)
2026-04-09,605.7525030167177,SYN-0027 (gradual_drift)
2026-04-10,599.7566274384728,SYN-0027 (gradual_drift)
2026-04-11,626.1954713471661,SYN-0027 (gradual_drift)
2026-04-12,616.8201555995964,SYN-0027 (gradual_drift)
2026-04-13,628.2225990521928,SYN-0027 (gradual_drift)
2026-04-14,624.6131244723065,SYN-0027 (gradual_drift)
2026-04-15,590.4593157317145,SYN-0027 (gradual_drift)
2026-04-16,618.1245807228818,SYN-0027 (gradual_drift)
2026-04-17,643.1228035443611,SYN-0027 (gradual_drift)
2026-04-18,616.5939498872723,SYN-0027 (gradual_drift)
2026-04-19,606.8455854570673,SYN-0027 (gradual_drift)
2026-04-20,601.4809850989024,SYN-0027 (gradual_drift)
2026-04-21,623.5585277855664,SYN-0027 (gradual_drift)
2026-04-22,634.5606389854372,SYN-0027 (gradual_drift)
2026-04-23,628.4117898057347,SYN-0027 (gradual_drift)
2026-04-24,621.8034621448126,SYN-0027 (gradual_drift)
2026-04-25,634.3177780982354,SYN-0027 (gradual_drift)
2026-04-26,642.4324985744532,SYN-0027 (gradual_drift)
2026-04-27,625.2391594319412,SYN-0027 (gradual_drift)
2026-04-28,627.1441057002078,SYN-0027 (gradual_drift)
2026-04-29,631.1993533662567,SYN-0027 (gradual_drift)
2026-04-30,636.5079298386079,SYN-0027 (gradual_drift)
2026-05-01,608.5374291547761,SYN-0027 (gradual_drift)
2026-05-02,626.7409180572251,SYN-0027 (gradual_drift)
2026-05-03,596.3523689570607,SYN-0027 (gradual_drift)
2026-05-04,621.2751167046962,SYN-0027 (gradual_drift)
2026-05-05,619.2946910354924,SYN-0027 (gradual_drift)
2026-05-06,647.1425442263813,SYN-0027 (gradual_drift)
2026-05-07,624.067583806256,SYN-0027 (gradual_drift)
2026-05-08,628.0964592852936,SYN-0027 (gradual_drift)
2026-05-09,642.2720045516712,SYN-0027 (gradual_drift)
2026-05-10,629.0304941176813,SYN-0027 (gradual_drift)
2026-05-11,624.2473023062095,SYN-0027 (gradual_drift)
2026-05-12,645.5470650099702,SYN-0027 (gradual_drift)
2026-05-13,640.9806296115378,SYN-0027 (gradual_drift)
2026-05-14,631.5338014613681,SYN-0027 (gradual_drift)
2026-05-15,634.2979082261566,SYN-0027 (gradual_drift)
2026-05-16,628.7722635272181,SYN-0027 (gradual_drift)
2026-05-17,616.8492115194828,SYN-0027 (gradual_drift)
2026-05-18,625.8914587298586,SYN-0027 (gradual_drift)
2026-05-19,645.1174129062266,SYN-0027 (gradual_drift)
2026-05-20,628.6305982967093,SYN-0027 (gradual_drift)
2026-05-21,619.3881353714313,SYN-0027 (gradual_drift)
2026-05-22,640.4359665448303,SYN-0027 (gradual_drift)
2026-05-23,642.9263053094942,SYN-0027 (gradual_drift)
2026-05-24,655.9308699437782,SYN-0027 (gradual_drift)
2026-05-25,664.4550619981391,SYN-0027 (gradual_drift)
2026-05-26,653.255976190566,SYN-0027 (gradual_drift)
2026-05-27,638.5593477405888,SYN-0027 (gradual_drift)
2026-05-28,642.6373106069052,SYN-0027 (gradual_drift)
2026-05-29,615.4461262761255,SYN-0027 (gradual_drift)
2026-05-30,647.9482492024165,SYN-0027 (gradual_drift)
2026-05-31,631.1093191907268,SYN-0027 (gradual_drift)
2026-06-01,654.7067025056632,SYN-0027 (gradual_drift)
2026-06-02,622.421666394811,SYN-0027 (gradual_drift)
2026-06-03,634.2115408163132,SYN-0027 (gradual_drift)
2026-06-04,650.3879214295112,SYN-0027 (gradual_drift)
2026-06-05,617.3419460284892,SYN-0027 (gradual_drift)
2026-06-06,640.1141054556081,SYN-0027 (gradual_drift)
2026-06-07,629.8994190799332,SYN-0027 (gradual_drift)
2026-06-08,607.6474652824138,SYN-0027 (gradual_drift)
2026-06-09,628.0776685537005,SYN-0027 (gradual_drift)
2026-06-10,641.0975216759446,SYN-0027 (gradual_drift)
2026-06-11,659.2637613427855,SYN-0027 (gradual_drift)
2026-06-12,650.6198825114496,SYN-0027 (gradual_drift)
2026-06-13,639.8503837602749,SYN-0027 (gradual_drift)
2026-06-14,632.4480075587242,SYN-0027 (gradual_drift)
2026-06-15,636.7073646248912,SYN-0027 (gradual_drift)
2026-06-16,669.9587862547522,SYN-0027 (gradual_drift)
2026-06-17,607.466599627375,SYN-0027 (gradual_drift)
2026-06-18,655.1871096703193,SYN-0027 (gradual_drift)
2026-06-19,647.1080120827805,SYN-0027 (gradual_drift)
2026-06-20,643.7487082424256,SYN-0027 (gradual_drift)
2026-06-21,635.1618583604436,SYN-0027 (gradual_drift)
2026-06-22,647.1455620861176,SYN-0027 (gradual_drift)
2026-06-23,653.3993569708981,SYN-0027 (gradual_drift)
2026-06-24,641.5662051244168,SYN-0027 (gradual_drift)
2026-06-25,649.1804620055517,SYN-0027 (gradual_drift)
2026-06-26,653.2607188294152,SYN-0027 (gradual_drift)
2026-06-27,652.9339648445313,SYN-0027 (gradual_drift)
2026-06-28,662.2438242058167,SYN-0027 (gradual_drift)
2026-06-29,632.2074020166635,SYN-0027 (gradual_drift)
2026-06-30,666.7097056398928,SYN-0027 (gradual_drift)
2026-07-01,652.1644125194229,SYN-0027 (gradual_drift)
2026-07-02,636.89988676048,SYN-0027 (gradual_drift)
2026-07-03,658.6212365850776,SYN-0027 (gradual_drift)
2026-07-04,645.908490995641,SYN-0027 (gradual_drift)
2026-07-05,653.8857301718423,SYN-0027 (gradual_drift)
2026-07-06,649.2365034316704,SYN-0027 (gradual_drift)
2026-07-07,644.6187092329064,SYN-0027 (gradual_drift)
2026-07-08,652.8920196147741,SYN-0027 (gradual_drift)
2026-07-09,663.4922186537055,SYN-0027 (gradual_drift)
2026-07-10,645.5794933654993,SYN-0027 (gradual_drift)
2026-07-11,628.951074710043,SYN-0027 (gradual_drift)
2026-07-12,664.7849870655729,SYN-0027 (gradual_drift)
2026-07-13,690.3644744875658,SYN-0027 (gradual_drift)
2026-07-14,644.398433364695,SYN-0027 (gradual_drift)
2026-07-15,671.2950739473592,SYN-0027 (gradual_drift)
2026-07-16,641.5188591405839,SYN-0027 (gradual_drift)
2026-07-17,642.0126961625448,SYN-0027 (gradual_drift)
2026-07-18,656.2105406415969,SYN-0027 (gradual_drift)
2026-07-19,647.5713813176645,SYN-0027 (gradual_drift)
2026-07-20,663.5215713469147,SYN-0027 (gradual_drift)
2026-07-21,659.105475785281,SYN-0027 (gradual_drift)
2026-07-22,671.5384616683945,SYN-0027 (gradual_drift)
2026-07-23,677.4668330187988,SYN-0027 (gradual_drift)
2026-07-24,652.855370936938,SYN-0027 (gradual_drift)
2026-07-25,651.2804469492985,SYN-0027 (gradual_drift)
2026-07-26,654.0599598448995,SYN-0027 (gradual_drift)
2026-07-27,648.3070017597172,SYN-0027 (gradual_drift)
2026-07-28,648.1713860466488,SYN-0027 (gradual_drift)
2026-07-29,664.3256623056287,SYN-0027 (gradual_drift)
2026-07-30,677.1462574476479,SYN-0027 (gradual_drift)
2026-07-31,653.039112528419,SYN-0027 (gradual_drift)
2026-08-01,652.3892567862666,SYN-0027 (gradual_drift)
2026-08-02,652.7478800841359,SYN-0027 (gradual_drift)
2026-08-03,671.0320471701598,SYN-0027 (gradual_drift)
2026-08-04,658.2037707796566,SYN-0027 (gradual_drift)
2026-08-05,676.5611863896988,SYN-0027 (gradual_drift)
2026-08-06,658.0224842888109,SYN-0027 (gradual_drift)
2026-08-07,647.6223543423795,SYN-0027 (gradual_drift)
2026-08-08,671.9891871515417,SYN-0027 (gradual_drift)
2026-08-09,696.7993443168315,SYN-0027 (gradual_drift)
2026-08-10,635.7696170621489,SYN-0027 (gradual_drift)
2026-08-11,662.1519238903438,SYN-0027 (gradual_drift)
2026-08-12,667.0278698199107,SYN-0027 (gradual_drift)
2026-08-13,632.9655119996224,SYN-0027 (gradual_drift)
2026-08-14,675.1783420918975,SYN-0027 (gradual_drift)
2026-08-15,674.4680210941725,SYN-0027 (gradual_drift)
2026-02-24,480.0788967523905,SYN-0028 (gradual_drift)
2026-02-25,461.4250274203218,SYN-0028 (gradual_drift)
2026-02-26,460.10533381299433,SYN-0028 (gradual_drift)
2026-02-27,455.2626557286319,SYN-0028 (gradual_drift)
2026-02-28,458.2874898951181,SYN-0028 (gradual_drift)
2026-03-01,456.36191055226647,SYN-0028 (gradual_drift)
2026-03-02,461.6772421940856,SYN-0028 (gradual_drift)
2026-03-03,459.8727584267858,SYN-0028 (gradual_drift)
2026-03-04,474.3232556383938,SYN-0028 (gradual_drift)
2026-03-05,452.99917652110753,SYN-0028 (gradual_drift)
2026-03-06,473.7002720628186,SYN-0028 (gradual_drift)
2026-03-07,468.67896100472603,SYN-0028 (gradual_drift)
2026-03-08,449.92254118324695,SYN-0028 (gradual_drift)
2026-03-09,462.29571034016607,SYN-0028 (gradual_drift)
2026-03-10,458.2768077715234,SYN-0028 (gradual_drift)
2026-03-11,471.6605950016202,SYN-0028 (gradual_drift)
2026-03-12,461.8292176225572,SYN-0028 (gradual_drift)
2026-03-13,456.3651938893487,SYN-0028 (gradual_drift)
2026-03-14,442.12413626705774,SYN-0028 (gradual_drift)
2026-03-15,476.41681605627974,SYN-0028 (gradual_drift)
2026-03-16,475.501797939258,SYN-0028 (gradual_drift)
2026-03-17,468.9533493488018,SYN-0028 (gradual_drift)
2026-03-18,459.243741769974,SYN-0028 (gradual_drift)
2026-03-19,460.32707786147625,SYN-0028 (gradual_drift)
2026-03-20,486.1105747456032,SYN-0028 (gradual_drift)
2026-03-21,473.3353907624818,SYN-0028 (gradual_drift)
2026-03-22,471.43267391657633,SYN-0028 (gradual_drift)
2026-03-23,463.1327612781386,SYN-0028 (gradual_drift)
2026-03-24,484.19971228901477,SYN-0028 (gradual_drift)
2026-03-25,463.5709150500136,SYN-0028 (gradual_drift)
2026-03-26,481.27634320066556,SYN-0028 (gradual_drift)
2026-03-27,474.2684993144793,SYN-0028 (gradual_drift)
2026-03-28,482.9348133935655,SYN-0028 (gradual_drift)
2026-03-29,482.45898816645354,SYN-0028 (gradual_drift)
2026-03-30,482.876888997502,SYN-0028 (gradual_drift)
2026-03-31,484.79208832014996,SYN-0028 (gradual_drift)
2026-04-01,460.13081938106023,SYN-0028 (gradual_drift)
2026-04-02,457.7959459137201,SYN-0028 (gradual_drift)
2026-04-03,467.87200362560304,SYN-0028 (gradual_drift)
2026-04-04,468.6150840024196,SYN-0028 (gradual_drift)
2026-04-05,472.6489275705372,SYN-0028 (gradual_drift)
2026-04-06,475.004315230542,SYN-0028 (gradual_drift)
2026-04-07,475.2020115085591,SYN-0028 (gradual_drift)
2026-04-08,479.1391770101084,SYN-0028 (gradual_drift)
2026-04-09,484.0575575344881,SYN-0028 (gradual_drift)
2026-04-10,472.1428716102571,SYN-0028 (gradual_drift)
2026-04-11,473.16879396559597,SYN-0028 (gradual_drift)
2026-04-12,476.7105632440989,SYN-0028 (gradual_drift)
2026-04-13,475.01759163496854,SYN-0028 (gradual_drift)
2026-04-14,487.0479737228412,SYN-0028 (gradual_drift)
2026-04-15,484.01289533989416,SYN-0028 (gradual_drift)
2026-04-16,483.9321991349359,SYN-0028 (gradual_drift)
2026-04-17,482.66711442412065,SYN-0028 (gradual_drift)
2026-04-18,479.471471107763,SYN-0028 (gradual_drift)
2026-04-19,475.5376656471559,SYN-0028 (gradual_drift)
2026-04-20,481.2997558503182,SYN-0028 (gradual_drift)
2026-04-21,485.48353597082485,SYN-0028 (gradual_drift)
2026-04-22,492.4728595461411,SYN-0028 (gradual_drift)
2026-04-23,476.4705898669826,SYN-0028 (gradual_drift)
2026-04-24,472.3130981045205,SYN-0028 (gradual_drift)
2026-04-25,488.13059780227195,SYN-0028 (gradual_drift)
2026-04-26,498.5710038101635,SYN-0028 (gradual_drift)
2026-04-27,484.3134742344927,SYN-0028 (gradual_drift)
2026-04-28,479.5656345544571,SYN-0028 (gradual_drift)
2026-04-29,481.52934696600835,SYN-0028 (gradual_drift)
2026-04-30,495.6140347606687,SYN-0028 (gradual_drift)
2026-05-01,483.30091072835046,SYN-0028 (gradual_drift)
2026-05-02,488.98536132211973,SYN-0028 (gradual_drift)
2026-05-03,497.0363369925125,SYN-0028 (gradual_drift)
2026-05-04,477.250804982308,SYN-0028 (gradual_drift)
2026-05-05,493.5687793906658,SYN-0028 (gradual_drift)
2026-05-06,490.63910271176604,SYN-0028 (gradual_drift)
2026-05-07,478.24222281257164,SYN-0028 (gradual_drift)
2026-05-08,485.6849738527732,SYN-0028 (gradual_drift)
2026-05-09,487.09323693026465,SYN-0028 (gradual_drift)
2026-05-10,486.7731353045023,SYN-0028 (gradual_drift)
2026-05-11,489.6695141819724,SYN-0028 (gradual_drift)
2026-05-12,494.0488907414123,SYN-0028 (gradual_drift)
2026-05-13,498.13813121738576,SYN-0028 (gradual_drift)
2026-05-14,486.74825832131324,SYN-0028 (gradual_drift)
2026-05-15,482.1259889756544,SYN-0028 (gradual_drift)
2026-05-16,492.35513830967597,SYN-0028 (gradual_drift)
2026-05-17,501.3225134758733,SYN-0028 (gradual_drift)
2026-05-18,489.7810613183444,SYN-0028 (gradual_drift)
2026-05-19,496.40732200416204,SYN-0028 (gradual_drift)
2026-05-20,497.13184810037677,SYN-0028 (gradual_drift)
2026-05-21,499.98996067680326,SYN-0028 (gradual_drift)
2026-05-22,514.2579895892976,SYN-0028 (gradual_drift)
2026-05-23,494.69034401496896,SYN-0028 (gradual_drift)
2026-05-24,483.5337246430096,SYN-0028 (gradual_drift)
2026-05-25,517.047206510517,SYN-0028 (gradual_drift)
2026-05-26,490.3966241675456,SYN-0028 (gradual_drift)
2026-05-27,504.16742043257307,SYN-0028 (gradual_drift)
2026-05-28,498.6678782567968,SYN-0028 (gradual_drift)
2026-05-29,509.7620297906816,SYN-0028 (gradual_drift)
2026-05-30,510.79842683481144,SYN-0028 (gradual_drift)
2026-05-31,486.88576855196175,SYN-0028 (gradual_drift)
2026-06-01,502.5931218987108,SYN-0028 (gradual_drift)
2026-06-02,506.922995948655,SYN-0028 (gradual_drift)
2026-06-03,492.7081607852091,SYN-0028 (gradual_drift)
2026-06-04,500.5725107980135,SYN-0028 (gradual_drift)
2026-06-05,508.7149031751786,SYN-0028 (gradual_drift)
2026-06-06,502.70757182248417,SYN-0028 (gradual_drift)
2026-06-07,510.3362572449502,SYN-0028 (gradual_drift)
2026-06-08,498.0886766804394,SYN-0028 (gradual_drift)
2026-06-09,503.77227235816434,SYN-0028 (gradual_drift)
2026-06-10,502.1204061362765,SYN-0028 (gradual_drift)
2026-06-11,512.3855101546815,SYN-0028 (gradual_drift)
2026-06-12,513.4753586298096,SYN-0028 (gradual_drift)
2026-06-13,495.4561917236023,SYN-0028 (gradual_drift)
2026-06-14,514.7867657923792,SYN-0028 (gradual_drift)
2026-06-15,502.9916941914145,SYN-0028 (gradual_drift)
2026-06-16,514.8868262778466,SYN-0028 (gradual_drift)
2026-06-17,512.3529036635659,SYN-0028 (gradual_drift)
2026-06-18,508.6136743711198,SYN-0028 (gradual_drift)
2026-06-19,502.5041802468354,SYN-0028 (gradual_drift)
2026-06-20,509.78418170571916,SYN-0028 (gradual_drift)
2026-06-21,518.5122762988182,SYN-0028 (gradual_drift)
2026-06-22,494.0109401111147,SYN-0028 (gradual_drift)
2026-06-23,514.9445202963731,SYN-0028 (gradual_drift)
2026-06-24,503.05894454997525,SYN-0028 (gradual_drift)
2026-06-25,520.1471856804642,SYN-0028 (gradual_drift)
2026-06-26,514.7688016027154,SYN-0028 (gradual_drift)
2026-06-27,518.5439693893567,SYN-0028 (gradual_drift)
2026-06-28,529.7954234022706,SYN-0028 (gradual_drift)
2026-06-29,514.5838382760606,SYN-0028 (gradual_drift)
2026-06-30,528.250885221311,SYN-0028 (gradual_drift)
2026-07-01,512.1624367012436,SYN-0028 (gradual_drift)
2026-07-02,525.2939577378534,SYN-0028 (gradual_drift)
2026-07-03,535.0376364607714,SYN-0028 (gradual_drift)
2026-07-04,531.7534298368735,SYN-0028 (gradual_drift)
2026-07-05,522.3869541103815,SYN-0028 (gradual_drift)
2026-07-06,515.9600224497228,SYN-0028 (gradual_drift)
2026-07-07,513.5454009039931,SYN-0028 (gradual_drift)
2026-07-08,518.7007464711885,SYN-0028 (gradual_drift)
2026-07-09,509.0257282775216,SYN-0028 (gradual_drift)
2026-07-10,523.657469124053,SYN-0028 (gradual_drift)
2026-07-11,535.6691573337608,SYN-0028 (gradual_drift)
2026-07-12,522.3815231971806,SYN-0028 (gradual_drift)
2026-07-13,530.4773046059183,SYN-0028 (gradual_drift)
2026-07-14,522.7357682557786,SYN-0028 (gradual_drift)
2026-07-15,521.945593641691,SYN-0028 (gradual_drift)
2026-07-16,525.8396608524687,SYN-0028 (gradual_drift)
2026-07-17,517.6753091418575,SYN-0028 (gradual_drift)
2026-07-18,524.996003378029,SYN-0028 (gradual_drift)
2026-07-19,523.2450284288842,SYN-0028 (gradual_drift)
2026-07-20,540.1611446827574,SYN-0028 (gradual_drift)
2026-07-21,524.6715839348562,SYN-0028 (gradual_drift)
2026-07-22,527.7666762153841,SYN-0028 (gradual_drift)
2026-07-23,525.6927380055158,SYN-0028 (gradual_drift)
2026-07-24,535.5929207213558,SYN-0028 (gradual_drift)
2026-07-25,524.3020967843123,SYN-0028 (gradual_drift)
2026-07-26,516.8674351135714,SYN-0028 (gradual_drift)
2026-07-27,529.1275621477345,SYN-0028 (gradual_drift)
2026-07-28,506.98347710510603,SYN-0028 (gradual_drift)
2026-07-29,524.451143813001,SYN-0028 (gradual_drift)
2026-07-30,531.7686222306288,SYN-0028 (gradual_drift)
2026-07-31,529.0680872755172,SYN-0028 (gradual_drift)
2026-08-01,530.2086802034623,SYN-0028 (gradual_drift)
2026-08-02,542.9752075508043,SYN-0028 (gradual_drift)
2026-08-03,520.8413726016117,SYN-0028 (gradual_drift)
2026-08-04,527.4173166741535,SYN-0028 (gradual_drift)
2026-08-05,523.6557837474658,SYN-0028 (gradual_drift)
2026-08-06,513.8768926162793,SYN-0028 (gradual_drift)
2026-08-07,534.6670638205799,SYN-0028 (gradual_drift)
2026-08-08,526.3233503844601,SYN-0028 (gradual_drift)
2026-08-09,522.4299899736687,SYN-0028 (gradual_drift)
2026-08-10,533.8687958049925,SYN-0028 (gradual_drift)
2026-08-11,504.37468691317775,SYN-0028 (gradual_drift)
2026-08-12,521.9930314117419,SYN-0028 (gradual_drift)
2026-08-13,540.7192766529529,SYN-0028 (gradual_drift)
2026-08-14,542.6246582723835,SYN-0028 (gradual_drift)
2026-08-15,529.9539400371943,SYN-0028 (gradual_drift)
2026-05-13,3143.822492133995,SYN-0029 (gradual_drift)
2026-05-14,2930.573876671994,SYN-0029 (gradual_drift)
2026-05-15,3169.7338238180164,SYN-0029 (gradual_drift)
2026-05-16,3151.0290204100743,SYN-0029 (gradual_drift)
2026-05-17,3192.299281673323,SYN-0029 (gradual_drift)
2026-05-18,3131.433037693883,SYN-0029 (gradual_drift)
2026-05-19,3068.145871730775,SYN-0029 (gradual_drift)
2026-05-20,3137.59664335984,SYN-0029 (gradual_drift)
2026-05-21,3077.596297789888,SYN-0029 (gradual_drift)
2026-05-22,3137.327757518188,SYN-0029 (gradual_drift)
2026-05-23,3060.5739262733737,SYN-0029 (gradual_drift)
2026-05-24,3071.9709704867296,SYN-0029 (gradual_drift)
2026-05-25,3125.16711708176,SYN-0029 (gradual_drift)
2026-05-26,3142.6692269111854,SYN-0029 (gradual_drift)
2026-05-27,3162.4777804801192,SYN-0029 (gradual_drift)
2026-05-28,3212.2883795891316,SYN-0029 (gradual_drift)
2026-05-29,3186.0919161827364,SYN-0029 (gradual_drift)
2026-05-30,3108.361455669315,SYN-0029 (gradual_drift)
2026-05-31,3120.826512789648,SYN-0029 (gradual_drift)
2026-06-01,3138.5113954099606,SYN-0029 (gradual_drift)
2026-06-02,2992.8538906427066,SYN-0029 (gradual_drift)
2026-06-03,3060.183140136327,SYN-0029 (gradual_drift)
2026-06-04,3165.225562568664,SYN-0029 (gradual_drift)
2026-06-05,2998.4967743316165,SYN-0029 (gradual_drift)
2026-06-06,3063.2917268224687,SYN-0029 (gradual_drift)
2026-06-07,3083.4067680994945,SYN-0029 (gradual_drift)
2026-06-08,3115.4707962728635,SYN-0029 (gradual_drift)
2026-06-09,3093.409476076934,SYN-0029 (gradual_drift)
2026-06-10,3206.6966673324223,SYN-0029 (gradual_drift)
2026-06-11,3090.6231107372428,SYN-0029 (gradual_drift)
2026-06-12,2990.379780030271,SYN-0029 (gradual_drift)
2026-06-13,3043.64620123272,SYN-0029 (gradual_drift)
2026-06-14,3131.9850530732597,SYN-0029 (gradual_drift)
2026-06-15,3072.1403460034558,SYN-0029 (gradual_drift)
2026-06-16,3097.409729137916,SYN-0029 (gradual_drift)
2026-06-17,3071.839528958727,SYN-0029 (gradual_drift)
2026-06-18,3189.174748236267,SYN-0029 (gradual_drift)
2026-06-19,3132.9836717863154,SYN-0029 (gradual_drift)
2026-06-20,3077.408233223148,SYN-0029 (gradual_drift)
2026-06-21,3132.3089359950627,SYN-0029 (gradual_drift)
2026-06-22,3186.2647627705496,SYN-0029 (gradual_drift)
2026-06-23,3155.413033890348,SYN-0029 (gradual_drift)
2026-06-24,3131.8873407443757,SYN-0029 (gradual_drift)
2026-06-25,3099.8769312275863,SYN-0029 (gradual_drift)
2026-06-26,3153.5074243402114,SYN-0029 (gradual_drift)
2026-06-27,2989.6437335343726,SYN-0029 (gradual_drift)
2026-06-28,3002.908164531633,SYN-0029 (gradual_drift)
2026-06-29,3000.11763759591,SYN-0029 (gradual_drift)
2026-06-30,3049.4515027690395,SYN-0029 (gradual_drift)
2026-07-01,3084.982924171173,SYN-0029 (gradual_drift)
2026-07-02,3089.159792438847,SYN-0029 (gradual_drift)
2026-07-03,3162.5056226487254,SYN-0029 (gradual_drift)
2026-07-04,3030.955203856791,SYN-0029 (gradual_drift)
2026-07-05,3052.8186346901125,SYN-0029 (gradual_drift)
2026-07-06,3182.585764519237,SYN-0029 (gradual_drift)
2026-07-07,3108.834484545124,SYN-0029 (gradual_drift)
2026-07-08,3001.8501848049314,SYN-0029 (gradual_drift)
2026-07-09,3111.8361015361074,SYN-0029 (gradual_drift)
2026-07-10,3082.541844747983,SYN-0029 (gradual_drift)
2026-07-11,3173.2981373907683,SYN-0029 (gradual_drift)
2026-07-12,2971.4724860538136,SYN-0029 (gradual_drift)
2026-07-13,3035.433713071955,SYN-0029 (gradual_drift)
2026-07-14,3127.5089867474717,SYN-0029 (gradual_drift)
2026-07-15,3163.2499938826004,SYN-0029 (gradual_drift)
2026-07-16,3032.204311871266,SYN-0029 (gradual_drift)
2026-07-17,2918.3488141532007,SYN-0029 (gradual_drift)
2026-07-18,3031.2950696198845,SYN-0029 (gradual_drift)
2026-07-19,3006.3043809737105,SYN-0029 (gradual_drift)
2026-07-20,3105.9368782280453,SYN-0029 (gradual_drift)
2026-07-21,3154.1634615946155,SYN-0029 (gradual_drift)
2026-07-22,3032.9187017367367,SYN-0029 (gradual_drift)
2026-07-23,2966.779022937354,SYN-0029 (gradual_drift)
2026-07-24,3021.8457512159907,SYN-0029 (gradual_drift)
2026-07-25,3023.6099859890664,SYN-0029 (gradual_drift)
2026-07-26,3147.2467984793275,SYN-0029 (gradual_drift)
2026-07-27,3018.6100105052647,SYN-0029 (gradual_drift)
2026-07-28,3037.644298995551,SYN-0029 (gradual_drift)
2026-07-29,3215.535708813257,SYN-0029 (gradual_drift)
2026-07-30,2941.9364485638052,SYN-0029 (gradual_drift)
2026-07-31,3053.345228927949,SYN-0029 (gradual_drift)
2026-08-01,3037.954227629655,SYN-0029 (gradual_drift)
2026-08-02,3102.2381735921886,SYN-0029 (gradual_drift)
2026-08-03,3092.9978747643045,SYN-0029 (gradual_drift)
2026-08-04,2972.0999033704024,SYN-0029 (gradual_drift)
2026-08-05,3030.924983764208,SYN-0029 (gradual_drift)
2026-08-06,3100.3416668407626,SYN-0029 (gradual_drift)
2026-08-07,2927.073848885371,SYN-0029 (gradual_drift)
2026-08-08,2902.4284259455844,SYN-0029 (gradual_drift)
2026-08-09,3008.2703913635237,SYN-0029 (gradual_drift)
2026-08-10,3007.695970777363,SYN-0029 (gradual_drift)
2026-08-11,3108.630994062948,SYN-0029 (gradual_drift)
2026-08-12,3006.224487237317,SYN-0029 (gradual_drift)
2026-08-13,3072.0062535894594,SYN-0029 (gradual_drift)
2026-08-14,3007.2615912106635,SYN-0029 (gradual_drift)
2026-08-15,3036.2655017081674,SYN-0029 (gradual_drift)
2026-03-14,1978.1609895570455,SYN-0030 (gradual_drift)
2026-03-15,1989.8681646733748,SYN-0030 (gradual_drift)
2026-03-16,1906.438612453082,SYN-0030 (gradual_drift)
2026-03-17,1908.235923858526,SYN-0030 (gradual_drift)
2026-03-18,1965.4848391224941,SYN-0030 (gradual_drift)
2026-03-19,1861.4827028220493,SYN-0030 (gradual_drift)
2026-03-20,1985.9492819006177,SYN-0030 (gradual_drift)
2026-03-21,1874.8469091150614,SYN-0030 (gradual_drift)
2026-03-22,1900.2790686117385,SYN-0030 (gradual_drift)
2026-03-23,1886.1353967305447,SYN-0030 (gradual_drift)
2026-03-24,1999.2101099829572,SYN-0030 (gradual_drift)
2026-03-25,1961.9382273711126,SYN-0030 (gradual_drift)
2026-03-26,1913.0559672512218,SYN-0030 (gradual_drift)
2026-03-27,2015.7256253181386,SYN-0030 (gradual_drift)
2026-03-28,1929.8253831585953,SYN-0030 (gradual_drift)
2026-03-29,1941.2165386625402,SYN-0030 (gradual_drift)
2026-03-30,1927.0453479458386,SYN-0030 (gradual_drift)
2026-03-31,1929.4381978265694,SYN-0030 (gradual_drift)
2026-04-01,1881.787252167239,SYN-0030 (gradual_drift)
2026-04-02,1944.0658274131745,SYN-0030 (gradual_drift)
2026-04-03,1977.8498756485135,SYN-0030 (gradual_drift)
2026-04-04,1902.3961896729916,SYN-0030 (gradual_drift)
2026-04-05,1909.9060473854886,SYN-0030 (gradual_drift)
2026-04-06,1912.4736588192363,SYN-0030 (gradual_drift)
2026-04-07,1920.9922934579283,SYN-0030 (gradual_drift)
2026-04-08,1976.8585175068022,SYN-0030 (gradual_drift)
2026-04-09,1908.1790625849071,SYN-0030 (gradual_drift)
2026-04-10,1927.1328485184745,SYN-0030 (gradual_drift)
2026-04-11,2006.3557118977844,SYN-0030 (gradual_drift)
2026-04-12,1939.1218864680516,SYN-0030 (gradual_drift)
2026-04-13,1906.5577414049303,SYN-0030 (gradual_drift)
2026-04-14,1944.7556582901118,SYN-0030 (gradual_drift)
2026-04-15,1863.796712190391,SYN-0030 (gradual_drift)
2026-04-16,1889.190446280824,SYN-0030 (gradual_drift)
2026-04-17,1851.2381542337373,SYN-0030 (gradual_drift)
2026-04-18,1916.8507403744948,SYN-0030 (gradual_drift)
2026-04-19,1883.055755175765,SYN-0030 (gradual_drift)
2026-04-20,1918.6192191294213,SYN-0030 (gradual_drift)
2026-04-21,1962.1297526703522,SYN-0030 (gradual_drift)
2026-04-22,1833.5079599650383,SYN-0030 (gradual_drift)
2026-04-23,1950.1753726002269,SYN-0030 (gradual_drift)
2026-04-24,1894.6425863192835,SYN-0030 (gradual_drift)
2026-04-25,1905.2327482009302,SYN-0030 (gradual_drift)
2026-04-26,1896.5983101277675,SYN-0030 (gradual_drift)
2026-04-27,1933.8759995850794,SYN-0030 (gradual_drift)
2026-04-28,1931.757692644675,SYN-0030 (gradual_drift)
2026-04-29,1918.6885159100143,SYN-0030 (gradual_drift)
2026-04-30,1935.3689463533792,SYN-0030 (gradual_drift)
2026-05-01,1857.2054247370934,SYN-0030 (gradual_drift)
2026-05-02,1905.3265128252835,SYN-0030 (gradual_drift)
2026-05-03,1903.2965058193759,SYN-0030 (gradual_drift)
2026-05-04,1886.0457859341473,SYN-0030 (gradual_drift)
2026-05-05,1938.046019908726,SYN-0030 (gradual_drift)
2026-05-06,1898.869507006723,SYN-0030 (gradual_drift)
2026-05-07,1896.5194684081855,SYN-0030 (gradual_drift)
2026-05-08,1906.6923542927887,SYN-0030 (gradual_drift)
2026-05-09,1861.1736504929277,SYN-0030 (gradual_drift)
2026-05-10,1960.6854082208165,SYN-0030 (gradual_drift)
2026-05-11,1915.8431508304961,SYN-0030 (gradual_drift)
2026-05-12,1963.5189187874755,SYN-0030 (gradual_drift)
2026-05-13,1932.5890811921834,SYN-0030 (gradual_drift)
2026-05-14,1904.5084878162027,SYN-0030 (gradual_drift)
2026-05-15,1889.8991312302687,SYN-0030 (gradual_drift)
2026-05-16,1891.0947596668575,SYN-0030 (gradual_drift)
2026-05-17,1913.6407745386227,SYN-0030 (gradual_drift)
2026-05-18,1863.229391923138,SYN-0030 (gradual_drift)
2026-05-19,1900.4992654286007,SYN-0030 (gradual_drift)
2026-05-20,1874.3335447326056,SYN-0030 (gradual_drift)
2026-05-21,1858.0325922976085,SYN-0030 (gradual_drift)
2026-05-22,1946.7820531625737,SYN-0030 (gradual_drift)
2026-05-23,1865.2716248990666,SYN-0030 (gradual_drift)
2026-05-24,1879.4919697361095,SYN-0030 (gradual_drift)
2026-05-25,1888.5352705318426,SYN-0030 (gradual_drift)
2026-05-26,1864.7026780949689,SYN-0030 (gradual_drift)
2026-05-27,1884.2596995331955,SYN-0030 (gradual_drift)
2026-05-28,1878.9603336024193,SYN-0030 (gradual_drift)
2026-05-29,1856.0467381323854,SYN-0030 (gradual_drift)
2026-05-30,1951.3138443987725,SYN-0030 (gradual_drift)
2026-05-31,1856.6945630598527,SYN-0030 (gradual_drift)
2026-06-01,1909.2217694151395,SYN-0030 (gradual_drift)
2026-06-02,1873.3623937107986,SYN-0030 (gradual_drift)
2026-06-03,1904.3797173444166,SYN-0030 (gradual_drift)
2026-06-04,1921.0817509606998,SYN-0030 (gradual_drift)
2026-06-05,1825.547945074759,SYN-0030 (gradual_drift)
2026-06-06,1816.837265160079,SYN-0030 (gradual_drift)
2026-06-07,1959.0385088004934,SYN-0030 (gradual_drift)
2026-06-08,1921.4554084048648,SYN-0030 (gradual_drift)
2026-06-09,1877.140333441328,SYN-0030 (gradual_drift)
2026-06-10,1907.4858687558215,SYN-0030 (gradual_drift)
2026-06-11,1943.2575986236986,SYN-0030 (gradual_drift)
2026-06-12,1904.1247333592855,SYN-0030 (gradual_drift)
2026-06-13,1909.1241098125918,SYN-0030 (gradual_drift)
2026-06-14,1902.3972661034027,SYN-0030 (gradual_drift)
2026-06-15,1895.4139595705835,SYN-0030 (gradual_drift)
2026-06-16,1887.0339352505332,SYN-0030 (gradual_drift)
2026-06-17,1851.0874591221107,SYN-0030 (gradual_drift)
2026-06-18,1838.1244271515322,SYN-0030 (gradual_drift)
2026-06-19,1910.2852311446547,SYN-0030 (gradual_drift)
2026-06-20,1892.5185894364122,SYN-0030 (gradual_drift)
2026-06-21,1846.3490246150823,SYN-0030 (gradual_drift)
2026-06-22,1846.6993716908644,SYN-0030 (gradual_drift)
2026-06-23,1929.3420706893107,SYN-0030 (gradual_drift)
2026-06-24,1879.7072322759702,SYN-0030 (gradual_drift)
2026-06-25,1853.3704154994778,SYN-0030 (gradual_drift)
2026-06-26,1828.4853454759186,SYN-0030 (gradual_drift)
2026-06-27,1864.4842739630685,SYN-0030 (gradual_drift)
2026-06-28,1887.6282112036167,SYN-0030 (gradual_drift)
2026-06-29,1844.469032096403,SYN-0030 (gradual_drift)
2026-06-30,1906.9061747966161,SYN-0030 (gradual_drift)
2026-07-01,1865.2936822492002,SYN-0030 (gradual_drift)
2026-07-02,1791.5844967427338,SYN-0030 (gradual_drift)
2026-07-03,1809.751872655201,SYN-0030 (gradual_drift)
2026-07-04,1808.444561473616,SYN-0030 (gradual_drift)
2026-07-05,1853.484186143745,SYN-0030 (gradual_drift)
2026-07-06,1799.2430019775354,SYN-0030 (gradual_drift)
2026-07-07,1754.52544085006,SYN-0030 (gradual_drift)
2026-07-08,1779.0284041135667,SYN-0030 (gradual_drift)
2026-07-09,1805.9129134312466,SYN-0030 (gradual_drift)
2026-07-10,1866.3998867844255,SYN-0030 (gradual_drift)
2026-07-11,1877.2963139345134,SYN-0030 (gradual_drift)
2026-07-12,1841.9924667333962,SYN-0030 (gradual_drift)
2026-07-13,1807.4762111073615,SYN-0030 (gradual_drift)
2026-07-14,1849.4246386451784,SYN-0030 (gradual_drift)
2026-07-15,1854.97273663879,SYN-0030 (gradual_drift)
2026-07-16,1841.2090049699098,SYN-0030 (gradual_drift)
2026-07-17,1864.9294154516188,SYN-0030 (gradual_drift)
2026-07-18,1928.2200106307093,SYN-0030 (gradual_drift)
2026-07-19,1907.4505301591917,SYN-0030 (gradual_drift)
2026-07-20,1829.9346908961243,SYN-0030 (gradual_drift)
2026-07-21,1861.0342127046492,SYN-0030 (gradual_drift)
2026-07-22,1846.8619276140773,SYN-0030 (gradual_drift)
2026-07-23,1803.462173240356,SYN-0030 (gradual_drift)
2026-07-24,1861.1998587156347,SYN-0030 (gradual_drift)
2026-07-25,1807.9532839915632,SYN-0030 (gradual_drift)
2026-07-26,1765.336833988582,SYN-0030 (gradual_drift)
2026-07-27,1822.2144092135409,SYN-0030 (gradual_drift)
2026-07-28,1809.8349031673483,SYN-0030 (gradual_drift)
2026-07-29,1817.7781491484059,SYN-0030 (gradual_drift)
2026-07-30,1782.7468273856784,SYN-0030 (gradual_drift)
2026-07-31,1871.3747757246188,SYN-0030 (gradual_drift)
2026-08-01,1850.4500373348533,SYN-0030 (gradual_drift)
2026-08-02,1847.8411500455818,SYN-0030 (gradual_drift)
2026-08-03,1752.8911808727123,SYN-0030 (gradual_drift)
2026-08-04,1817.5926294463807,SYN-0030 (gradual_drift)
2026-08-05,1797.3414239161011,SYN-0030 (gradual_drift)
2026-08-06,1868.036610478209,SYN-0030 (gradual_drift)
2026-08-07,1791.4380805703963,SYN-0030 (gradual_drift)
2026-08-08,1831.9531926240386,SYN-0030 (gradual_drift)
2026-08-09,1878.7641335097492,SYN-0030 (gradual_drift)
2026-08-10,1799.4659818598234,SYN-0030 (gradual_drift)
2026-08-11,1829.5516709036594,SYN-0030 (gradual_drift)
2026-08-12,1805.0158852985794,SYN-0030 (gradual_drift)
2026-08-13,1761.7989682399016,SYN-0030 (gradual_drift)
2026-08-14,1841.3752184597843,SYN-0030 (gradual_drift)
2026-08-15,1842.0608368858927,SYN-0030 (gradual_drift)
2026-01-10,606.0272615700356,SYN-0031 (dark_pattern)
2026-01-11,598.3941720842539,SYN-0031 (dark_pattern)
2026-01-12,610.9980860768848,SYN-0031 (dark_pattern)
2026-01-13,615.8663043201439,SYN-0031 (dark_pattern)
2026-01-14,607.211641543974,SYN-0031 (dark_pattern)
2026-01-15,594.0743165430289,SYN-0031 (dark_pattern)
2026-01-16,614.2872778916926,SYN-0031 (dark_pattern)
2026-01-17,594.6598094121442,SYN-0031 (dark_pattern)
2026-01-18,594.8496234928128,SYN-0031 (dark_pattern)
2026-01-19,606.2743470390176,SYN-0031 (dark_pattern)
2026-01-20,597.2396626664129,SYN-0031 (dark_pattern)
2026-01-21,596.0870755590574,SYN-0031 (dark_pattern)
2026-01-22,601.0838365298569,SYN-0031 (dark_pattern)
2026-01-23,601.5540867107917,SYN-0031 (dark_pattern)
2026-01-24,614.9316261379115,SYN-0031 (dark_pattern)
2026-01-25,611.2908834940887,SYN-0031 (dark_pattern)
2026-01-26,599.1992961589285,SYN-0031 (dark_pattern)
2026-01-27,597.9148433399805,SYN-0031 (dark_pattern)
2026-01-28,613.0580758386143,SYN-0031 (dark_pattern)
2026-01-29,599.6771100531437,SYN-0031 (dark_pattern)
2026-01-30,625.8858324025437,SYN-0031 (dark_pattern)
2026-01-31,597.6513092888948,SYN-0031 (dark_pattern)
2026-02-01,596.3846659099847,SYN-0031 (dark_pattern)
2026-02-02,589.5902678373129,SYN-0031 (dark_pattern)
2026-02-03,586.1728557564029,SYN-0031 (dark_pattern)
2026-02-04,623.3481180210788,SYN-0031 (dark_pattern)
2026-02-05,609.2698350038879,SYN-0031 (dark_pattern)
2026-02-06,601.7423877543987,SYN-0031 (dark_pattern)
2026-02-07,620.6139929778429,SYN-0031 (dark_pattern)
2026-02-08,606.6332467940701,SYN-0031 (dark_pattern)
2026-02-09,610.991177448612,SYN-0031 (dark_pattern)
2026-02-10,611.6160936699708,SYN-0031 (dark_pattern)
2026-02-11,580.6017647073893,SYN-0031 (dark_pattern)
2026-02-12,595.9720051428469,SYN-0031 (dark_pattern)
2026-02-13,604.5630574832774,SYN-0031 (dark_pattern)
2026-02-14,592.019734221241,SYN-0031 (dark_pattern)
2026-02-15,603.7304520137279,SYN-0031 (dark_pattern)
2026-02-16,607.3340349841094,SYN-0031 (dark_pattern)
2026-02-17,593.2712471617784,SYN-0031 (dark_pattern)
2026-02-18,578.0309264896913,SYN-0031 (dark_pattern)
2026-02-19,607.9910651273345,SYN-0031 (dark_pattern)
2026-02-20,600.9519485048718,SYN-0031 (dark_pattern)
2026-02-21,586.8953094129635,SYN-0031 (dark_pattern)
2026-02-22,600.4740124503627,SYN-0031 (dark_pattern)
2026-02-23,607.3482204192989,SYN-0031 (dark_pattern)
2026-02-24,596.5329731135569,SYN-0031 (dark_pattern)
2026-02-25,591.3906867906471,SYN-0031 (dark_pattern)
2026-02-26,600.0720446695614,SYN-0031 (dark_pattern)
2026-02-27,605.010989625465,SYN-0031 (dark_pattern)
2026-02-28,602.0111120593967,SYN-0031 (dark_pattern)
2026-03-01,600.2722030862711,SYN-0031 (dark_pattern)
2026-03-02,604.538950867788,SYN-0031 (dark_pattern)
2026-03-03,618.9459370504757,SYN-0031 (dark_pattern)
2026-03-04,597.1956538065486,SYN-0031 (dark_pattern)
2026-03-05,595.0601647542618,SYN-0031 (dark_pattern)
2026-03-06,594.6345540295785,SYN-0031 (dark_pattern)
2026-03-07,616.7181043320202,SYN-0031 (dark_pattern)
2026-03-08,598.5038949429977,SYN-0031 (dark_pattern)
2026-03-09,595.990567389671,SYN-0031 (dark_pattern)
2026-03-10,610.1098393050557,SYN-0031 (dark_pattern)
2026-03-11,592.8941482166678,SYN-0031 (dark_pattern)
2026-03-12,616.616852102057,SYN-0031 (dark_pattern)
2026-03-13,585.2763267978739,SYN-0031 (dark_pattern)
2026-03-14,600.1888700136036,SYN-0031 (dark_pattern)
2026-03-15,604.570640502704,SYN-0031 (dark_pattern)
2026-03-16,597.9672358352585,SYN-0031 (dark_pattern)
2026-03-17,589.8784771810567,SYN-0031 (dark_pattern)
2026-03-18,589.4482176320339,SYN-0031 (dark_pattern)
2026-03-19,619.5050762623371,SYN-0031 (dark_pattern)
2026-03-20,607.6302585624924,SYN-0031 (dark_pattern)
2026-03-21,608.9559578271092,SYN-0031 (dark_pattern)
2026-03-22,590.3616517749834,SYN-0031 (dark_pattern)
2026-03-23,606.6849356950692,SYN-0031 (dark_pattern)
2026-03-24,612.1003887517082,SYN-0031 (dark_pattern)
2026-03-25,630.037456330459,SYN-0031 (dark_pattern)
2026-03-26,582.1822767328636,SYN-0031 (dark_pattern)
2026-03-27,627.8364923174736,SYN-0031 (dark_pattern)
2026-03-28,588.4857567360255,SYN-0031 (dark_pattern)
2026-03-29,607.4862497031112,SYN-0031 (dark_pattern)
2026-03-30,621.3478527951725,SYN-0031 (dark_pattern)
2026-03-31,598.5005518452831,SYN-0031 (dark_pattern)
2026-04-01,584.0114293860497,SYN-0031 (dark_pattern)
2026-04-02,628.8292898967089,SYN-0031 (dark_pattern)
2026-04-03,601.4383030071981,SYN-0031 (dark_pattern)
2026-04-04,607.5745074726234,SYN-0031 (dark_pattern)
2026-04-05,590.6739631570952,SYN-0031 (dark_pattern)
2026-04-06,609.599117727913,SYN-0031 (dark_pattern)
2026-04-07,595.835693820084,SYN-0031 (dark_pattern)
2026-04-08,592.3966357757491,SYN-0031 (dark_pattern)
2026-04-09,610.0493802656058,SYN-0031 (dark_pattern)
2026-04-10,606.4802024952446,SYN-0031 (dark_pattern)
2026-04-11,619.322038562398,SYN-0031 (dark_pattern)
2026-04-12,611.5393811103991,SYN-0031 (dark_pattern)
2026-04-13,602.2721238406481,SYN-0031 (dark_pattern)
2026-04-14,596.0014483553613,SYN-0031 (dark_pattern)
2026-04-15,610.7424013073511,SYN-0031 (dark_pattern)
2026-04-16,610.9397158250226,SYN-0031 (dark_pattern)
2026-04-17,586.0717364499023,SYN-0031 (dark_pattern)
2026-04-18,599.4861254604914,SYN-0031 (dark_pattern)
2026-04-19,599.4581115069018,SYN-0031 (dark_pattern)
2026-04-20,596.1837908623206,SYN-0031 (dark_pattern)
2026-04-21,599.8093103660952,SYN-0031 (dark_pattern)
2026-04-22,580.7262650615867,SYN-0031 (dark_pattern)
2026-04-23,603.7128386665577,SYN-0031 (dark_pattern)
2026-04-24,596.0888180471771,SYN-0031 (dark_pattern)
2026-04-25,608.5880391093978,SYN-0031 (dark_pattern)
2026-04-26,618.8305908142327,SYN-0031 (dark_pattern)
2026-04-27,604.7152955599173,SYN-0031 (dark_pattern)
2026-04-28,613.4430741327515,SYN-0031 (dark_pattern)
2026-04-29,593.7196553061036,SYN-0031 (dark_pattern)
2026-04-30,615.7329440544266,SYN-0031 (dark_pattern)
2026-05-01,584.5862093435875,SYN-0031 (dark_pattern)
2026-05-02,605.6420264829333,SYN-0031 (dark_pattern)
2026-05-03,596.0663365630849,SYN-0031 (dark_pattern)
2026-05-04,587.7569041927566,SYN-0031 (dark_pattern)
2026-05-05,609.5269604504921,SYN-0031 (dark_pattern)
2026-05-06,615.311726627404,SYN-0031 (dark_pattern)
2026-05-07,584.3250280236462,SYN-0031 (dark_pattern)
2026-05-08,582.8325869133411,SYN-0031 (dark_pattern)
2026-05-09,618.5811422960915,SYN-0031 (dark_pattern)
2026-05-10,602.588251786846,SYN-0031 (dark_pattern)
2026-05-11,621.6966486625415,SYN-0031 (dark_pattern)
2026-05-12,610.4011840508565,SYN-0031 (dark_pattern)
2026-05-13,602.6504462445893,SYN-0031 (dark_pattern)
2026-05-14,627.9779691073288,SYN-0031 (dark_pattern)
2026-05-15,609.388542625072,SYN-0031 (dark_pattern)
2026-05-16,581.6801657279079,SYN-0031 (dark_pattern)
2026-05-17,593.3155076595551,SYN-0031 (dark_pattern)
2026-05-18,609.2327848141263,SYN-0031 (dark_pattern)
2026-05-19,616.957511987307,SYN-0031 (dark_pattern)
2026-05-20,626.8733947935568,SYN-0031 (dark_pattern)
2026-05-21,609.7698524360871,SYN-0031 (dark_pattern)
2026-05-22,585.3162611334619,SYN-0031 (dark_pattern)
2026-05-23,602.536356874393,SYN-0031 (dark_pattern)
2026-05-24,617.3580456673504,SYN-0031 (dark_pattern)
2026-05-25,606.6398427968826,SYN-0031 (dark_pattern)
2026-05-26,614.573832695289,SYN-0031 (dark_pattern)
2026-05-27,596.2455100375415,SYN-0031 (dark_pattern)
2026-05-28,621.3617147869081,SYN-0031 (dark_pattern)
2026-05-29,586.0323200053625,SYN-0031 (dark_pattern)
2026-05-30,587.4547477275545,SYN-0031 (dark_pattern)
2026-05-31,607.2332547126193,SYN-0031 (dark_pattern)
2026-06-01,620.1424977315204,SYN-0031 (dark_pattern)
2026-06-02,628.1105020660826,SYN-0031 (dark_pattern)
2026-06-03,592.9766742149749,SYN-0031 (dark_pattern)
2026-06-04,608.1004759912756,SYN-0031 (dark_pattern)
2026-06-05,626.6660629954382,SYN-0031 (dark_pattern)
2026-06-06,601.8260496337525,SYN-0031 (dark_pattern)
2026-06-07,599.3033795354659,SYN-0031 (dark_pattern)
2026-06-08,608.5300685929378,SYN-0031 (dark_pattern)
2026-06-09,622.499815095481,SYN-0031 (dark_pattern)
2026-06-10,608.3732398812443,SYN-0031 (dark_pattern)
2026-06-11,599.5498819278392,SYN-0031 (dark_pattern)
2026-06-12,609.3915612152372,SYN-0031 (dark_pattern)
2026-06-13,614.1878259741338,SYN-0031 (dark_pattern)
2026-06-14,621.5707059788939,SYN-0031 (dark_pattern)
2026-06-15,593.6196057290758,SYN-0031 (dark_pattern)
2026-06-16,571.2466089987588,SYN-0031 (dark_pattern)
2026-06-17,615.2174002709007,SYN-0031 (dark_pattern)
2026-06-18,602.0623404953176,SYN-0031 (dark_pattern)
2026-06-19,577.223976960853,SYN-0031 (dark_pattern)
2026-06-20,627.0062641242462,SYN-0031 (dark_pattern)
2026-06-21,591.1207863557294,SYN-0031 (dark_pattern)
2026-06-22,591.9025670492608,SYN-0031 (dark_pattern)
2026-06-23,615.1423140549858,SYN-0031 (dark_pattern)
2026-06-24,591.9870793268763,SYN-0031 (dark_pattern)
2026-06-25,608.7986087026436,SYN-0031 (dark_pattern)
2026-06-26,604.8546679967438,SYN-0031 (dark_pattern)
2026-06-27,597.9683137661953,SYN-0031 (dark_pattern)
2026-06-28,608.0935787345236,SYN-0031 (dark_pattern)
2026-06-29,598.071924651435,SYN-0031 (dark_pattern)
2026-06-30,585.0870995991461,SYN-0031 (dark_pattern)
2026-07-01,623.8249006160419,SYN-0031 (dark_pattern)
2026-07-02,605.6118037005825,SYN-0031 (dark_pattern)
2026-07-03,595.9982063384654,SYN-0031 (dark_pattern)
2026-07-04,615.3038086630767,SYN-0031 (dark_pattern)
2026-07-05,627.4559516118261,SYN-0031 (dark_pattern)
2026-07-06,614.8755952969118,SYN-0031 (dark_pattern)
2026-07-07,616.3021194284777,SYN-0031 (dark_pattern)
2026-07-08,590.8542693912867,SYN-0031 (dark_pattern)
2026-07-09,610.0628159261539,SYN-0031 (dark_pattern)
2026-07-10,596.7280354420419,SYN-0031 (dark_pattern)
2026-07-11,599.9106437326519,SYN-0031 (dark_pattern)
2026-07-12,587.861269749654,SYN-0031 (dark_pattern)
2026-07-13,594.0443394982412,SYN-0031 (dark_pattern)
2026-07-14,593.4530013681131,SYN-0031 (dark_pattern)
2026-07-15,591.0026850267722,SYN-0031 (dark_pattern)
2026-07-16,609.1383308564415,SYN-0031 (dark_pattern)
2026-07-17,617.2789573311533,SYN-0031 (dark_pattern)
2026-07-18,585.9570187256185,SYN-0031 (dark_pattern)
2026-07-19,607.2105839282618,SYN-0031 (dark_pattern)
2026-07-20,609.4718301622809,SYN-0031 (dark_pattern)
2026-07-21,602.8562767026277,SYN-0031 (dark_pattern)
2026-07-22,572.4936692642228,SYN-0031 (dark_pattern)
2026-07-23,596.6546346124876,SYN-0031 (dark_pattern)
2026-07-24,615.6234097924628,SYN-0031 (dark_pattern)
2026-07-25,593.4313764960292,SYN-0031 (dark_pattern)
2026-07-26,592.9807927659854,SYN-0031 (dark_pattern)
2026-07-27,576.1824057572778,SYN-0031 (dark_pattern)
2026-07-28,608.5975697056111,SYN-0031 (dark_pattern)
2026-07-29,596.0617206022013,SYN-0031 (dark_pattern)
2026-07-30,612.2304020905015,SYN-0031 (dark_pattern)
2026-07-31,591.1991247753613,SYN-0031 (dark_pattern)
2026-08-01,604.659082202117,SYN-0031 (dark_pattern)
2026-08-02,595.193502644986,SYN-0031 (dark_pattern)
2026-08-03,614.3231075309722,SYN-0031 (dark_pattern)
2026-08-04,596.9893031523704,SYN-0031 (dark_pattern)
2026-08-05,612.0734960510555,SYN-0031 (dark_pattern)
2026-08-06,925.2684859656331,SYN-0031 (dark_pattern)
2026-08-07,925.1203606407213,SYN-0031 (dark_pattern)
2026-08-08,922.5457235322701,SYN-0031 (dark_pattern)
2026-08-09,943.9497006036828,SYN-0031 (dark_pattern)
2026-08-10,928.9808576278449,SYN-0031 (dark_pattern)
2026-08-11,576.1255592438176,SYN-0031 (dark_pattern)
2026-08-12,605.2242569956649,SYN-0031 (dark_pattern)
2026-08-13,585.5633794816611,SYN-0031 (dark_pattern)
2026-08-14,595.6075800232226,SYN-0031 (dark_pattern)
2026-08-15,582.734128443694,SYN-0031 (dark_pattern)
2026-02-21,1353.8481112126663,SYN-0032 (dark_pattern)
2026-02-22,1375.9164382656018,SYN-0032 (dark_pattern)
2026-02-23,1328.0675944015766,SYN-0032 (dark_pattern)
2026-02-24,1361.5730621001778,SYN-0032 (dark_pattern)
2026-02-25,1422.7546581711601,SYN-0032 (dark_pattern)
2026-02-26,1444.422670464801,SYN-0032 (dark_pattern)
2026-02-27,1329.8377844708625,SYN-0032 (dark_pattern)
2026-02-28,1356.233898315369,SYN-0032 (dark_pattern)
2026-03-01,1331.7668937049204,SYN-0032 (dark_pattern)
2026-03-02,1342.709325443795,SYN-0032 (dark_pattern)
2026-03-03,1330.976271642972,SYN-0032 (dark_pattern)
2026-03-04,1397.5983688926942,SYN-0032 (dark_pattern)
2026-03-05,1374.9957991857257,SYN-0032 (dark_pattern)
2026-03-06,1357.6730085268316,SYN-0032 (dark_pattern)
2026-03-07,1352.309167744334,SYN-0032 (dark_pattern)
2026-03-08,1397.7426239975402,SYN-0032 (dark_pattern)
2026-03-09,1407.3656503321013,SYN-0032 (dark_pattern)
2026-03-10,1370.1689876733988,SYN-0032 (dark_pattern)
2026-03-11,1408.6864670356842,SYN-0032 (dark_pattern)
2026-03-12,1396.0686630628745,SYN-0032 (dark_pattern)
2026-03-13,1376.258253895269,SYN-0032 (dark_pattern)
2026-03-14,1385.290566942338,SYN-0032 (dark_pattern)
2026-03-15,1393.3903969758449,SYN-0032 (dark_pattern)
2026-03-16,1422.0882643275709,SYN-0032 (dark_pattern)
2026-03-17,1395.5571197948339,SYN-0032 (dark_pattern)
2026-03-18,1382.620286123314,SYN-0032 (dark_pattern)
2026-03-19,1408.2035216312588,SYN-0032 (dark_pattern)
2026-03-20,1381.0438924426091,SYN-0032 (dark_pattern)
2026-03-21,1377.3721175971816,SYN-0032 (dark_pattern)
2026-03-22,1355.1182848413303,SYN-0032 (dark_pattern)
2026-03-23,1390.1964786385943,SYN-0032 (dark_pattern)
2026-03-24,1396.99304684967,SYN-0032 (dark_pattern)
2026-03-25,1380.5706055393002,SYN-0032 (dark_pattern)
2026-03-26,1382.6433503749363,SYN-0032 (dark_pattern)
2026-03-27,1360.0775413714207,SYN-0032 (dark_pattern)
2026-03-28,1348.8151246000516,SYN-0032 (dark_pattern)
2026-03-29,1352.204919477514,SYN-0032 (dark_pattern)
2026-03-30,1321.3533412395957,SYN-0032 (dark_pattern)
2026-03-31,1442.478296128194,SYN-0032 (dark_pattern)
2026-04-01,1378.2677634790678,SYN-0032 (dark_pattern)
2026-04-02,1379.1853566111986,SYN-0032 (dark_pattern)
2026-04-03,1393.126272196137,SYN-0032 (dark_pattern)
2026-04-04,1368.6703111345073,SYN-0032 (dark_pattern)
2026-04-05,1374.1060257938102,SYN-0032 (dark_pattern)
2026-04-06,1428.0892385919467,SYN-0032 (dark_pattern)
2026-04-07,1398.1992770783033,SYN-0032 (dark_pattern)
2026-04-08,1453.784775592349,SYN-0032 (dark_pattern)
2026-04-09,1404.5323304724263,SYN-0032 (dark_pattern)
2026-04-10,1359.4765100288125,SYN-0032 (dark_pattern)
2026-04-11,1374.6627892571894,SYN-0032 (dark_pattern)
2026-04-12,1419.5340308201828,SYN-0032 (dark_pattern)
2026-04-13,1399.4795331437333,SYN-0032 (dark_pattern)
2026-04-14,1437.3028676733738,SYN-0032 (dark_pattern)
2026-04-15,1389.8323615460783,SYN-0032 (dark_pattern)
2026-04-16,1381.9697639121453,SYN-0032 (dark_pattern)
2026-04-17,1399.0646408844282,SYN-0032 (dark_pattern)
2026-04-18,1385.2369324356355,SYN-0032 (dark_pattern)
2026-04-19,1348.6877130680825,SYN-0032 (dark_pattern)
2026-04-20,1372.6712085968688,SYN-0032 (dark_pattern)
2026-04-21,1402.8091350794145,SYN-0032 (dark_pattern)
2026-04-22,1390.4210666500448,SYN-0032 (dark_pattern)
2026-04-23,1345.9236800059346,SYN-0032 (dark_pattern)
2026-04-24,1350.6531171366084,SYN-0032 (dark_pattern)
2026-04-25,1338.0201836464184,SYN-0032 (dark_pattern)
2026-04-26,1377.4477822134465,SYN-0032 (dark_pattern)
2026-04-27,1410.932292715257,SYN-0032 (dark_pattern)
2026-04-28,1390.0448886620381,SYN-0032 (dark_pattern)
2026-04-29,1401.6690496260399,SYN-0032 (dark_pattern)
2026-04-30,1380.370935124388,SYN-0032 (dark_pattern)
2026-05-01,1295.409584741641,SYN-0032 (dark_pattern)
2026-05-02,1368.40708894098,SYN-0032 (dark_pattern)
2026-05-03,1388.3246942722453,SYN-0032 (dark_pattern)
2026-05-04,1389.3593690034857,SYN-0032 (dark_pattern)
2026-05-05,1362.1947024321194,SYN-0032 (dark_pattern)
2026-05-06,1386.7291872373467,SYN-0032 (dark_pattern)
2026-05-07,1354.3562052255106,SYN-0032 (dark_pattern)
2026-05-08,1322.4797458001708,SYN-0032 (dark_pattern)
2026-05-09,1377.5206571376652,SYN-0032 (dark_pattern)
2026-05-10,1385.7922351278548,SYN-0032 (dark_pattern)
2026-05-11,1407.8247632919865,SYN-0032 (dark_pattern)
2026-05-12,1383.9649443620851,SYN-0032 (dark_pattern)
2026-05-13,1370.8861977416902,SYN-0032 (dark_pattern)
2026-05-14,1386.575166136645,SYN-0032 (dark_pattern)
2026-05-15,1386.163649920487,SYN-0032 (dark_pattern)
2026-05-16,1360.0580524929558,SYN-0032 (dark_pattern)
2026-05-17,1386.686606180255,SYN-0032 (dark_pattern)
2026-05-18,1421.9168442021983,SYN-0032 (dark_pattern)
2026-05-19,1345.7137365844121,SYN-0032 (dark_pattern)
2026-05-20,1403.654452092215,SYN-0032 (dark_pattern)
2026-05-21,1409.108005399374,SYN-0032 (dark_pattern)
2026-05-22,1365.2208877365113,SYN-0032 (dark_pattern)
2026-05-23,1392.3576768002774,SYN-0032 (dark_pattern)
2026-05-24,1404.6126396457921,SYN-0032 (dark_pattern)
2026-05-25,1459.1354185729413,SYN-0032 (dark_pattern)
2026-05-26,1405.2406503661957,SYN-0032 (dark_pattern)
2026-05-27,1391.1832897961976,SYN-0032 (dark_pattern)
2026-05-28,1403.1906821989978,SYN-0032 (dark_pattern)
2026-05-29,1421.2238378348768,SYN-0032 (dark_pattern)
2026-05-30,1345.700950284845,SYN-0032 (dark_pattern)
2026-05-31,1420.7354529820839,SYN-0032 (dark_pattern)
2026-06-01,1357.1964581892037,SYN-0032 (dark_pattern)
2026-06-02,1390.537592651441,SYN-0032 (dark_pattern)
2026-06-03,1418.476846296402,SYN-0032 (dark_pattern)
2026-06-04,1380.2021914895927,SYN-0032 (dark_pattern)
2026-06-05,1341.9323927137887,SYN-0032 (dark_pattern)
2026-06-06,1401.1263886806566,SYN-0032 (dark_pattern)
2026-06-07,1344.3572386020417,SYN-0032 (dark_pattern)
2026-06-08,1390.6590595985501,SYN-0032 (dark_pattern)
2026-06-09,1345.8910392891182,SYN-0032 (dark_pattern)
2026-06-10,1404.993644058619,SYN-0032 (dark_pattern)
2026-06-11,1396.3925067657353,SYN-0032 (dark_pattern)
2026-06-12,1345.7128845838806,SYN-0032 (dark_pattern)
2026-06-13,1399.1776221616417,SYN-0032 (dark_pattern)
2026-06-14,1365.2295015981506,SYN-0032 (dark_pattern)
2026-06-15,1366.4944440680524,SYN-0032 (dark_pattern)
2026-06-16,1339.4141724828064,SYN-0032 (dark_pattern)
2026-06-17,1381.0705766640772,SYN-0032 (dark_pattern)
2026-06-18,1367.857136564754,SYN-0032 (dark_pattern)
2026-06-19,1387.9565496381222,SYN-0032 (dark_pattern)
2026-06-20,1374.3896813779836,SYN-0032 (dark_pattern)
2026-06-21,1376.0413221778924,SYN-0032 (dark_pattern)
2026-06-22,1361.272120906807,SYN-0032 (dark_pattern)
2026-06-23,1372.3800864959808,SYN-0032 (dark_pattern)
2026-06-24,1425.6509847406242,SYN-0032 (dark_pattern)
2026-06-25,1388.0688305641481,SYN-0032 (dark_pattern)
2026-06-26,1358.7154002760126,SYN-0032 (dark_pattern)
2026-06-27,1358.301601115052,SYN-0032 (dark_pattern)
2026-06-28,1382.5870816045754,SYN-0032 (dark_pattern)
2026-06-29,1399.8838253409494,SYN-0032 (dark_pattern)
2026-06-30,1378.17482726298,SYN-0032 (dark_pattern)
2026-07-01,1418.2067508787093,SYN-0032 (dark_pattern)
2026-07-02,1365.655297842945,SYN-0032 (dark_pattern)
2026-07-03,1314.1279504059012,SYN-0032 (dark_pattern)
2026-07-04,1383.8863879998373,SYN-0032 (dark_pattern)
2026-07-05,1400.5213653421777,SYN-0032 (dark_pattern)
2026-07-06,1422.9249014987108,SYN-0032 (dark_pattern)
2026-07-07,1416.5195968340447,SYN-0032 (dark_pattern)
2026-07-08,1352.3059431359136,SYN-0032 (dark_pattern)
2026-07-09,1397.0114678066336,SYN-0032 (dark_pattern)
2026-07-10,1342.5831353538542,SYN-0032 (dark_pattern)
2026-07-11,1299.4139014820212,SYN-0032 (dark_pattern)
2026-07-12,1364.3811475957275,SYN-0032 (dark_pattern)
2026-07-13,1402.8896620592461,SYN-0032 (dark_pattern)
2026-07-14,1395.1276906191,SYN-0032 (dark_pattern)
2026-07-15,1354.8989754557824,SYN-0032 (dark_pattern)
2026-07-16,1354.831895787197,SYN-0032 (dark_pattern)
2026-07-17,1375.0508000776517,SYN-0032 (dark_pattern)
2026-07-18,1375.5333113087904,SYN-0032 (dark_pattern)
2026-07-19,1347.7154798781994,SYN-0032 (dark_pattern)
2026-07-20,1329.7468318433957,SYN-0032 (dark_pattern)
2026-07-21,1375.0622293202096,SYN-0032 (dark_pattern)
2026-07-22,1328.3808496495938,SYN-0032 (dark_pattern)
2026-07-23,1388.1587651021844,SYN-0032 (dark_pattern)
2026-07-24,1371.1907630381854,SYN-0032 (dark_pattern)
2026-07-25,1392.745533087669,SYN-0032 (dark_pattern)
2026-07-26,1315.750740616243,SYN-0032 (dark_pattern)
2026-07-27,1336.3694769692454,SYN-0032 (dark_pattern)
2026-07-28,1302.7994789406637,SYN-0032 (dark_pattern)
2026-07-29,1370.8107753631598,SYN-0032 (dark_pattern)
2026-07-30,1361.2230647245797,SYN-0032 (dark_pattern)
2026-07-31,1375.6241323037648,SYN-0032 (dark_pattern)
2026-08-01,1401.0353545293804,SYN-0032 (dark_pattern)
2026-08-02,1388.7941884606867,SYN-0032 (dark_pattern)
2026-08-03,1901.194350796544,SYN-0032 (dark_pattern)
2026-08-04,1880.958081176823,SYN-0032 (dark_pattern)
2026-08-05,1827.8338638928356,SYN-0032 (dark_pattern)
2026-08-06,1878.8421927745728,SYN-0032 (dark_pattern)
2026-08-07,1876.2770504234202,SYN-0032 (dark_pattern)
2026-08-08,1877.3259960537514,SYN-0032 (dark_pattern)
2026-08-09,1864.237287705209,SYN-0032 (dark_pattern)
2026-08-10,1857.1609088455587,SYN-0032 (dark_pattern)
2026-08-11,1375.2759125881566,SYN-0032 (dark_pattern)
2026-08-12,1411.6283157772211,SYN-0032 (dark_pattern)
2026-08-13,1422.072294775308,SYN-0032 (dark_pattern)
2026-08-14,1388.9075869059716,SYN-0032 (dark_pattern)
2026-08-15,1506.9425534415057,SYN-0032 (dark_pattern)
2026-05-05,1678.3733988022013,SYN-0033 (dark_pattern)
2026-05-06,1642.3352792383948,SYN-0033 (dark_pattern)
2026-05-07,1648.3734587647668,SYN-0033 (dark_pattern)
2026-05-08,1680.5685102229463,SYN-0033 (dark_pattern)
2026-05-09,1647.4205227110997,SYN-0033 (dark_pattern)
2026-05-10,1674.0087618831758,SYN-0033 (dark_pattern)
2026-05-11,1661.8237114949993,SYN-0033 (dark_pattern)
2026-05-12,1674.35388790449,SYN-0033 (dark_pattern)
2026-05-13,1667.3482902428675,SYN-0033 (dark_pattern)
2026-05-14,1619.5724282366716,SYN-0033 (dark_pattern)
2026-05-15,1727.2093537401865,SYN-0033 (dark_pattern)
2026-05-16,1669.7455296713397,SYN-0033 (dark_pattern)
2026-05-17,1657.6548765134787,SYN-0033 (dark_pattern)
2026-05-18,1639.0918418924764,SYN-0033 (dark_pattern)
2026-05-19,1642.6945371888523,SYN-0033 (dark_pattern)
2026-05-20,1616.0267356306783,SYN-0033 (dark_pattern)
2026-05-21,1622.7278852549007,SYN-0033 (dark_pattern)
2026-05-22,1616.264248434195,SYN-0033 (dark_pattern)
2026-05-23,1661.9109045421415,SYN-0033 (dark_pattern)
2026-05-24,1624.3219337638077,SYN-0033 (dark_pattern)
2026-05-25,1700.429182163421,SYN-0033 (dark_pattern)
2026-05-26,1652.1495949451287,SYN-0033 (dark_pattern)
2026-05-27,1622.8130949240026,SYN-0033 (dark_pattern)
2026-05-28,1614.4416599471374,SYN-0033 (dark_pattern)
2026-05-29,1616.5306223901202,SYN-0033 (dark_pattern)
2026-05-30,1654.1691504779988,SYN-0033 (dark_pattern)
2026-05-31,1681.0090709190054,SYN-0033 (dark_pattern)
2026-06-01,1675.215868243545,SYN-0033 (dark_pattern)
2026-06-02,1669.0570260350794,SYN-0033 (dark_pattern)
2026-06-03,1614.9197855397695,SYN-0033 (dark_pattern)
2026-06-04,1702.392749027129,SYN-0033 (dark_pattern)
2026-06-05,1646.717778450358,SYN-0033 (dark_pattern)
2026-06-06,1642.496640416123,SYN-0033 (dark_pattern)
2026-06-07,1649.5657839738926,SYN-0033 (dark_pattern)
2026-06-08,1643.5323170569322,SYN-0033 (dark_pattern)
2026-06-09,1692.364889247082,SYN-0033 (dark_pattern)
2026-06-10,1655.834255243823,SYN-0033 (dark_pattern)
2026-06-11,1633.5239800846045,SYN-0033 (dark_pattern)
2026-06-12,1644.8800649911254,SYN-0033 (dark_pattern)
2026-06-13,1692.0071917835046,SYN-0033 (dark_pattern)
2026-06-14,1613.7840338861538,SYN-0033 (dark_pattern)
2026-06-15,1616.9271431975733,SYN-0033 (dark_pattern)
2026-06-16,1664.8144381617947,SYN-0033 (dark_pattern)
2026-06-17,1650.3972434845166,SYN-0033 (dark_pattern)
2026-06-18,1607.1942997143508,SYN-0033 (dark_pattern)
2026-06-19,1627.1925527678427,SYN-0033 (dark_pattern)
2026-06-20,1697.2215534824347,SYN-0033 (dark_pattern)
2026-06-21,1702.3760116468095,SYN-0033 (dark_pattern)
2026-06-22,1617.6312968669379,SYN-0033 (dark_pattern)
2026-06-23,1643.1526082571486,SYN-0033 (dark_pattern)
2026-06-24,1668.0324849651872,SYN-0033 (dark_pattern)
2026-06-25,1692.658345405898,SYN-0033 (dark_pattern)
2026-06-26,1687.0014149836095,SYN-0033 (dark_pattern)
2026-06-27,1626.1000595125604,SYN-0033 (dark_pattern)
2026-06-28,1719.8072224286934,SYN-0033 (dark_pattern)
2026-06-29,1640.2812945678038,SYN-0033 (dark_pattern)
2026-06-30,1721.1807417057128,SYN-0033 (dark_pattern)
2026-07-01,1629.249679950662,SYN-0033 (dark_pattern)
2026-07-02,1706.9890049209077,SYN-0033 (dark_pattern)
2026-07-03,1662.5004000828626,SYN-0033 (dark_pattern)
2026-07-04,1691.990363520654,SYN-0033 (dark_pattern)
2026-07-05,1639.769349350024,SYN-0033 (dark_pattern)
2026-07-06,1617.1405160089025,SYN-0033 (dark_pattern)
2026-07-07,1720.817848180018,SYN-0033 (dark_pattern)
2026-07-08,1663.0230297083444,SYN-0033 (dark_pattern)
2026-07-09,1691.1752135982335,SYN-0033 (dark_pattern)
2026-07-10,1694.3727953318987,SYN-0033 (dark_pattern)
2026-07-11,1684.191155458555,SYN-0033 (dark_pattern)
2026-07-12,1696.5966499929427,SYN-0033 (dark_pattern)
2026-07-13,1593.005614631893,SYN-0033 (dark_pattern)
2026-07-14,1624.604763508976,SYN-0033 (dark_pattern)
2026-07-15,1681.735105267256,SYN-0033 (dark_pattern)
2026-07-16,1662.2512186351294,SYN-0033 (dark_pattern)
2026-07-17,1667.1437338045214,SYN-0033 (dark_pattern)
2026-07-18,1647.256373940396,SYN-0033 (dark_pattern)
2026-07-19,1644.902384236373,SYN-0033 (dark_pattern)
2026-07-20,1674.4545792689437,SYN-0033 (dark_pattern)
2026-07-21,1621.8046864957832,SYN-0033 (dark_pattern)
2026-07-22,1722.6323901512128,SYN-0033 (dark_pattern)
2026-07-23,1651.5867406973468,SYN-0033 (dark_pattern)
2026-07-24,1664.3309237813435,SYN-0033 (dark_pattern)
2026-07-25,1733.4776039137273,SYN-0033 (dark_pattern)
2026-07-26,1593.5511161124139,SYN-0033 (dark_pattern)
2026-07-27,1695.1087314415583,SYN-0033 (dark_pattern)
2026-07-28,1583.3926549181233,SYN-0033 (dark_pattern)
2026-07-29,1650.1436886216952,SYN-0033 (dark_pattern)
2026-07-30,1672.14368675791,SYN-0033 (dark_pattern)
2026-07-31,1695.6867771585353,SYN-0033 (dark_pattern)
2026-08-01,1658.804720781007,SYN-0033 (dark_pattern)
2026-08-02,1588.2717632512604,SYN-0033 (dark_pattern)
2026-08-03,1633.7919843776149,SYN-0033 (dark_pattern)
2026-08-04,1656.8101507437482,SYN-0033 (dark_pattern)
2026-08-05,2203.4172693618716,SYN-0033 (dark_pattern)
2026-08-06,2214.401511313797,SYN-0033 (dark_pattern)
2026-08-07,2202.4834263586085,SYN-0033 (dark_pattern)
2026-08-08,2185.902014076891,SYN-0033 (dark_pattern)
2026-08-09,2192.9179840242396,SYN-0033 (dark_pattern)
2026-08-10,2222.282872974591,SYN-0033 (dark_pattern)
2026-08-11,1653.1790317315833,SYN-0033 (dark_pattern)
2026-08-12,1650.410360688957,SYN-0033 (dark_pattern)
2026-08-13,1650.0063545389157,SYN-0033 (dark_pattern)
2026-08-14,1615.3274205475327,SYN-0033 (dark_pattern)
2026-08-15,1637.9548858867827,SYN-0033 (dark_pattern)
2026-02-17,560.2643276271345,SYN-0034 (dark_pattern)
2026-02-18,524.2711299388322,SYN-0034 (dark_pattern)
2026-02-19,539.2559266046004,SYN-0034 (dark_pattern)
2026-02-20,530.9051165759762,SYN-0034 (dark_pattern)
2026-02-21,534.0992708684507,SYN-0034 (dark_pattern)
2026-02-22,531.5491153900532,SYN-0034 (dark_pattern)
2026-02-23,555.8175437227887,SYN-0034 (dark_pattern)
2026-02-24,535.1841981174282,SYN-0034 (dark_pattern)
2026-02-25,551.5576937642932,SYN-0034 (dark_pattern)
2026-02-26,551.9205993756617,SYN-0034 (dark_pattern)
2026-02-27,542.3555451086253,SYN-0034 (dark_pattern)
2026-02-28,514.6994752195865,SYN-0034 (dark_pattern)
2026-03-01,557.6918567112634,SYN-0034 (dark_pattern)
2026-03-02,545.1886639068936,SYN-0034 (dark_pattern)
2026-03-03,541.275502434001,SYN-0034 (dark_pattern)
2026-03-04,533.5653647109018,SYN-0034 (dark_pattern)
2026-03-05,547.1103581580203,SYN-0034 (dark_pattern)
2026-03-06,513.2015488569606,SYN-0034 (dark_pattern)
2026-03-07,552.1915091052206,SYN-0034 (dark_pattern)
2026-03-08,537.3956163180893,SYN-0034 (dark_pattern)
2026-03-09,540.2307558592066,SYN-0034 (dark_pattern)
2026-03-10,530.9034166932081,SYN-0034 (dark_pattern)
2026-03-11,532.5629424197092,SYN-0034 (dark_pattern)
2026-03-12,550.0019134409108,SYN-0034 (dark_pattern)
2026-03-13,524.8254333870997,SYN-0034 (dark_pattern)
2026-03-14,535.68199542321,SYN-0034 (dark_pattern)
2026-03-15,538.6503680165356,SYN-0034 (dark_pattern)
2026-03-16,549.6243835446064,SYN-0034 (dark_pattern)
2026-03-17,534.220121227384,SYN-0034 (dark_pattern)
2026-03-18,539.443377344145,SYN-0034 (dark_pattern)
2026-03-19,543.8487333670392,SYN-0034 (dark_pattern)
2026-03-20,529.7647867970442,SYN-0034 (dark_pattern)
2026-03-21,535.570647632379,SYN-0034 (dark_pattern)
2026-03-22,538.613707962725,SYN-0034 (dark_pattern)
2026-03-23,541.6433714413641,SYN-0034 (dark_pattern)
2026-03-24,531.8695299585256,SYN-0034 (dark_pattern)
2026-03-25,531.8112289937925,SYN-0034 (dark_pattern)
2026-03-26,559.0477142422075,SYN-0034 (dark_pattern)
2026-03-27,531.2889202816185,SYN-0034 (dark_pattern)
2026-03-28,545.7526895759074,SYN-0034 (dark_pattern)
2026-03-29,535.2759934170624,SYN-0034 (dark_pattern)
2026-03-30,533.1244417960125,SYN-0034 (dark_pattern)
2026-03-31,541.9464542215238,SYN-0034 (dark_pattern)
2026-04-01,550.7258518461063,SYN-0034 (dark_pattern)
2026-04-02,514.2420370883492,SYN-0034 (dark_pattern)
2026-04-03,537.5041060994563,SYN-0034 (dark_pattern)
2026-04-04,535.9172535354611,SYN-0034 (dark_pattern)
2026-04-05,561.237838964537,SYN-0034 (dark_pattern)
2026-04-06,539.0641689398271,SYN-0034 (dark_pattern)
2026-04-07,541.9347648560118,SYN-0034 (dark_pattern)
2026-04-08,549.8122041322092,SYN-0034 (dark_pattern)
2026-04-09,537.5852360406473,SYN-0034 (dark_pattern)
2026-04-10,525.4747677381313,SYN-0034 (dark_pattern)
2026-04-11,547.7834842304187,SYN-0034 (dark_pattern)
2026-04-12,546.3551928359394,SYN-0034 (dark_pattern)
2026-04-13,524.6249838430575,SYN-0034 (dark_pattern)
2026-04-14,521.787632640712,SYN-0034 (dark_pattern)
2026-04-15,564.7793795682129,SYN-0034 (dark_pattern)
2026-04-16,533.5555925778483,SYN-0034 (dark_pattern)
2026-04-17,516.6197998547221,SYN-0034 (dark_pattern)
2026-04-18,540.8543757046655,SYN-0034 (dark_pattern)
2026-04-19,545.3953796360731,SYN-0034 (dark_pattern)
2026-04-20,521.9756664090054,SYN-0034 (dark_pattern)
2026-04-21,532.9152811370922,SYN-0034 (dark_pattern)
2026-04-22,541.3986262626604,SYN-0034 (dark_pattern)
2026-04-23,518.6913751946529,SYN-0034 (dark_pattern)
2026-04-24,540.7472181604895,SYN-0034 (dark_pattern)
2026-04-25,540.8129363106231,SYN-0034 (dark_pattern)
2026-04-26,549.1405164021211,SYN-0034 (dark_pattern)
2026-04-27,520.9518275914884,SYN-0034 (dark_pattern)
2026-04-28,527.8111002548534,SYN-0034 (dark_pattern)
2026-04-29,542.9519604522911,SYN-0034 (dark_pattern)
2026-04-30,556.3786384608604,SYN-0034 (dark_pattern)
2026-05-01,520.7613890891673,SYN-0034 (dark_pattern)
2026-05-02,522.2537428542068,SYN-0034 (dark_pattern)
2026-05-03,537.0429574667685,SYN-0034 (dark_pattern)
2026-05-04,532.7447786047287,SYN-0034 (dark_pattern)
2026-05-05,557.9334640757405,SYN-0034 (dark_pattern)
2026-05-06,546.6641125464378,SYN-0034 (dark_pattern)
2026-05-07,527.4010802408077,SYN-0034 (dark_pattern)
2026-05-08,524.9090695522991,SYN-0034 (dark_pattern)
2026-05-09,551.48419438485,SYN-0034 (dark_pattern)
2026-05-10,555.0239958450686,SYN-0034 (dark_pattern)
2026-05-11,548.4921182970086,SYN-0034 (dark_pattern)
2026-05-12,557.8657384822139,SYN-0034 (dark_pattern)
2026-05-13,528.5217724008513,SYN-0034 (dark_pattern)
2026-05-14,536.4694404036051,SYN-0034 (dark_pattern)
2026-05-15,515.9052454573692,SYN-0034 (dark_pattern)
2026-05-16,534.8482982034163,SYN-0034 (dark_pattern)
2026-05-17,525.2955959708283,SYN-0034 (dark_pattern)
2026-05-18,533.7220174362766,SYN-0034 (dark_pattern)
2026-05-19,564.7224512187614,SYN-0034 (dark_pattern)
2026-05-20,534.1623681341503,SYN-0034 (dark_pattern)
2026-05-21,547.3048043934397,SYN-0034 (dark_pattern)
2026-05-22,521.1468617971506,SYN-0034 (dark_pattern)
2026-05-23,532.4383265226277,SYN-0034 (dark_pattern)
2026-05-24,544.5980179333831,SYN-0034 (dark_pattern)
2026-05-25,538.7860876859419,SYN-0034 (dark_pattern)
2026-05-26,547.7251686671026,SYN-0034 (dark_pattern)
2026-05-27,536.3671166934669,SYN-0034 (dark_pattern)
2026-05-28,558.2385718358372,SYN-0034 (dark_pattern)
2026-05-29,533.2942860965468,SYN-0034 (dark_pattern)
2026-05-30,530.3290487302835,SYN-0034 (dark_pattern)
2026-05-31,530.5754407322229,SYN-0034 (dark_pattern)
2026-06-01,531.3083764141543,SYN-0034 (dark_pattern)
2026-06-02,528.5019207348824,SYN-0034 (dark_pattern)
2026-06-03,531.6248955529398,SYN-0034 (dark_pattern)
2026-06-04,536.8656949326413,SYN-0034 (dark_pattern)
2026-06-05,551.5929589100888,SYN-0034 (dark_pattern)
2026-06-06,525.8678025015845,SYN-0034 (dark_pattern)
2026-06-07,547.685840461307,SYN-0034 (dark_pattern)
2026-06-08,532.8294235444439,SYN-0034 (dark_pattern)
2026-06-09,539.6994668690065,SYN-0034 (dark_pattern)
2026-06-10,541.9243963570011,SYN-0034 (dark_pattern)
2026-06-11,525.0968916613834,SYN-0034 (dark_pattern)
2026-06-12,522.1035480038241,SYN-0034 (dark_pattern)
2026-06-13,539.0773588153938,SYN-0034 (dark_pattern)
2026-06-14,527.4640313959846,SYN-0034 (dark_pattern)
2026-06-15,540.4240717945455,SYN-0034 (dark_pattern)
2026-06-16,535.6473122163121,SYN-0034 (dark_pattern)
2026-06-17,515.3979743443232,SYN-0034 (dark_pattern)
2026-06-18,529.9732430358678,SYN-0034 (dark_pattern)
2026-06-19,536.765896834946,SYN-0034 (dark_pattern)
2026-06-20,535.3540893698444,SYN-0034 (dark_pattern)
2026-06-21,548.7341579674339,SYN-0034 (dark_pattern)
2026-06-22,530.7375843529513,SYN-0034 (dark_pattern)
2026-06-23,541.1171032557695,SYN-0034 (dark_pattern)
2026-06-24,529.5778898556119,SYN-0034 (dark_pattern)
2026-06-25,527.1613011729099,SYN-0034 (dark_pattern)
2026-06-26,546.2079492650744,SYN-0034 (dark_pattern)
2026-06-27,530.6410375418592,SYN-0034 (dark_pattern)
2026-06-28,555.5584905513339,SYN-0034 (dark_pattern)
2026-06-29,554.0094525847861,SYN-0034 (dark_pattern)
2026-06-30,507.79257591349216,SYN-0034 (dark_pattern)
2026-07-01,550.273683967667,SYN-0034 (dark_pattern)
2026-07-02,549.6587273774966,SYN-0034 (dark_pattern)
2026-07-03,522.4909466516598,SYN-0034 (dark_pattern)
2026-07-04,533.6909989397691,SYN-0034 (dark_pattern)
2026-07-05,546.3346093300611,SYN-0034 (dark_pattern)
2026-07-06,533.3953502248485,SYN-0034 (dark_pattern)
2026-07-07,550.3640480596562,SYN-0034 (dark_pattern)
2026-07-08,543.1050428787812,SYN-0034 (dark_pattern)
2026-07-09,522.610525839832,SYN-0034 (dark_pattern)
2026-07-10,528.7141853985323,SYN-0034 (dark_pattern)
2026-07-11,531.4379698625783,SYN-0034 (dark_pattern)
2026-07-12,530.2852977089638,SYN-0034 (dark_pattern)
2026-07-13,530.3772433604001,SYN-0034 (dark_pattern)
2026-07-14,534.727540574637,SYN-0034 (dark_pattern)
2026-07-15,545.5220346442283,SYN-0034 (dark_pattern)
2026-07-16,543.9102146883891,SYN-0034 (dark_pattern)
2026-07-17,528.1020131073487,SYN-0034 (dark_pattern)
2026-07-18,546.8757085580585,SYN-0034 (dark_pattern)
2026-07-19,524.1501778456101,SYN-0034 (dark_pattern)
2026-07-20,521.2956522764662,SYN-0034 (dark_pattern)
2026-07-21,533.2937930046863,SYN-0034 (dark_pattern)
2026-07-22,519.7218335255732,SYN-0034 (dark_pattern)
2026-07-23,546.5027141635692,SYN-0034 (dark_pattern)
2026-07-24,542.335952147679,SYN-0034 (dark_pattern)
2026-07-25,527.5550190270194,SYN-0034 (dark_pattern)
2026-07-26,544.3087433932121,SYN-0034 (dark_pattern)
2026-07-27,512.8340656636864,SYN-0034 (dark_pattern)
2026-07-28,534.6471794978036,SYN-0034 (dark_pattern)
2026-07-29,522.7243066019165,SYN-0034 (dark_pattern)
2026-07-30,535.3818561900629,SYN-0034 (dark_pattern)
2026-07-31,541.4776590487531,SYN-0034 (dark_pattern)
2026-08-01,529.9814166562343,SYN-0034 (dark_pattern)
2026-08-02,529.6544573495044,SYN-0034 (dark_pattern)
2026-08-03,542.1817972420205,SYN-0034 (dark_pattern)
2026-08-04,532.3529411091703,SYN-0034 (dark_pattern)
2026-08-05,555.7781948641561,SYN-0034 (dark_pattern)
2026-08-06,534.4321828809522,SYN-0034 (dark_pattern)
2026-08-07,727.0043733663508,SYN-0034 (dark_pattern)
2026-08-08,737.3247582724437,SYN-0034 (dark_pattern)
2026-08-09,740.9495334353724,SYN-0034 (dark_pattern)
2026-08-10,753.4339029935728,SYN-0034 (dark_pattern)
2026-08-11,549.8741917394888,SYN-0034 (dark_pattern)
2026-08-12,558.0415281611109,SYN-0034 (dark_pattern)
2026-08-13,553.1497687425413,SYN-0034 (dark_pattern)
2026-08-14,552.3665873772057,SYN-0034 (dark_pattern)
2026-08-15,549.1397981425046,SYN-0034 (dark_pattern)
2025-12-22,703.8518596308658,SYN-0035 (dark_pattern)
2025-12-23,675.9170438728414,SYN-0035 (dark_pattern)
2025-12-24,704.900024319658,SYN-0035 (dark_pattern)
2025-12-25,691.7729809044973,SYN-0035 (dark_pattern)
2025-12-26,683.2527043288642,SYN-0035 (dark_pattern)
2025-12-27,694.6968110736946,SYN-0035 (dark_pattern)
2025-12-28,683.4773063921821,SYN-0035 (dark_pattern)
2025-12-29,687.5110116587439,SYN-0035 (dark_pattern)
2025-12-30,679.1050721431898,SYN-0035 (dark_pattern)
2025-12-31,714.8053702014846,SYN-0035 (dark_pattern)
2026-01-01,673.6903117470663,SYN-0035 (dark_pattern)
2026-01-02,676.6840787309366,SYN-0035 (dark_pattern)
2026-01-03,686.7370884871099,SYN-0035 (dark_pattern)
2026-01-04,672.2094518913412,SYN-0035 (dark_pattern)
2026-01-05,675.6879315510862,SYN-0035 (dark_pattern)
2026-01-06,683.5332332318808,SYN-0035 (dark_pattern)
2026-01-07,699.2032674354314,SYN-0035 (dark_pattern)
2026-01-08,661.7099656568947,SYN-0035 (dark_pattern)
2026-01-09,676.793749345672,SYN-0035 (dark_pattern)
2026-01-10,668.9854162940558,SYN-0035 (dark_pattern)
2026-01-11,695.2838585742066,SYN-0035 (dark_pattern)
2026-01-12,674.6215145580259,SYN-0035 (dark_pattern)
2026-01-13,703.3979937204372,SYN-0035 (dark_pattern)
2026-01-14,688.0029702010087,SYN-0035 (dark_pattern)
2026-01-15,671.3537069942282,SYN-0035 (dark_pattern)
2026-01-16,683.2780255538373,SYN-0035 (dark_pattern)
2026-01-17,663.7035869530921,SYN-0035 (dark_pattern)
2026-01-18,688.2805523525287,SYN-0035 (dark_pattern)
2026-01-19,675.7922126594731,SYN-0035 (dark_pattern)
2026-01-20,694.2750104781478,SYN-0035 (dark_pattern)
2026-01-21,680.089884693287,SYN-0035 (dark_pattern)
2026-01-22,680.7723188017201,SYN-0035 (dark_pattern)
2026-01-23,684.1467669725928,SYN-0035 (dark_pattern)
2026-01-24,669.1462490601238,SYN-0035 (dark_pattern)
2026-01-25,667.91900591908,SYN-0035 (dark_pattern)
2026-01-26,699.555112636184,SYN-0035 (dark_pattern)
2026-01-27,679.7937282834289,SYN-0035 (dark_pattern)
2026-01-28,708.3724624982017,SYN-0035 (dark_pattern)
2026-01-29,657.1507652803535,SYN-0035 (dark_pattern)
2026-01-30,682.8752778430996,SYN-0035 (dark_pattern)
2026-01-31,693.6678602460607,SYN-0035 (dark_pattern)
2026-02-01,707.7872198314756,SYN-0035 (dark_pattern)
2026-02-02,677.3224740436618,SYN-0035 (dark_pattern)
2026-02-03,691.6665878119895,SYN-0035 (dark_pattern)
2026-02-04,699.3014350281927,SYN-0035 (dark_pattern)
2026-02-05,682.4889123581296,SYN-0035 (dark_pattern)
2026-02-06,690.1867260019659,SYN-0035 (dark_pattern)
2026-02-07,685.1975094990978,SYN-0035 (dark_pattern)
2026-02-08,672.4024259299615,SYN-0035 (dark_pattern)
2026-02-09,687.1257549283857,SYN-0035 (dark_pattern)
2026-02-10,681.0499857598246,SYN-0035 (dark_pattern)
2026-02-11,681.2609130580923,SYN-0035 (dark_pattern)
2026-02-12,669.3710783666156,SYN-0035 (dark_pattern)
2026-02-13,666.1788725324919,SYN-0035 (dark_pattern)
2026-02-14,700.9540525237715,SYN-0035 (dark_pattern)
2026-02-15,696.4469945222171,SYN-0035 (dark_pattern)
2026-02-16,677.3485142487946,SYN-0035 (dark_pattern)
2026-02-17,687.7971771651943,SYN-0035 (dark_pattern)
2026-02-18,673.6640315234893,SYN-0035 (dark_pattern)
2026-02-19,656.133282229784,SYN-0035 (dark_pattern)
2026-02-20,684.3565368291993,SYN-0035 (dark_pattern)
2026-02-21,659.5670888126297,SYN-0035 (dark_pattern)
2026-02-22,677.6370347421209,SYN-0035 (dark_pattern)
2026-02-23,658.5416544338503,SYN-0035 (dark_pattern)
2026-02-24,685.8964581572051,SYN-0035 (dark_pattern)
2026-02-25,678.2040989836097,SYN-0035 (dark_pattern)
2026-02-26,687.186592278149,SYN-0035 (dark_pattern)
2026-02-27,715.7652154062031,SYN-0035 (dark_pattern)
2026-02-28,683.7389400032986,SYN-0035 (dark_pattern)
2026-03-01,675.3324604351689,SYN-0035 (dark_pattern)
2026-03-02,685.1135396618695,SYN-0035 (dark_pattern)
2026-03-03,688.602348056619,SYN-0035 (dark_pattern)
2026-03-04,670.8577933066025,SYN-0035 (dark_pattern)
2026-03-05,681.5772156237351,SYN-0035 (dark_pattern)
2026-03-06,674.8657171319095,SYN-0035 (dark_pattern)
2026-03-07,685.0683522088651,SYN-0035 (dark_pattern)
2026-03-08,681.0766093086188,SYN-0035 (dark_pattern)
2026-03-09,681.7161874528757,SYN-0035 (dark_pattern)
2026-03-10,680.0697596269733,SYN-0035 (dark_pattern)
2026-03-11,674.6943946065408,SYN-0035 (dark_pattern)
2026-03-12,682.2746994855357,SYN-0035 (dark_pattern)
2026-03-13,678.887192829292,SYN-0035 (dark_pattern)
2026-03-14,666.2410012999518,SYN-0035 (dark_pattern)
2026-03-15,685.8709900359146,SYN-0035 (dark_pattern)
2026-03-16,648.9267039393295,SYN-0035 (dark_pattern)
2026-03-17,684.4775585214021,SYN-0035 (dark_pattern)
2026-03-18,692.0753524283583,SYN-0035 (dark_pattern)
2026-03-19,669.3689542486577,SYN-0035 (dark_pattern)
2026-03-20,658.5621748208831,SYN-0035 (dark_pattern)
2026-03-21,685.8838369305578,SYN-0035 (dark_pattern)
2026-03-22,682.6901807328178,SYN-0035 (dark_pattern)
2026-03-23,682.8999832714993,SYN-0035 (dark_pattern)
2026-03-24,676.4266764023056,SYN-0035 (dark_pattern)
2026-03-25,689.0943541715161,SYN-0035 (dark_pattern)
2026-03-26,682.7766327852698,SYN-0035 (dark_pattern)
2026-03-27,671.4265716370508,SYN-0035 (dark_pattern)
2026-03-28,652.4991238042054,SYN-0035 (dark_pattern)
2026-03-29,701.0082360597904,SYN-0035 (dark_pattern)
2026-03-30,669.1966662754251,SYN-0035 (dark_pattern)
2026-03-31,696.2422806225846,SYN-0035 (dark_pattern)
2026-04-01,696.9662475438244,SYN-0035 (dark_pattern)
2026-04-02,703.817740641486,SYN-0035 (dark_pattern)
2026-04-03,693.7646893456863,SYN-0035 (dark_pattern)
2026-04-04,674.1099961814457,SYN-0035 (dark_pattern)
2026-04-05,689.5120456574084,SYN-0035 (dark_pattern)
2026-04-06,690.8924145989823,SYN-0035 (dark_pattern)
2026-04-07,684.6286248712454,SYN-0035 (dark_pattern)
2026-04-08,683.2817729987454,SYN-0035 (dark_pattern)
2026-04-09,691.7114516630094,SYN-0035 (dark_pattern)
2026-04-10,683.7619672970309,SYN-0035 (dark_pattern)
2026-04-11,677.0770598798762,SYN-0035 (dark_pattern)
2026-04-12,694.823132202356,SYN-0035 (dark_pattern)
2026-04-13,684.6623201582845,SYN-0035 (dark_pattern)
2026-04-14,698.9303444093517,SYN-0035 (dark_pattern)
2026-04-15,689.973282846268,SYN-0035 (dark_pattern)
2026-04-16,680.8789091067156,SYN-0035 (dark_pattern)
2026-04-17,698.3378152483457,SYN-0035 (dark_pattern)
2026-04-18,690.577569597652,SYN-0035 (dark_pattern)
2026-04-19,691.6305568259392,SYN-0035 (dark_pattern)
2026-04-20,691.8344008797953,SYN-0035 (dark_pattern)
2026-04-21,674.3695237020535,SYN-0035 (dark_pattern)
2026-04-22,683.6063945832889,SYN-0035 (dark_pattern)
2026-04-23,680.9117222130549,SYN-0035 (dark_pattern)
2026-04-24,683.0969848883939,SYN-0035 (dark_pattern)
2026-04-25,658.5108703787977,SYN-0035 (dark_pattern)
2026-04-26,696.7278336240048,SYN-0035 (dark_pattern)
2026-04-27,683.8681451284003,SYN-0035 (dark_pattern)
2026-04-28,674.21213539452,SYN-0035 (dark_pattern)
2026-04-29,653.8651949796783,SYN-0035 (dark_pattern)
2026-04-30,681.8132101848038,SYN-0035 (dark_pattern)
2026-05-01,662.2131267083386,SYN-0035 (dark_pattern)
2026-05-02,688.7695059408675,SYN-0035 (dark_pattern)
2026-05-03,667.7258650960981,SYN-0035 (dark_pattern)
2026-05-04,705.770800665979,SYN-0035 (dark_pattern)
2026-05-05,687.5057560716327,SYN-0035 (dark_pattern)
2026-05-06,685.5288969541483,SYN-0035 (dark_pattern)
2026-05-07,688.9507776382377,SYN-0035 (dark_pattern)
2026-05-08,690.3522376060791,SYN-0035 (dark_pattern)
2026-05-09,682.3895754666323,SYN-0035 (dark_pattern)
2026-05-10,709.4146441048524,SYN-0035 (dark_pattern)
2026-05-11,674.5400537982334,SYN-0035 (dark_pattern)
2026-05-12,677.4714648861874,SYN-0035 (dark_pattern)
2026-05-13,687.8143533830773,SYN-0035 (dark_pattern)
2026-05-14,680.0319566926889,SYN-0035 (dark_pattern)
2026-05-15,688.3748440927566,SYN-0035 (dark_pattern)
2026-05-16,678.932576859481,SYN-0035 (dark_pattern)
2026-05-17,682.1414074928406,SYN-0035 (dark_pattern)
2026-05-18,669.8407724252236,SYN-0035 (dark_pattern)
2026-05-19,694.1610322776867,SYN-0035 (dark_pattern)
2026-05-20,687.8365333125412,SYN-0035 (dark_pattern)
2026-05-21,665.4292250498765,SYN-0035 (dark_pattern)
2026-05-22,686.9053503116237,SYN-0035 (dark_pattern)
2026-05-23,667.72950196896,SYN-0035 (dark_pattern)
2026-05-24,656.9685956019288,SYN-0035 (dark_pattern)
2026-05-25,669.7462395546222,SYN-0035 (dark_pattern)
2026-05-26,665.4901355717695,SYN-0035 (dark_pattern)
2026-05-27,683.7757185194394,SYN-0035 (dark_pattern)
2026-05-28,674.3286267442455,SYN-0035 (dark_pattern)
2026-05-29,704.7414407007852,SYN-0035 (dark_pattern)
2026-05-30,655.657561158725,SYN-0035 (dark_pattern)
2026-05-31,676.5396361361139,SYN-0035 (dark_pattern)
2026-06-01,694.1137339997728,SYN-0035 (dark_pattern)
2026-06-02,693.2641854550589,SYN-0035 (dark_pattern)
2026-06-03,689.3059431478141,SYN-0035 (dark_pattern)
2026-06-04,704.0579873475302,SYN-0035 (dark_pattern)
2026-06-05,693.4230206825403,SYN-0035 (dark_pattern)
2026-06-06,694.8825298518212,SYN-0035 (dark_pattern)
2026-06-07,686.0877125942246,SYN-0035 (dark_pattern)
2026-06-08,698.6416244080762,SYN-0035 (dark_pattern)
2026-06-09,671.2825713511654,SYN-0035 (dark_pattern)
2026-06-10,693.6590841230785,SYN-0035 (dark_pattern)
2026-06-11,697.8695854120859,SYN-0035 (dark_pattern)
2026-06-12,657.7958167783119,SYN-0035 (dark_pattern)
2026-06-13,682.4537076319981,SYN-0035 (dark_pattern)
2026-06-14,680.7921529434366,SYN-0035 (dark_pattern)
2026-06-15,669.9484822705882,SYN-0035 (dark_pattern)
2026-06-16,666.2555030436095,SYN-0035 (dark_pattern)
2026-06-17,660.1485166504333,SYN-0035 (dark_pattern)
2026-06-18,680.690027042475,SYN-0035 (dark_pattern)
2026-06-19,671.0123912671838,SYN-0035 (dark_pattern)
2026-06-20,681.1543848316273,SYN-0035 (dark_pattern)
2026-06-21,672.3859899867022,SYN-0035 (dark_pattern)
2026-06-22,676.6458978957244,SYN-0035 (dark_pattern)
2026-06-23,663.5900201479509,SYN-0035 (dark_pattern)
2026-06-24,695.7722790825914,SYN-0035 (dark_pattern)
2026-06-25,707.5603445579696,SYN-0035 (dark_pattern)
2026-06-26,682.190737316905,SYN-0035 (dark_pattern)
2026-06-27,681.5550165661257,SYN-0035 (dark_pattern)
2026-06-28,692.792873424398,SYN-0035 (dark_pattern)
2026-06-29,686.1557877102928,SYN-0035 (dark_pattern)
2026-06-30,662.4785299964974,SYN-0035 (dark_pattern)
2026-07-01,668.5892184670242,SYN-0035 (dark_pattern)
2026-07-02,690.145583929172,SYN-0035 (dark_pattern)
2026-07-03,691.3965255571673,SYN-0035 (dark_pattern)
2026-07-04,690.6858093040313,SYN-0035 (dark_pattern)
2026-07-05,670.8173387319168,SYN-0035 (dark_pattern)
2026-07-06,678.9725097263242,SYN-0035 (dark_pattern)
2026-07-07,701.8302224471089,SYN-0035 (dark_pattern)
2026-07-08,661.138654310118,SYN-0035 (dark_pattern)
2026-07-09,678.6314742597468,SYN-0035 (dark_pattern)
2026-07-10,707.3297944672248,SYN-0035 (dark_pattern)
2026-07-11,697.4789328643719,SYN-0035 (dark_pattern)
2026-07-12,722.4646969652995,SYN-0035 (dark_pattern)
2026-07-13,659.962704350864,SYN-0035 (dark_pattern)
2026-07-14,679.5472169989265,SYN-0035 (dark_pattern)
2026-07-15,700.4112374008799,SYN-0035 (dark_pattern)
2026-07-16,666.3490593136474,SYN-0035 (dark_pattern)
2026-07-17,657.4940606941163,SYN-0035 (dark_pattern)
2026-07-18,671.3819266780962,SYN-0035 (dark_pattern)
2026-07-19,673.2573140441948,SYN-0035 (dark_pattern)
2026-07-20,688.1730600488534,SYN-0035 (dark_pattern)
2026-07-21,692.0234807611577,SYN-0035 (dark_pattern)
2026-07-22,681.5655030975531,SYN-0035 (dark_pattern)
2026-07-23,705.0618256472508,SYN-0035 (dark_pattern)
2026-07-24,698.4804019245275,SYN-0035 (dark_pattern)
2026-07-25,696.7276996680298,SYN-0035 (dark_pattern)
2026-07-26,655.0229971018136,SYN-0035 (dark_pattern)
2026-07-27,676.2896073101928,SYN-0035 (dark_pattern)
2026-07-28,690.3525414139278,SYN-0035 (dark_pattern)
2026-07-29,698.3528578002678,SYN-0035 (dark_pattern)
2026-07-30,696.4901122747904,SYN-0035 (dark_pattern)
2026-07-31,672.1951570139623,SYN-0035 (dark_pattern)
2026-08-01,685.4736387293998,SYN-0035 (dark_pattern)
2026-08-02,1036.0987622332557,SYN-0035 (dark_pattern)
2026-08-03,1055.58762278834,SYN-0035 (dark_pattern)
2026-08-04,1055.3603651046574,SYN-0035 (dark_pattern)
2026-08-05,1061.4685820713917,SYN-0035 (dark_pattern)
2026-08-06,1066.5698751081736,SYN-0035 (dark_pattern)
2026-08-07,1048.5744481100958,SYN-0035 (dark_pattern)
2026-08-08,1058.2824628198755,SYN-0035 (dark_pattern)
2026-08-09,1058.1253101248985,SYN-0035 (dark_pattern)
2026-08-10,1045.8672080076224,SYN-0035 (dark_pattern)
2026-08-11,696.1843467706412,SYN-0035 (dark_pattern)
2026-08-12,692.123230778322,SYN-0035 (dark_pattern)
2026-08-13,712.4403243643443,SYN-0035 (dark_pattern)
2026-08-14,705.786330579537,SYN-0035 (dark_pattern)
2026-08-15,689.799636265673,SYN-0035 (dark_pattern)
2025-12-21,288.7969012397652,SYN-0036 (dark_pattern)
2025-12-22,287.749838711128,SYN-0036 (dark_pattern)
2025-12-23,296.43738057431136,SYN-0036 (dark_pattern)
2025-12-24,290.04833331596177,SYN-0036 (dark_pattern)
2025-12-25,292.32434322425166,SYN-0036 (dark_pattern)
2025-12-26,286.1358731102137,SYN-0036 (dark_pattern)
2025-12-27,285.7185874225474,SYN-0036 (dark_pattern)
2025-12-28,282.68450986130614,SYN-0036 (dark_pattern)
2025-12-29,289.2004606043151,SYN-0036 (dark_pattern)
2025-12-30,295.29851268947317,SYN-0036 (dark_pattern)
2025-12-31,296.62762966879984,SYN-0036 (dark_pattern)
2026-01-01,292.5166569093261,SYN-0036 (dark_pattern)
2026-01-02,293.56347277123285,SYN-0036 (dark_pattern)
2026-01-03,296.9765345979519,SYN-0036 (dark_pattern)
2026-01-04,298.5761808012273,SYN-0036 (dark_pattern)
2026-01-05,289.59234070334577,SYN-0036 (dark_pattern)
2026-01-06,295.4292647203191,SYN-0036 (dark_pattern)
2026-01-07,294.67833558278386,SYN-0036 (dark_pattern)
2026-01-08,286.637205153633,SYN-0036 (dark_pattern)
2026-01-09,284.97728686180494,SYN-0036 (dark_pattern)
2026-01-10,295.44258173135114,SYN-0036 (dark_pattern)
2026-01-11,293.57371327209785,SYN-0036 (dark_pattern)
2026-01-12,291.4747615444808,SYN-0036 (dark_pattern)
2026-01-13,284.40976145647306,SYN-0036 (dark_pattern)
2026-01-14,288.0731568088133,SYN-0036 (dark_pattern)
2026-01-15,296.8887328936527,SYN-0036 (dark_pattern)
2026-01-16,287.8584456848639,SYN-0036 (dark_pattern)
2026-01-17,282.0046491285505,SYN-0036 (dark_pattern)
2026-01-18,295.13960148408205,SYN-0036 (dark_pattern)
2026-01-19,297.85502413125994,SYN-0036 (dark_pattern)
2026-01-20,292.60614763631463,SYN-0036 (dark_pattern)
2026-01-21,299.7533233530368,SYN-0036 (dark_pattern)
2026-01-22,300.20562744177215,SYN-0036 (dark_pattern)
2026-01-23,299.0107743570249,SYN-0036 (dark_pattern)
2026-01-24,306.2905960040322,SYN-0036 (dark_pattern)
2026-01-25,293.6572901878739,SYN-0036 (dark_pattern)
2026-01-26,300.6492877236575,SYN-0036 (dark_pattern)
2026-01-27,289.18954757464195,SYN-0036 (dark_pattern)
2026-01-28,284.52422378537375,SYN-0036 (dark_pattern)
2026-01-29,285.84330620100246,SYN-0036 (dark_pattern)
2026-01-30,299.9601478612077,SYN-0036 (dark_pattern)
2026-01-31,296.7319080599981,SYN-0036 (dark_pattern)
2026-02-01,290.4530384424518,SYN-0036 (dark_pattern)
2026-02-02,285.23356285610583,SYN-0036 (dark_pattern)
2026-02-03,291.9342969578473,SYN-0036 (dark_pattern)
2026-02-04,286.9832428935165,SYN-0036 (dark_pattern)
2026-02-05,295.84799845213206,SYN-0036 (dark_pattern)
2026-02-06,290.77014498448176,SYN-0036 (dark_pattern)
2026-02-07,291.6293099286736,SYN-0036 (dark_pattern)
2026-02-08,294.1180391016196,SYN-0036 (dark_pattern)
2026-02-09,289.35398322356536,SYN-0036 (dark_pattern)
2026-02-10,288.18434830589354,SYN-0036 (dark_pattern)
2026-02-11,286.00296647881777,SYN-0036 (dark_pattern)
2026-02-12,299.7502046051621,SYN-0036 (dark_pattern)
2026-02-13,293.45655019052725,SYN-0036 (dark_pattern)
2026-02-14,289.80710329222984,SYN-0036 (dark_pattern)
2026-02-15,294.4130303996803,SYN-0036 (dark_pattern)
2026-02-16,296.0405789063029,SYN-0036 (dark_pattern)
2026-02-17,296.17708765998736,SYN-0036 (dark_pattern)
2026-02-18,298.30187368208186,SYN-0036 (dark_pattern)
2026-02-19,296.02442397514744,SYN-0036 (dark_pattern)
2026-02-20,290.62485984243733,SYN-0036 (dark_pattern)
2026-02-21,286.69232259641484,SYN-0036 (dark_pattern)
2026-02-22,287.227116125796,SYN-0036 (dark_pattern)
2026-02-23,294.39065548091764,SYN-0036 (dark_pattern)
2026-02-24,279.9841054035833,SYN-0036 (dark_pattern)
2026-02-25,284.91421193273095,SYN-0036 (dark_pattern)
2026-02-26,297.28118980366645,SYN-0036 (dark_pattern)
2026-02-27,281.0220256209844,SYN-0036 (dark_pattern)
2026-02-28,293.3558621060836,SYN-0036 (dark_pattern)
2026-03-01,285.18018680367464,SYN-0036 (dark_pattern)
2026-03-02,305.4637738930045,SYN-0036 (dark_pattern)
2026-03-03,295.47614477227035,SYN-0036 (dark_pattern)
2026-03-04,297.3974294508226,SYN-0036 (dark_pattern)
2026-03-05,291.96665996116565,SYN-0036 (dark_pattern)
2026-03-06,284.4731642706219,SYN-0036 (dark_pattern)
2026-03-07,285.8457157359789,SYN-0036 (dark_pattern)
2026-03-08,287.98946095305325,SYN-0036 (dark_pattern)
2026-03-09,299.43921243628006,SYN-0036 (dark_pattern)
2026-03-10,286.5053147433036,SYN-0036 (dark_pattern)
2026-03-11,289.669467348404,SYN-0036 (dark_pattern)
2026-03-12,296.0179045923835,SYN-0036 (dark_pattern)
2026-03-13,284.7067614319148,SYN-0036 (dark_pattern)
2026-03-14,291.2707591806527,SYN-0036 (dark_pattern)
2026-03-15,297.29525138844286,SYN-0036 (dark_pattern)
2026-03-16,297.6349525549486,SYN-0036 (dark_pattern)
2026-03-17,300.00526971108485,SYN-0036 (dark_pattern)
2026-03-18,300.6417268995741,SYN-0036 (dark_pattern)
2026-03-19,287.68139760709687,SYN-0036 (dark_pattern)
2026-03-20,289.4205944077871,SYN-0036 (dark_pattern)
2026-03-21,306.1482086573231,SYN-0036 (dark_pattern)
2026-03-22,295.852213887702,SYN-0036 (dark_pattern)
2026-03-23,285.62680122319364,SYN-0036 (dark_pattern)
2026-03-24,298.1738416915645,SYN-0036 (dark_pattern)
2026-03-25,294.2235156526482,SYN-0036 (dark_pattern)
2026-03-26,292.7055329121166,SYN-0036 (dark_pattern)
2026-03-27,298.5059113984169,SYN-0036 (dark_pattern)
2026-03-28,295.4346265924966,SYN-0036 (dark_pattern)
2026-03-29,289.1982021275551,SYN-0036 (dark_pattern)
2026-03-30,303.86132733066535,SYN-0036 (dark_pattern)
2026-03-31,291.8078372217679,SYN-0036 (dark_pattern)
2026-04-01,302.0070803981503,SYN-0036 (dark_pattern)
2026-04-02,298.2296778365262,SYN-0036 (dark_pattern)
2026-04-03,289.32867766352825,SYN-0036 (dark_pattern)
2026-04-04,294.8690028766832,SYN-0036 (dark_pattern)
2026-04-05,293.98466264892716,SYN-0036 (dark_pattern)
2026-04-06,298.3958461763646,SYN-0036 (dark_pattern)
2026-04-07,291.23939065123204,SYN-0036 (dark_pattern)
2026-04-08,282.7695171766055,SYN-0036 (dark_pattern)
2026-04-09,295.45026646124677,SYN-0036 (dark_pattern)
2026-04-10,285.78580113517876,SYN-0036 (dark_pattern)
2026-04-11,290.98683345481487,SYN-0036 (dark_pattern)
2026-04-12,294.37899913530475,SYN-0036 (dark_pattern)
2026-04-13,300.1144913196713,SYN-0036 (dark_pattern)
2026-04-14,292.70409470087543,SYN-0036 (dark_pattern)
2026-04-15,295.3646096679009,SYN-0036 (dark_pattern)
2026-04-16,292.064912483908,SYN-0036 (dark_pattern)
2026-04-17,291.2396402898824,SYN-0036 (dark_pattern)
2026-04-18,285.28934931646404,SYN-0036 (dark_pattern)
2026-04-19,294.9565858033179,SYN-0036 (dark_pattern)
2026-04-20,287.9244509941087,SYN-0036 (dark_pattern)
2026-04-21,298.68463434755756,SYN-0036 (dark_pattern)
2026-04-22,297.1298808939164,SYN-0036 (dark_pattern)
2026-04-23,286.04667159810924,SYN-0036 (dark_pattern)
2026-04-24,297.8100702251545,SYN-0036 (dark_pattern)
2026-04-25,295.4807984417428,SYN-0036 (dark_pattern)
2026-04-26,298.2037471247142,SYN-0036 (dark_pattern)
2026-04-27,284.1390624513888,SYN-0036 (dark_pattern)
2026-04-28,294.89283430690847,SYN-0036 (dark_pattern)
2026-04-29,290.7029146274885,SYN-0036 (dark_pattern)
2026-04-30,298.3019146411955,SYN-0036 (dark_pattern)
2026-05-01,284.2442979374372,SYN-0036 (dark_pattern)
2026-05-02,288.2144951597769,SYN-0036 (dark_pattern)
2026-05-03,292.0524949303324,SYN-0036 (dark_pattern)
2026-05-04,291.885166587208,SYN-0036 (dark_pattern)
2026-05-05,300.5721698681255,SYN-0036 (dark_pattern)
2026-05-06,293.5039886733051,SYN-0036 (dark_pattern)
2026-05-07,288.13908314207123,SYN-0036 (dark_pattern)
2026-05-08,293.408594118084,SYN-0036 (dark_pattern)
2026-05-09,301.6989403370409,SYN-0036 (dark_pattern)
2026-05-10,284.93420905227805,SYN-0036 (dark_pattern)
2026-05-11,299.33615454004155,SYN-0036 (dark_pattern)
2026-05-12,296.4090271147438,SYN-0036 (dark_pattern)
2026-05-13,299.47603742912605,SYN-0036 (dark_pattern)
2026-05-14,305.0185825126449,SYN-0036 (dark_pattern)
2026-05-15,293.54473240715714,SYN-0036 (dark_pattern)
2026-05-16,280.115837942031,SYN-0036 (dark_pattern)
2026-05-17,289.245172984395,SYN-0036 (dark_pattern)
2026-05-18,297.646163389606,SYN-0036 (dark_pattern)
2026-05-19,293.7883238440477,SYN-0036 (dark_pattern)
2026-05-20,290.6507460540868,SYN-0036 (dark_pattern)
2026-05-21,298.83997679156533,SYN-0036 (dark_pattern)
2026-05-22,301.96477409657354,SYN-0036 (dark_pattern)
2026-05-23,298.501052614265,SYN-0036 (dark_pattern)
2026-05-24,293.6689139230648,SYN-0036 (dark_pattern)
2026-05-25,298.9791228809701,SYN-0036 (dark_pattern)
2026-05-26,280.1558598754462,SYN-0036 (dark_pattern)
2026-05-27,302.8924488326685,SYN-0036 (dark_pattern)
2026-05-28,289.41484291995744,SYN-0036 (dark_pattern)
2026-05-29,287.66534273947383,SYN-0036 (dark_pattern)
2026-05-30,290.4356423566238,SYN-0036 (dark_pattern)
2026-05-31,293.0228899650823,SYN-0036 (dark_pattern)
2026-06-01,297.30465382105234,SYN-0036 (dark_pattern)
2026-06-02,282.8449091012308,SYN-0036 (dark_pattern)
2026-06-03,292.6942392360115,SYN-0036 (dark_pattern)
2026-06-04,293.44467607023086,SYN-0036 (dark_pattern)
2026-06-05,290.8242462581631,SYN-0036 (dark_pattern)
2026-06-06,296.7181107138166,SYN-0036 (dark_pattern)
2026-06-07,295.3355225611948,SYN-0036 (dark_pattern)
2026-06-08,300.5531022545922,SYN-0036 (dark_pattern)
2026-06-09,297.3124319694187,SYN-0036 (dark_pattern)
2026-06-10,294.315248714674,SYN-0036 (dark_pattern)
2026-06-11,290.7693174402708,SYN-0036 (dark_pattern)
2026-06-12,292.6098057884273,SYN-0036 (dark_pattern)
2026-06-13,287.2858199704338,SYN-0036 (dark_pattern)
2026-06-14,283.71499446998274,SYN-0036 (dark_pattern)
2026-06-15,283.49912412589936,SYN-0036 (dark_pattern)
2026-06-16,288.9400796287971,SYN-0036 (dark_pattern)
2026-06-17,287.5611822234902,SYN-0036 (dark_pattern)
2026-06-18,292.75388338230715,SYN-0036 (dark_pattern)
2026-06-19,292.2116608311354,SYN-0036 (dark_pattern)
2026-06-20,294.7482664754857,SYN-0036 (dark_pattern)
2026-06-21,306.7050447621694,SYN-0036 (dark_pattern)
2026-06-22,290.2703716525443,SYN-0036 (dark_pattern)
2026-06-23,306.012484039891,SYN-0036 (dark_pattern)
2026-06-24,295.022628818069,SYN-0036 (dark_pattern)
2026-06-25,295.15241328836805,SYN-0036 (dark_pattern)
2026-06-26,297.3105711660519,SYN-0036 (dark_pattern)
2026-06-27,289.65312033370867,SYN-0036 (dark_pattern)
2026-06-28,291.1479249697707,SYN-0036 (dark_pattern)
2026-06-29,284.8103706759279,SYN-0036 (dark_pattern)
2026-06-30,288.1547703994483,SYN-0036 (dark_pattern)
2026-07-01,297.40237086134056,SYN-0036 (dark_pattern)
2026-07-02,299.59535838808455,SYN-0036 (dark_pattern)
2026-07-03,290.7732911570437,SYN-0036 (dark_pattern)
2026-07-04,284.08945353600586,SYN-0036 (dark_pattern)
2026-07-05,297.32838776377605,SYN-0036 (dark_pattern)
2026-07-06,295.7032131088581,SYN-0036 (dark_pattern)
2026-07-07,292.47272466783414,SYN-0036 (dark_pattern)
2026-07-08,298.8423367838,SYN-0036 (dark_pattern)
2026-07-09,298.8969259205508,SYN-0036 (dark_pattern)
2026-07-10,292.2717766669694,SYN-0036 (dark_pattern)
2026-07-11,291.7065123907155,SYN-0036 (dark_pattern)
2026-07-12,292.7935464784054,SYN-0036 (dark_pattern)
2026-07-13,293.74214147009866,SYN-0036 (dark_pattern)
2026-07-14,290.0946877082915,SYN-0036 (dark_pattern)
2026-07-15,298.94057324407026,SYN-0036 (dark_pattern)
2026-07-16,287.21635001808306,SYN-0036 (dark_pattern)
2026-07-17,288.92837425060856,SYN-0036 (dark_pattern)
2026-07-18,288.63215038227895,SYN-0036 (dark_pattern)
2026-07-19,290.12368351116294,SYN-0036 (dark_pattern)
2026-07-20,299.00595404979896,SYN-0036 (dark_pattern)
2026-07-21,281.6364166376217,SYN-0036 (dark_pattern)
2026-07-22,290.4194795419543,SYN-0036 (dark_pattern)
2026-07-23,296.39048864946676,SYN-0036 (dark_pattern)
2026-07-24,295.135216664864,SYN-0036 (dark_pattern)
2026-07-25,288.53276544008855,SYN-0036 (dark_pattern)
2026-07-26,298.0699066452158,SYN-0036 (dark_pattern)
2026-07-27,297.6385486904347,SYN-0036 (dark_pattern)
2026-07-28,292.28900541591486,SYN-0036 (dark_pattern)
2026-07-29,294.3069321493192,SYN-0036 (dark_pattern)
2026-07-30,300.0130441464165,SYN-0036 (dark_pattern)
2026-07-31,279.92306956113043,SYN-0036 (dark_pattern)
2026-08-01,289.03979660725554,SYN-0036 (dark_pattern)
2026-08-02,293.9216294232339,SYN-0036 (dark_pattern)
2026-08-03,296.4846264065374,SYN-0036 (dark_pattern)
2026-08-04,294.017790319063,SYN-0036 (dark_pattern)
2026-08-05,302.69043836004096,SYN-0036 (dark_pattern)
2026-08-06,446.97728630936734,SYN-0036 (dark_pattern)
2026-08-07,453.8169170483931,SYN-0036 (dark_pattern)
2026-08-08,454.93250945427786,SYN-0036 (dark_pattern)
2026-08-09,458.98702247925587,SYN-0036 (dark_pattern)
2026-08-10,442.62031842716095,SYN-0036 (dark_pattern)
2026-08-11,291.98661558058456,SYN-0036 (dark_pattern)
2026-08-12,291.9364155948046,SYN-0036 (dark_pattern)
2026-08-13,291.09214023728623,SYN-0036 (dark_pattern)
2026-08-14,300.03272650848254,SYN-0036 (dark_pattern)
2026-08-15,299.37519863133593,SYN-0036 (dark_pattern)
2026-01-15,1310.4382896603947,SYN-0037 (dark_pattern)
2026-01-16,1254.4065898312995,SYN-0037 (dark_pattern)
2026-01-17,1311.8869838881578,SYN-0037 (dark_pattern)
2026-01-18,1310.1949701824615,SYN-0037 (dark_pattern)
2026-01-19,1264.806860962215,SYN-0037 (dark_pattern)
2026-01-20,1200.8887745589768,SYN-0037 (dark_pattern)
2026-01-21,1278.3244307683221,SYN-0037 (dark_pattern)
2026-01-22,1237.124030000068,SYN-0037 (dark_pattern)
2026-01-23,1288.404705519371,SYN-0037 (dark_pattern)
2026-01-24,1278.1213908741274,SYN-0037 (dark_pattern)
2026-01-25,1289.0731807773175,SYN-0037 (dark_pattern)
2026-01-26,1314.34524918375,SYN-0037 (dark_pattern)
2026-01-27,1266.7173536893845,SYN-0037 (dark_pattern)
2026-01-28,1238.8944801275532,SYN-0037 (dark_pattern)
2026-01-29,1271.8238801595544,SYN-0037 (dark_pattern)
2026-01-30,1250.3830162342097,SYN-0037 (dark_pattern)
2026-01-31,1267.0273230259947,SYN-0037 (dark_pattern)
2026-02-01,1310.5353903365271,SYN-0037 (dark_pattern)
2026-02-02,1251.5544928406996,SYN-0037 (dark_pattern)
2026-02-03,1311.5422039289674,SYN-0037 (dark_pattern)
2026-02-04,1282.341074282425,SYN-0037 (dark_pattern)
2026-02-05,1354.8445622952447,SYN-0037 (dark_pattern)
2026-02-06,1281.52506851601,SYN-0037 (dark_pattern)
2026-02-07,1250.6723997234442,SYN-0037 (dark_pattern)
2026-02-08,1219.4128398564644,SYN-0037 (dark_pattern)
2026-02-09,1261.8748712064205,SYN-0037 (dark_pattern)
2026-02-10,1270.4455466673196,SYN-0037 (dark_pattern)
2026-02-11,1283.3565608537567,SYN-0037 (dark_pattern)
2026-02-12,1293.0599076579558,SYN-0037 (dark_pattern)
2026-02-13,1239.9600112203793,SYN-0037 (dark_pattern)
2026-02-14,1293.1301283435953,SYN-0037 (dark_pattern)
2026-02-15,1277.0338074761567,SYN-0037 (dark_pattern)
2026-02-16,1269.225596910549,SYN-0037 (dark_pattern)
2026-02-17,1316.1284148083728,SYN-0037 (dark_pattern)
2026-02-18,1305.572059858004,SYN-0037 (dark_pattern)
2026-02-19,1297.5529707877085,SYN-0037 (dark_pattern)
2026-02-20,1305.7288432168766,SYN-0037 (dark_pattern)
2026-02-21,1269.7389237929483,SYN-0037 (dark_pattern)
2026-02-22,1282.1623172556383,SYN-0037 (dark_pattern)
2026-02-23,1269.4479945595372,SYN-0037 (dark_pattern)
2026-02-24,1257.2446390447533,SYN-0037 (dark_pattern)
2026-02-25,1315.8541278410755,SYN-0037 (dark_pattern)
2026-02-26,1244.4106688630545,SYN-0037 (dark_pattern)
2026-02-27,1242.33392718574,SYN-0037 (dark_pattern)
2026-02-28,1295.6953134263458,SYN-0037 (dark_pattern)
2026-03-01,1221.2275180093898,SYN-0037 (dark_pattern)
2026-03-02,1286.9580714423125,SYN-0037 (dark_pattern)
2026-03-03,1345.7094985501217,SYN-0037 (dark_pattern)
2026-03-04,1248.6702093295762,SYN-0037 (dark_pattern)
2026-03-05,1288.17882135403,SYN-0037 (dark_pattern)
2026-03-06,1297.3908237794253,SYN-0037 (dark_pattern)
2026-03-07,1257.7560979702673,SYN-0037 (dark_pattern)
2026-03-08,1272.4019515313394,SYN-0037 (dark_pattern)
2026-03-09,1247.1035070171736,SYN-0037 (dark_pattern)
2026-03-10,1269.8742087900057,SYN-0037 (dark_pattern)
2026-03-11,1298.0254006960151,SYN-0037 (dark_pattern)
2026-03-12,1265.1857796048664,SYN-0037 (dark_pattern)
2026-03-13,1306.9470359488864,SYN-0037 (dark_pattern)
2026-03-14,1256.692012873749,SYN-0037 (dark_pattern)
2026-03-15,1259.7338888623929,SYN-0037 (dark_pattern)
2026-03-16,1265.6402490191144,SYN-0037 (dark_pattern)
2026-03-17,1251.1341746000214,SYN-0037 (dark_pattern)
2026-03-18,1266.5105832653614,SYN-0037 (dark_pattern)
2026-03-19,1261.3014519988365,SYN-0037 (dark_pattern)
2026-03-20,1255.4967067624016,SYN-0037 (dark_pattern)
2026-03-21,1258.95370511044,SYN-0037 (dark_pattern)
2026-03-22,1252.3088746287417,SYN-0037 (dark_pattern)
2026-03-23,1248.4529978648245,SYN-0037 (dark_pattern)
2026-03-24,1315.3833266465365,SYN-0037 (dark_pattern)
2026-03-25,1268.2696432006323,SYN-0037 (dark_pattern)
2026-03-26,1273.9652098416998,SYN-0037 (dark_pattern)
2026-03-27,1282.2064302326644,SYN-0037 (dark_pattern)
2026-03-28,1248.9019053085153,SYN-0037 (dark_pattern)
2026-03-29,1232.973680335521,SYN-0037 (dark_pattern)
2026-03-30,1230.6885973758817,SYN-0037 (dark_pattern)
2026-03-31,1213.9312391226738,SYN-0037 (dark_pattern)
2026-04-01,1270.653080185456,SYN-0037 (dark_pattern)
2026-04-02,1222.9724129737294,SYN-0037 (dark_pattern)
2026-04-03,1288.514947569463,SYN-0037 (dark_pattern)
2026-04-04,1294.4894397819685,SYN-0037 (dark_pattern)
2026-04-05,1261.6309204598817,SYN-0037 (dark_pattern)
2026-04-06,1340.7308360888783,SYN-0037 (dark_pattern)
2026-04-07,1294.2314965347725,SYN-0037 (dark_pattern)
2026-04-08,1259.8279392421134,SYN-0037 (dark_pattern)
2026-04-09,1253.5981369551544,SYN-0037 (dark_pattern)
2026-04-10,1279.8895837074438,SYN-0037 (dark_pattern)
2026-04-11,1265.6412043302403,SYN-0037 (dark_pattern)
2026-04-12,1230.1942512842127,SYN-0037 (dark_pattern)
2026-04-13,1298.9705279588666,SYN-0037 (dark_pattern)
2026-04-14,1291.1635970364105,SYN-0037 (dark_pattern)
2026-04-15,1275.4483100480275,SYN-0037 (dark_pattern)
2026-04-16,1296.3858391085282,SYN-0037 (dark_pattern)
2026-04-17,1203.5464029821505,SYN-0037 (dark_pattern)
2026-04-18,1284.9032155360137,SYN-0037 (dark_pattern)
2026-04-19,1231.1390984373575,SYN-0037 (dark_pattern)
2026-04-20,1308.7120549848453,SYN-0037 (dark_pattern)
2026-04-21,1295.4197665038564,SYN-0037 (dark_pattern)
2026-04-22,1275.1193094319603,SYN-0037 (dark_pattern)
2026-04-23,1264.2330154882632,SYN-0037 (dark_pattern)
2026-04-24,1313.8523551992841,SYN-0037 (dark_pattern)
2026-04-25,1239.398095476584,SYN-0037 (dark_pattern)
2026-04-26,1297.659438928339,SYN-0037 (dark_pattern)
2026-04-27,1213.0065735467942,SYN-0037 (dark_pattern)
2026-04-28,1307.986239692449,SYN-0037 (dark_pattern)
2026-04-29,1260.7126219604008,SYN-0037 (dark_pattern)
2026-04-30,1311.6261737436328,SYN-0037 (dark_pattern)
2026-05-01,1271.2723551694246,SYN-0037 (dark_pattern)
2026-05-02,1282.9584183893226,SYN-0037 (dark_pattern)
2026-05-03,1264.5713547052208,SYN-0037 (dark_pattern)
2026-05-04,1273.4095374813173,SYN-0037 (dark_pattern)
2026-05-05,1275.739564610627,SYN-0037 (dark_pattern)
2026-05-06,1321.9071395113897,SYN-0037 (dark_pattern)
2026-05-07,1273.206610767559,SYN-0037 (dark_pattern)
2026-05-08,1266.9421919978167,SYN-0037 (dark_pattern)
2026-05-09,1233.480533218537,SYN-0037 (dark_pattern)
2026-05-10,1259.8414576197056,SYN-0037 (dark_pattern)
2026-05-11,1313.9807663283495,SYN-0037 (dark_pattern)
2026-05-12,1275.9385545433113,SYN-0037 (dark_pattern)
2026-05-13,1266.4180467580861,SYN-0037 (dark_pattern)
2026-05-14,1270.640621638056,SYN-0037 (dark_pattern)
2026-05-15,1304.1385969670584,SYN-0037 (dark_pattern)
2026-05-16,1240.7753130015367,SYN-0037 (dark_pattern)
2026-05-17,1296.5942207668795,SYN-0037 (dark_pattern)
2026-05-18,1251.6550143626212,SYN-0037 (dark_pattern)
2026-05-19,1237.3435300139943,SYN-0037 (dark_pattern)
2026-05-20,1276.090447691715,SYN-0037 (dark_pattern)
2026-05-21,1258.936891762157,SYN-0037 (dark_pattern)
2026-05-22,1284.7466986501076,SYN-0037 (dark_pattern)
2026-05-23,1285.8901190248282,SYN-0037 (dark_pattern)
2026-05-24,1249.6870954662481,SYN-0037 (dark_pattern)
2026-05-25,1267.8615947705832,SYN-0037 (dark_pattern)
2026-05-26,1306.9465651211938,SYN-0037 (dark_pattern)
2026-05-27,1287.8816167482425,SYN-0037 (dark_pattern)
2026-05-28,1267.4895153998355,SYN-0037 (dark_pattern)
2026-05-29,1278.48698142659,SYN-0037 (dark_pattern)
2026-05-30,1311.2168457687435,SYN-0037 (dark_pattern)
2026-05-31,1244.1308860069025,SYN-0037 (dark_pattern)
2026-06-01,1257.4950226360245,SYN-0037 (dark_pattern)
2026-06-02,1251.8849741167794,SYN-0037 (dark_pattern)
2026-06-03,1320.0599716736826,SYN-0037 (dark_pattern)
2026-06-04,1259.869315378391,SYN-0037 (dark_pattern)
2026-06-05,1241.189202758033,SYN-0037 (dark_pattern)
2026-06-06,1305.4350870641458,SYN-0037 (dark_pattern)
2026-06-07,1256.501967023471,SYN-0037 (dark_pattern)
2026-06-08,1301.7710067951898,SYN-0037 (dark_pattern)
2026-06-09,1270.6082609908449,SYN-0037 (dark_pattern)
2026-06-10,1288.2162562707013,SYN-0037 (dark_pattern)
2026-06-11,1293.5274853382239,SYN-0037 (dark_pattern)
2026-06-12,1263.4650080650467,SYN-0037 (dark_pattern)
2026-06-13,1243.3305656551197,SYN-0037 (dark_pattern)
2026-06-14,1271.091759753929,SYN-0037 (dark_pattern)
2026-06-15,1267.6427809800293,SYN-0037 (dark_pattern)
2026-06-16,1265.4664610254117,SYN-0037 (dark_pattern)
2026-06-17,1237.6344447446681,SYN-0037 (dark_pattern)
2026-06-18,1257.8484942789264,SYN-0037 (dark_pattern)
2026-06-19,1210.7376388100759,SYN-0037 (dark_pattern)
2026-06-20,1287.8023402652605,SYN-0037 (dark_pattern)
2026-06-21,1256.047761270903,SYN-0037 (dark_pattern)
2026-06-22,1253.701775338602,SYN-0037 (dark_pattern)
2026-06-23,1271.130206286627,SYN-0037 (dark_pattern)
2026-06-24,1270.0002529299886,SYN-0037 (dark_pattern)
2026-06-25,1297.0062063408204,SYN-0037 (dark_pattern)
2026-06-26,1297.449425861929,SYN-0037 (dark_pattern)
2026-06-27,1308.3068183627115,SYN-0037 (dark_pattern)
2026-06-28,1257.134322096609,SYN-0037 (dark_pattern)
2026-06-29,1257.3338287952595,SYN-0037 (dark_pattern)
2026-06-30,1276.2375060055479,SYN-0037 (dark_pattern)
2026-07-01,1272.8188909749995,SYN-0037 (dark_pattern)
2026-07-02,1212.0135465246958,SYN-0037 (dark_pattern)
2026-07-03,1298.5746350339327,SYN-0037 (dark_pattern)
2026-07-04,1287.2277834730494,SYN-0037 (dark_pattern)
2026-07-05,1316.913790110637,SYN-0037 (dark_pattern)
2026-07-06,1314.2840217524804,SYN-0037 (dark_pattern)
2026-07-07,1265.122024923873,SYN-0037 (dark_pattern)
2026-07-08,1257.696790674801,SYN-0037 (dark_pattern)
2026-07-09,1237.1515371197706,SYN-0037 (dark_pattern)
2026-07-10,1240.2147757700764,SYN-0037 (dark_pattern)
2026-07-11,1237.650708260538,SYN-0037 (dark_pattern)
2026-07-12,1267.8037480179617,SYN-0037 (dark_pattern)
2026-07-13,1269.1130717934188,SYN-0037 (dark_pattern)
2026-07-14,1240.7362693345622,SYN-0037 (dark_pattern)
2026-07-15,1266.4537824557217,SYN-0037 (dark_pattern)
2026-07-16,1270.7421271465892,SYN-0037 (dark_pattern)
2026-07-17,1256.835520393511,SYN-0037 (dark_pattern)
2026-07-18,1251.56811169228,SYN-0037 (dark_pattern)
2026-07-19,1267.465325848426,SYN-0037 (dark_pattern)
2026-07-20,1261.400244790972,SYN-0037 (dark_pattern)
2026-07-21,1263.3680985893607,SYN-0037 (dark_pattern)
2026-07-22,1233.7169126844062,SYN-0037 (dark_pattern)
2026-07-23,1289.43985555395,SYN-0037 (dark_pattern)
2026-07-24,1277.6593861737565,SYN-0037 (dark_pattern)
2026-07-25,1265.0669345531683,SYN-0037 (dark_pattern)
2026-07-26,1256.865302516254,SYN-0037 (dark_pattern)
2026-07-27,1229.846806342281,SYN-0037 (dark_pattern)
2026-07-28,1297.5482065036178,SYN-0037 (dark_pattern)
2026-07-29,1251.6490265876812,SYN-0037 (dark_pattern)
2026-07-30,1256.2440799243886,SYN-0037 (dark_pattern)
2026-07-31,1262.1731365099402,SYN-0037 (dark_pattern)
2026-08-01,1240.163279959147,SYN-0037 (dark_pattern)
2026-08-02,1290.333110146931,SYN-0037 (dark_pattern)
2026-08-03,1276.6086476825744,SYN-0037 (dark_pattern)
2026-08-04,1290.2421523923526,SYN-0037 (dark_pattern)
2026-08-05,1253.4447337732336,SYN-0037 (dark_pattern)
2026-08-06,1289.2005293203881,SYN-0037 (dark_pattern)
2026-08-07,1258.883385616246,SYN-0037 (dark_pattern)
2026-08-08,1900.426570469421,SYN-0037 (dark_pattern)
2026-08-09,1945.4052647154735,SYN-0037 (dark_pattern)
2026-08-10,1893.8294800649517,SYN-0037 (dark_pattern)
2026-08-11,1312.6525855151888,SYN-0037 (dark_pattern)
2026-08-12,1248.4291147782724,SYN-0037 (dark_pattern)
2026-08-13,1217.285031255771,SYN-0037 (dark_pattern)
2026-08-14,1247.1816534841998,SYN-0037 (dark_pattern)
2026-08-15,1275.060344420475,SYN-0037 (dark_pattern)
2026-01-01,1481.0042193279712,SYN-0038 (dark_pattern)
2026-01-02,1499.781712910566,SYN-0038 (dark_pattern)
2026-01-03,1516.971646264394,SYN-0038 (dark_pattern)
2026-01-04,1467.5326424075045,SYN-0038 (dark_pattern)
2026-01-05,1516.6846385580566,SYN-0038 (dark_pattern)
2026-01-06,1468.330937021254,SYN-0038 (dark_pattern)
2026-01-07,1489.707052063076,SYN-0038 (dark_pattern)
2026-01-08,1510.0262229036211,SYN-0038 (dark_pattern)
2026-01-09,1477.4914087474704,SYN-0038 (dark_pattern)
2026-01-10,1505.183857968404,SYN-0038 (dark_pattern)
2026-01-11,1502.431568682254,SYN-0038 (dark_pattern)
2026-01-12,1525.4110971367631,SYN-0038 (dark_pattern)
2026-01-13,1493.9187518495012,SYN-0038 (dark_pattern)
2026-01-14,1578.0674129803301,SYN-0038 (dark_pattern)
2026-01-15,1462.5164997082418,SYN-0038 (dark_pattern)
2026-01-16,1563.1699395406822,SYN-0038 (dark_pattern)
2026-01-17,1523.3283231965138,SYN-0038 (dark_pattern)
2026-01-18,1486.742274285028,SYN-0038 (dark_pattern)
2026-01-19,1526.7934438730501,SYN-0038 (dark_pattern)
2026-01-20,1450.4960266906112,SYN-0038 (dark_pattern)
2026-01-21,1509.7617445245621,SYN-0038 (dark_pattern)
2026-01-22,1509.7583494758492,SYN-0038 (dark_pattern)
2026-01-23,1496.5881838905652,SYN-0038 (dark_pattern)
2026-01-24,1524.777656350321,SYN-0038 (dark_pattern)
2026-01-25,1490.280029698615,SYN-0038 (dark_pattern)
2026-01-26,1527.1600741784464,SYN-0038 (dark_pattern)
2026-01-27,1535.5990583275568,SYN-0038 (dark_pattern)
2026-01-28,1522.0188804968193,SYN-0038 (dark_pattern)
2026-01-29,1534.8008929479972,SYN-0038 (dark_pattern)
2026-01-30,1517.5778830777872,SYN-0038 (dark_pattern)
2026-01-31,1547.4861000413746,SYN-0038 (dark_pattern)
2026-02-01,1466.8948526808258,SYN-0038 (dark_pattern)
2026-02-02,1499.8390334883761,SYN-0038 (dark_pattern)
2026-02-03,1496.5696128132693,SYN-0038 (dark_pattern)
2026-02-04,1532.5884889475692,SYN-0038 (dark_pattern)
2026-02-05,1506.5076484622405,SYN-0038 (dark_pattern)
2026-02-06,1554.331909727764,SYN-0038 (dark_pattern)
2026-02-07,1518.3876039251575,SYN-0038 (dark_pattern)
2026-02-08,1472.1371815244922,SYN-0038 (dark_pattern)
2026-02-09,1474.078293295465,SYN-0038 (dark_pattern)
2026-02-10,1530.987194708769,SYN-0038 (dark_pattern)
2026-02-11,1527.0442520535116,SYN-0038 (dark_pattern)
2026-02-12,1496.7366992568739,SYN-0038 (dark_pattern)
2026-02-13,1501.2205273075622,SYN-0038 (dark_pattern)
2026-02-14,1517.7129469806907,SYN-0038 (dark_pattern)
2026-02-15,1446.5059836877674,SYN-0038 (dark_pattern)
2026-02-16,1513.9418375881817,SYN-0038 (dark_pattern)
2026-02-17,1547.1019986424499,SYN-0038 (dark_pattern)
2026-02-18,1492.7738625291488,SYN-0038 (dark_pattern)
2026-02-19,1496.1851937947768,SYN-0038 (dark_pattern)
2026-02-20,1517.2044781564803,SYN-0038 (dark_pattern)
2026-02-21,1559.3816030541311,SYN-0038 (dark_pattern)
2026-02-22,1479.728271539216,SYN-0038 (dark_pattern)
2026-02-23,1493.423738029756,SYN-0038 (dark_pattern)
2026-02-24,1521.6860468864818,SYN-0038 (dark_pattern)
2026-02-25,1509.9056997302214,SYN-0038 (dark_pattern)
2026-02-26,1545.8278904506683,SYN-0038 (dark_pattern)
2026-02-27,1515.4066282024653,SYN-0038 (dark_pattern)
2026-02-28,1507.3822893995375,SYN-0038 (dark_pattern)
2026-03-01,1481.085045960388,SYN-0038 (dark_pattern)
2026-03-02,1547.2323812542397,SYN-0038 (dark_pattern)
2026-03-03,1461.720617102388,SYN-0038 (dark_pattern)
2026-03-04,1494.6939545971036,SYN-0038 (dark_pattern)
2026-03-05,1527.7947876919811,SYN-0038 (dark_pattern)
2026-03-06,1540.0637799485812,SYN-0038 (dark_pattern)
2026-03-07,1523.0143958912022,SYN-0038 (dark_pattern)
2026-03-08,1551.6561619714896,SYN-0038 (dark_pattern)
2026-03-09,1561.129013707745,SYN-0038 (dark_pattern)
2026-03-10,1478.5953944397595,SYN-0038 (dark_pattern)
2026-03-11,1525.0058860817508,SYN-0038 (dark_pattern)
2026-03-12,1493.7202006466455,SYN-0038 (dark_pattern)
2026-03-13,1516.6364348320087,SYN-0038 (dark_pattern)
2026-03-14,1485.2119856700106,SYN-0038 (dark_pattern)
2026-03-15,1486.4263693229161,SYN-0038 (dark_pattern)
2026-03-16,1579.8553032415357,SYN-0038 (dark_pattern)
2026-03-17,1549.9923447377164,SYN-0038 (dark_pattern)
2026-03-18,1478.4196045801166,SYN-0038 (dark_pattern)
2026-03-19,1499.8033442862843,SYN-0038 (dark_pattern)
2026-03-20,1534.4310664307268,SYN-0038 (dark_pattern)
2026-03-21,1524.8940707439474,SYN-0038 (dark_pattern)
2026-03-22,1523.411090381049,SYN-0038 (dark_pattern)
2026-03-23,1515.6567059801407,SYN-0038 (dark_pattern)
2026-03-24,1458.8426991240387,SYN-0038 (dark_pattern)
2026-03-25,1541.647759038089,SYN-0038 (dark_pattern)
2026-03-26,1598.7264289033028,SYN-0038 (dark_pattern)
2026-03-27,1490.5074118352247,SYN-0038 (dark_pattern)
2026-03-28,1515.3474952669264,SYN-0038 (dark_pattern)
2026-03-29,1526.8488946081216,SYN-0038 (dark_pattern)
2026-03-30,1453.9252636073427,SYN-0038 (dark_pattern)
2026-03-31,1521.4347357768697,SYN-0038 (dark_pattern)
2026-04-01,1532.7894750891023,SYN-0038 (dark_pattern)
2026-04-02,1497.4151397717394,SYN-0038 (dark_pattern)
2026-04-03,1509.643553329294,SYN-0038 (dark_pattern)
2026-04-04,1496.6138473751057,SYN-0038 (dark_pattern)
2026-04-05,1455.126953329965,SYN-0038 (dark_pattern)
2026-04-06,1494.4264585188778,SYN-0038 (dark_pattern)
2026-04-07,1510.3708883421853,SYN-0038 (dark_pattern)
2026-04-08,1537.4397774648382,SYN-0038 (dark_pattern)
2026-04-09,1552.7858061708762,SYN-0038 (dark_pattern)
2026-04-10,1536.5988244195562,SYN-0038 (dark_pattern)
2026-04-11,1456.1673007768193,SYN-0038 (dark_pattern)
2026-04-12,1520.7944535649456,SYN-0038 (dark_pattern)
2026-04-13,1537.714526025092,SYN-0038 (dark_pattern)
2026-04-14,1523.0324011576158,SYN-0038 (dark_pattern)
2026-04-15,1492.114732238984,SYN-0038 (dark_pattern)
2026-04-16,1594.9505298537533,SYN-0038 (dark_pattern)
2026-04-17,1591.3471893898786,SYN-0038 (dark_pattern)
2026-04-18,1568.8203746672339,SYN-0038 (dark_pattern)
2026-04-19,1497.4424274061857,SYN-0038 (dark_pattern)
2026-04-20,1488.9095586952521,SYN-0038 (dark_pattern)
2026-04-21,1537.6463352366081,SYN-0038 (dark_pattern)
2026-04-22,1557.3782606973405,SYN-0038 (dark_pattern)
2026-04-23,1519.1888615267806,SYN-0038 (dark_pattern)
2026-04-24,1484.4757802913514,SYN-0038 (dark_pattern)
2026-04-25,1539.239649708855,SYN-0038 (dark_pattern)
2026-04-26,1547.4869232051572,SYN-0038 (dark_pattern)
2026-04-27,1483.4204140770203,SYN-0038 (dark_pattern)
2026-04-28,1515.512097163056,SYN-0038 (dark_pattern)
2026-04-29,1532.772729667258,SYN-0038 (dark_pattern)
2026-04-30,1545.4373469858406,SYN-0038 (dark_pattern)
2026-05-01,1473.2861120052103,SYN-0038 (dark_pattern)
2026-05-02,1554.4954945350203,SYN-0038 (dark_pattern)
2026-05-03,1472.5446991564918,SYN-0038 (dark_pattern)
2026-05-04,1529.6951630342132,SYN-0038 (dark_pattern)
2026-05-05,1464.2092244888613,SYN-0038 (dark_pattern)
2026-05-06,1522.1424655292406,SYN-0038 (dark_pattern)
2026-05-07,1498.2237214659538,SYN-0038 (dark_pattern)
2026-05-08,1520.2179085624123,SYN-0038 (dark_pattern)
2026-05-09,1493.9044768405302,SYN-0038 (dark_pattern)
2026-05-10,1483.463380153989,SYN-0038 (dark_pattern)
2026-05-11,1524.8351896151617,SYN-0038 (dark_pattern)
2026-05-12,1517.624328433602,SYN-0038 (dark_pattern)
2026-05-13,1533.2372613297998,SYN-0038 (dark_pattern)
2026-05-14,1512.7423044033817,SYN-0038 (dark_pattern)
2026-05-15,1512.9034915768873,SYN-0038 (dark_pattern)
2026-05-16,1541.9265396976166,SYN-0038 (dark_pattern)
2026-05-17,1485.7165749990684,SYN-0038 (dark_pattern)
2026-05-18,1527.0741040337514,SYN-0038 (dark_pattern)
2026-05-19,1549.6626650415203,SYN-0038 (dark_pattern)
2026-05-20,1490.815959392413,SYN-0038 (dark_pattern)
2026-05-21,1517.0562325435328,SYN-0038 (dark_pattern)
2026-05-22,1504.8409134350982,SYN-0038 (dark_pattern)
2026-05-23,1506.067251743739,SYN-0038 (dark_pattern)
2026-05-24,1509.896140651783,SYN-0038 (dark_pattern)
2026-05-25,1512.019164161839,SYN-0038 (dark_pattern)
2026-05-26,1514.4175965518664,SYN-0038 (dark_pattern)
2026-05-27,1459.9238412621814,SYN-0038 (dark_pattern)
2026-05-28,1505.0221700446734,SYN-0038 (dark_pattern)
2026-05-29,1460.1801433919486,SYN-0038 (dark_pattern)
2026-05-30,1489.7639265198447,SYN-0038 (dark_pattern)
2026-05-31,1519.2144228302543,SYN-0038 (dark_pattern)
2026-06-01,1544.9755119146632,SYN-0038 (dark_pattern)
2026-06-02,1515.2675358620165,SYN-0038 (dark_pattern)
2026-06-03,1522.9623233533523,SYN-0038 (dark_pattern)
2026-06-04,1498.0608179146384,SYN-0038 (dark_pattern)
2026-06-05,1526.5726206485158,SYN-0038 (dark_pattern)
2026-06-06,1527.531787611712,SYN-0038 (dark_pattern)
2026-06-07,1428.4022053758954,SYN-0038 (dark_pattern)
2026-06-08,1505.2831376411932,SYN-0038 (dark_pattern)
2026-06-09,1516.1372075660981,SYN-0038 (dark_pattern)
2026-06-10,1511.5099135076507,SYN-0038 (dark_pattern)
2026-06-11,1491.0676986424846,SYN-0038 (dark_pattern)
2026-06-12,1532.528218689321,SYN-0038 (dark_pattern)
2026-06-13,1487.7230634506611,SYN-0038 (dark_pattern)
2026-06-14,1511.36404731424,SYN-0038 (dark_pattern)
2026-06-15,1531.9045309024727,SYN-0038 (dark_pattern)
2026-06-16,1489.5419009527604,SYN-0038 (dark_pattern)
2026-06-17,1520.3583677930944,SYN-0038 (dark_pattern)
2026-06-18,1544.7877050924947,SYN-0038 (dark_pattern)
2026-06-19,1445.7456880809677,SYN-0038 (dark_pattern)
2026-06-20,1540.0912334348159,SYN-0038 (dark_pattern)
2026-06-21,1527.4884753851065,SYN-0038 (dark_pattern)
2026-06-22,1495.1590149138792,SYN-0038 (dark_pattern)
2026-06-23,1490.1366289378632,SYN-0038 (dark_pattern)
2026-06-24,1478.7073406753923,SYN-0038 (dark_pattern)
2026-06-25,1530.3073813271074,SYN-0038 (dark_pattern)
2026-06-26,1514.4732148792732,SYN-0038 (dark_pattern)
2026-06-27,1509.488608447967,SYN-0038 (dark_pattern)
2026-06-28,1432.4214119459007,SYN-0038 (dark_pattern)
2026-06-29,1542.3134280832774,SYN-0038 (dark_pattern)
2026-06-30,1552.342959593831,SYN-0038 (dark_pattern)
2026-07-01,1494.9526170258946,SYN-0038 (dark_pattern)
2026-07-02,1560.3024296128347,SYN-0038 (dark_pattern)
2026-07-03,1568.5512043876658,SYN-0038 (dark_pattern)
2026-07-04,1475.5089086597463,SYN-0038 (dark_pattern)
2026-07-05,1553.1605096240983,SYN-0038 (dark_pattern)
2026-07-06,1505.076757918796,SYN-0038 (dark_pattern)
2026-07-07,1565.4310911867847,SYN-0038 (dark_pattern)
2026-07-08,1561.6655553884561,SYN-0038 (dark_pattern)
2026-07-09,1497.3542820271066,SYN-0038 (dark_pattern)
2026-07-10,1512.0047217164254,SYN-0038 (dark_pattern)
2026-07-11,1533.215565418042,SYN-0038 (dark_pattern)
2026-07-12,1522.8932887292158,SYN-0038 (dark_pattern)
2026-07-13,1505.687360455611,SYN-0038 (dark_pattern)
2026-07-14,1474.567373746477,SYN-0038 (dark_pattern)
2026-07-15,1474.0492375192503,SYN-0038 (dark_pattern)
2026-07-16,1520.5988816882077,SYN-0038 (dark_pattern)
2026-07-17,1498.0644938648509,SYN-0038 (dark_pattern)
2026-07-18,1579.0270977965833,SYN-0038 (dark_pattern)
2026-07-19,1509.2283280818037,SYN-0038 (dark_pattern)
2026-07-20,1548.4029667548436,SYN-0038 (dark_pattern)
2026-07-21,1450.6972853831296,SYN-0038 (dark_pattern)
2026-07-22,1487.8038631220375,SYN-0038 (dark_pattern)
2026-07-23,1544.2216223526354,SYN-0038 (dark_pattern)
2026-07-24,1493.4917311405343,SYN-0038 (dark_pattern)
2026-07-25,1461.3637933194427,SYN-0038 (dark_pattern)
2026-07-26,1476.951107615995,SYN-0038 (dark_pattern)
2026-07-27,1514.8736536528552,SYN-0038 (dark_pattern)
2026-07-28,1427.4256422002939,SYN-0038 (dark_pattern)
2026-07-29,1513.9926203464331,SYN-0038 (dark_pattern)
2026-07-30,1491.4737098828825,SYN-0038 (dark_pattern)
2026-07-31,1552.6075203619812,SYN-0038 (dark_pattern)
2026-08-01,1512.9085428207165,SYN-0038 (dark_pattern)
2026-08-02,1546.2448764520843,SYN-0038 (dark_pattern)
2026-08-03,1529.0327318922962,SYN-0038 (dark_pattern)
2026-08-04,1499.4652215266692,SYN-0038 (dark_pattern)
2026-08-05,1956.2838176675134,SYN-0038 (dark_pattern)
2026-08-06,1952.6429178539506,SYN-0038 (dark_pattern)
2026-08-07,1950.5285018952989,SYN-0038 (dark_pattern)
2026-08-08,1951.5339460032117,SYN-0038 (dark_pattern)
2026-08-09,1957.6476706042731,SYN-0038 (dark_pattern)
2026-08-10,1876.7309428454605,SYN-0038 (dark_pattern)
2026-08-11,1458.4316135716006,SYN-0038 (dark_pattern)
2026-08-12,1447.5186524392354,SYN-0038 (dark_pattern)
2026-08-13,1436.6569380054461,SYN-0038 (dark_pattern)
2026-08-14,1455.4726128980365,SYN-0038 (dark_pattern)
2026-08-15,1493.2828679713436,SYN-0038 (dark_pattern)
2026-04-30,947.0869708944406,SYN-0039 (dark_pattern)
2026-05-01,901.4250112484707,SYN-0039 (dark_pattern)
2026-05-02,946.3880732824937,SYN-0039 (dark_pattern)
2026-05-03,965.3386804933475,SYN-0039 (dark_pattern)
2026-05-04,952.4247851052576,SYN-0039 (dark_pattern)
2026-05-05,936.3045374165048,SYN-0039 (dark_pattern)
2026-05-06,964.624199180309,SYN-0039 (dark_pattern)
2026-05-07,968.4383744822682,SYN-0039 (dark_pattern)
2026-05-08,910.6467026128789,SYN-0039 (dark_pattern)
2026-05-09,926.8760317114987,SYN-0039 (dark_pattern)
2026-05-10,914.9788085044913,SYN-0039 (dark_pattern)
2026-05-11,948.9577859987699,SYN-0039 (dark_pattern)
2026-05-12,935.3376596754352,SYN-0039 (dark_pattern)
2026-05-13,926.7494760432023,SYN-0039 (dark_pattern)
2026-05-14,965.8809472062757,SYN-0039 (dark_pattern)
2026-05-15,961.6857091094961,SYN-0039 (dark_pattern)
2026-05-16,939.9236216515444,SYN-0039 (dark_pattern)
2026-05-17,946.7784106385956,SYN-0039 (dark_pattern)
2026-05-18,939.0493273531869,SYN-0039 (dark_pattern)
2026-05-19,946.3025841989161,SYN-0039 (dark_pattern)
2026-05-20,940.2449642706677,SYN-0039 (dark_pattern)
2026-05-21,939.7308186880817,SYN-0039 (dark_pattern)
2026-05-22,921.746482345995,SYN-0039 (dark_pattern)
2026-05-23,940.6380178289703,SYN-0039 (dark_pattern)
2026-05-24,957.9664993055042,SYN-0039 (dark_pattern)
2026-05-25,977.6489091826937,SYN-0039 (dark_pattern)
2026-05-26,922.5217757943702,SYN-0039 (dark_pattern)
2026-05-27,927.3283249666022,SYN-0039 (dark_pattern)
2026-05-28,911.6431947627744,SYN-0039 (dark_pattern)
2026-05-29,952.8018744930292,SYN-0039 (dark_pattern)
2026-05-30,929.2028077539702,SYN-0039 (dark_pattern)
2026-05-31,948.8016398164301,SYN-0039 (dark_pattern)
2026-06-01,918.3625878437934,SYN-0039 (dark_pattern)
2026-06-02,926.722661934775,SYN-0039 (dark_pattern)
2026-06-03,935.9704986652043,SYN-0039 (dark_pattern)
2026-06-04,957.2579005006442,SYN-0039 (dark_pattern)
2026-06-05,932.6499645201558,SYN-0039 (dark_pattern)
2026-06-06,922.4394997838,SYN-0039 (dark_pattern)
2026-06-07,914.9591455753952,SYN-0039 (dark_pattern)
2026-06-08,930.0842795935331,SYN-0039 (dark_pattern)
2026-06-09,885.9667238514414,SYN-0039 (dark_pattern)
2026-06-10,945.6271966410881,SYN-0039 (dark_pattern)
2026-06-11,938.793917786684,SYN-0039 (dark_pattern)
2026-06-12,920.3913439882682,SYN-0039 (dark_pattern)
2026-06-13,952.1166613261901,SYN-0039 (dark_pattern)
2026-06-14,942.4070504846328,SYN-0039 (dark_pattern)
2026-06-15,955.6375791089982,SYN-0039 (dark_pattern)
2026-06-16,911.0281976966502,SYN-0039 (dark_pattern)
2026-06-17,955.3402938184048,SYN-0039 (dark_pattern)
2026-06-18,913.9368210137634,SYN-0039 (dark_pattern)
2026-06-19,937.8650163590112,SYN-0039 (dark_pattern)
2026-06-20,959.5748991244035,SYN-0039 (dark_pattern)
2026-06-21,914.704262275903,SYN-0039 (dark_pattern)
2026-06-22,930.6195427067792,SYN-0039 (dark_pattern)
2026-06-23,977.6315822954233,SYN-0039 (dark_pattern)
2026-06-24,936.8231883848699,SYN-0039 (dark_pattern)
2026-06-25,977.4644787365114,SYN-0039 (dark_pattern)
2026-06-26,927.4165104525287,SYN-0039 (dark_pattern)
2026-06-27,924.3298342870454,SYN-0039 (dark_pattern)
2026-06-28,941.7739520454221,SYN-0039 (dark_pattern)
2026-06-29,965.0588042059329,SYN-0039 (dark_pattern)
2026-06-30,908.4202965139906,SYN-0039 (dark_pattern)
2026-07-01,941.0246077142716,SYN-0039 (dark_pattern)
2026-07-02,941.6766845185202,SYN-0039 (dark_pattern)
2026-07-03,915.9111902248819,SYN-0039 (dark_pattern)
2026-07-04,942.5481877438209,SYN-0039 (dark_pattern)
2026-07-05,928.272034481521,SYN-0039 (dark_pattern)
2026-07-06,911.6958934959816,SYN-0039 (dark_pattern)
2026-07-07,930.0503565429342,SYN-0039 (dark_pattern)
2026-07-08,963.1036066969357,SYN-0039 (dark_pattern)
2026-07-09,911.5280859122983,SYN-0039 (dark_pattern)
2026-07-10,957.0510266642412,SYN-0039 (dark_pattern)
2026-07-11,946.2125707524532,SYN-0039 (dark_pattern)
2026-07-12,927.6769461124965,SYN-0039 (dark_pattern)
2026-07-13,937.8132859787116,SYN-0039 (dark_pattern)
2026-07-14,952.925599843725,SYN-0039 (dark_pattern)
2026-07-15,922.5074673716459,SYN-0039 (dark_pattern)
2026-07-16,923.5438351020714,SYN-0039 (dark_pattern)
2026-07-17,939.1753999233171,SYN-0039 (dark_pattern)
2026-07-18,952.5336120761164,SYN-0039 (dark_pattern)
2026-07-19,935.5426758286131,SYN-0039 (dark_pattern)
2026-07-20,945.8744760597922,SYN-0039 (dark_pattern)
2026-07-21,902.7703555077751,SYN-0039 (dark_pattern)
2026-07-22,953.7106735773407,SYN-0039 (dark_pattern)
2026-07-23,913.2576966057449,SYN-0039 (dark_pattern)
2026-07-24,919.2956471251567,SYN-0039 (dark_pattern)
2026-07-25,938.9231258809892,SYN-0039 (dark_pattern)
2026-07-26,933.039615320473,SYN-0039 (dark_pattern)
2026-07-27,961.0505450634087,SYN-0039 (dark_pattern)
2026-07-28,921.1700302176137,SYN-0039 (dark_pattern)
2026-07-29,942.893484428966,SYN-0039 (dark_pattern)
2026-07-30,930.8785869511765,SYN-0039 (dark_pattern)
2026-07-31,948.313351845385,SYN-0039 (dark_pattern)
2026-08-01,957.2811896284427,SYN-0039 (dark_pattern)
2026-08-02,961.763510102362,SYN-0039 (dark_pattern)
2026-08-03,1217.3048484223211,SYN-0039 (dark_pattern)
2026-08-04,1233.2127422303167,SYN-0039 (dark_pattern)
2026-08-05,1224.7106511227116,SYN-0039 (dark_pattern)
2026-08-06,1232.8318223867852,SYN-0039 (dark_pattern)
2026-08-07,1241.8202664550931,SYN-0039 (dark_pattern)
2026-08-08,1231.3015647897646,SYN-0039 (dark_pattern)
2026-08-09,1213.5437212588727,SYN-0039 (dark_pattern)
2026-08-10,1236.1163138311538,SYN-0039 (dark_pattern)
2026-08-11,950.1695174199047,SYN-0039 (dark_pattern)
2026-08-12,947.9076104706053,SYN-0039 (dark_pattern)
2026-08-13,938.8279574683139,SYN-0039 (dark_pattern)
2026-08-14,944.5879300645281,SYN-0039 (dark_pattern)
2026-08-15,959.7637360526903,SYN-0039 (dark_pattern)
2025-12-20,625.6591900893944,SYN-0040 (dark_pattern)
2025-12-21,611.2646405910584,SYN-0040 (dark_pattern)
2025-12-22,608.4843357561004,SYN-0040 (dark_pattern)
2025-12-23,607.7703761543397,SYN-0040 (dark_pattern)
2025-12-24,632.7777717116429,SYN-0040 (dark_pattern)
2025-12-25,614.5803983763766,SYN-0040 (dark_pattern)
2025-12-26,641.6170715349704,SYN-0040 (dark_pattern)
2025-12-27,610.6751574025747,SYN-0040 (dark_pattern)
2025-12-28,626.3028139344851,SYN-0040 (dark_pattern)
2025-12-29,624.1981945748885,SYN-0040 (dark_pattern)
2025-12-30,613.8921447821228,SYN-0040 (dark_pattern)
2025-12-31,624.5133604979139,SYN-0040 (dark_pattern)
2026-01-01,614.4798766105777,SYN-0040 (dark_pattern)
2026-01-02,632.6620211570364,SYN-0040 (dark_pattern)
2026-01-03,639.5395728990642,SYN-0040 (dark_pattern)
2026-01-04,591.4255637081134,SYN-0040 (dark_pattern)
2026-01-05,604.1469428571627,SYN-0040 (dark_pattern)
2026-01-06,619.454326714813,SYN-0040 (dark_pattern)
2026-01-07,625.5595397709457,SYN-0040 (dark_pattern)
2026-01-08,624.6684230958397,SYN-0040 (dark_pattern)
2026-01-09,620.6212541767358,SYN-0040 (dark_pattern)
2026-01-10,612.7108981777585,SYN-0040 (dark_pattern)
2026-01-11,597.9796493559364,SYN-0040 (dark_pattern)
2026-01-12,607.6480923550482,SYN-0040 (dark_pattern)
2026-01-13,613.9248865751786,SYN-0040 (dark_pattern)
2026-01-14,603.6409505747406,SYN-0040 (dark_pattern)
2026-01-15,604.4945938559969,SYN-0040 (dark_pattern)
2026-01-16,615.5056704764496,SYN-0040 (dark_pattern)
2026-01-17,645.6726875997884,SYN-0040 (dark_pattern)
2026-01-18,625.899228793601,SYN-0040 (dark_pattern)
2026-01-19,602.2341562048477,SYN-0040 (dark_pattern)
2026-01-20,612.8581466859683,SYN-0040 (dark_pattern)
2026-01-21,623.6112954027835,SYN-0040 (dark_pattern)
2026-01-22,587.6935356357474,SYN-0040 (dark_pattern)
2026-01-23,596.5005107618085,SYN-0040 (dark_pattern)
2026-01-24,632.8580643068947,SYN-0040 (dark_pattern)
2026-01-25,615.3894356091989,SYN-0040 (dark_pattern)
2026-01-26,613.847150078975,SYN-0040 (dark_pattern)
2026-01-27,614.2086467283457,SYN-0040 (dark_pattern)
2026-01-28,608.031225226969,SYN-0040 (dark_pattern)
2026-01-29,617.931267014983,SYN-0040 (dark_pattern)
2026-01-30,607.8214598589498,SYN-0040 (dark_pattern)
2026-01-31,612.956481573671,SYN-0040 (dark_pattern)
2026-02-01,616.5199776125277,SYN-0040 (dark_pattern)
2026-02-02,613.0352399122794,SYN-0040 (dark_pattern)
2026-02-03,607.5765315908245,SYN-0040 (dark_pattern)
2026-02-04,640.2504622213878,SYN-0040 (dark_pattern)
2026-02-05,615.8143083236131,SYN-0040 (dark_pattern)
2026-02-06,637.5427879292768,SYN-0040 (dark_pattern)
2026-02-07,607.7542327615743,SYN-0040 (dark_pattern)
2026-02-08,620.4326460024175,SYN-0040 (dark_pattern)
2026-02-09,613.9683339661918,SYN-0040 (dark_pattern)
2026-02-10,606.929346210701,SYN-0040 (dark_pattern)
2026-02-11,620.3792383219228,SYN-0040 (dark_pattern)
2026-02-12,611.240051899347,SYN-0040 (dark_pattern)
2026-02-13,621.4186237023357,SYN-0040 (dark_pattern)
2026-02-14,613.2243891403748,SYN-0040 (dark_pattern)
2026-02-15,599.4918229921053,SYN-0040 (dark_pattern)
2026-02-16,626.1448770834334,SYN-0040 (dark_pattern)
2026-02-17,605.4391794872886,SYN-0040 (dark_pattern)
2026-02-18,618.8070634643021,SYN-0040 (dark_pattern)
2026-02-19,618.9443165190253,SYN-0040 (dark_pattern)
2026-02-20,613.9999756718988,SYN-0040 (dark_pattern)
2026-02-21,630.3586550406841,SYN-0040 (dark_pattern)
2026-02-22,625.4057138398888,SYN-0040 (dark_pattern)
2026-02-23,592.5201588719326,SYN-0040 (dark_pattern)
2026-02-24,601.7711375138571,SYN-0040 (dark_pattern)
2026-02-25,632.4862181439769,SYN-0040 (dark_pattern)
2026-02-26,636.021801973718,SYN-0040 (dark_pattern)
2026-02-27,619.3220043382038,SYN-0040 (dark_pattern)
2026-02-28,625.6755366228174,SYN-0040 (dark_pattern)
2026-03-01,615.2791671268548,SYN-0040 (dark_pattern)
2026-03-02,622.6090151904386,SYN-0040 (dark_pattern)
2026-03-03,626.9926698233637,SYN-0040 (dark_pattern)
2026-03-04,601.2939640608696,SYN-0040 (dark_pattern)
2026-03-05,602.7816095633103,SYN-0040 (dark_pattern)
2026-03-06,613.5998659591969,SYN-0040 (dark_pattern)
2026-03-07,613.44035744697,SYN-0040 (dark_pattern)
2026-03-08,603.8605131029013,SYN-0040 (dark_pattern)
2026-03-09,583.9297650412338,SYN-0040 (dark_pattern)
2026-03-10,634.3659879706805,SYN-0040 (dark_pattern)
2026-03-11,623.6893097706239,SYN-0040 (dark_pattern)
2026-03-12,613.062062783849,SYN-0040 (dark_pattern)
2026-03-13,605.7051263761364,SYN-0040 (dark_pattern)
2026-03-14,613.2588691870006,SYN-0040 (dark_pattern)
2026-03-15,618.8967818141538,SYN-0040 (dark_pattern)
2026-03-16,604.5129779547863,SYN-0040 (dark_pattern)
2026-03-17,622.3704413905122,SYN-0040 (dark_pattern)
2026-03-18,632.3975642277385,SYN-0040 (dark_pattern)
2026-03-19,618.3310083504846,SYN-0040 (dark_pattern)
2026-03-20,614.1646848985846,SYN-0040 (dark_pattern)
2026-03-21,603.2061571700306,SYN-0040 (dark_pattern)
2026-03-22,602.2919960693102,SYN-0040 (dark_pattern)
2026-03-23,627.6940470164683,SYN-0040 (dark_pattern)
2026-03-24,590.7821261334711,SYN-0040 (dark_pattern)
2026-03-25,615.8099100739445,SYN-0040 (dark_pattern)
2026-03-26,619.6230766299158,SYN-0040 (dark_pattern)
2026-03-27,628.8753702285803,SYN-0040 (dark_pattern)
2026-03-28,625.4353722445663,SYN-0040 (dark_pattern)
2026-03-29,606.8018774296693,SYN-0040 (dark_pattern)
2026-03-30,598.1690013745135,SYN-0040 (dark_pattern)
2026-03-31,587.7111827296319,SYN-0040 (dark_pattern)
2026-04-01,604.7899197549987,SYN-0040 (dark_pattern)
2026-04-02,617.1555628831517,SYN-0040 (dark_pattern)
2026-04-03,622.804470492271,SYN-0040 (dark_pattern)
2026-04-04,615.4021431326886,SYN-0040 (dark_pattern)
2026-04-05,636.9199022826017,SYN-0040 (dark_pattern)
2026-04-06,608.2160387344372,SYN-0040 (dark_pattern)
2026-04-07,621.5009988235149,SYN-0040 (dark_pattern)
2026-04-08,606.5161376546132,SYN-0040 (dark_pattern)
2026-04-09,605.4614593626378,SYN-0040 (dark_pattern)
2026-04-10,627.1492115667656,SYN-0040 (dark_pattern)
2026-04-11,625.7389594667217,SYN-0040 (dark_pattern)
2026-04-12,617.2461173482423,SYN-0040 (dark_pattern)
2026-04-13,609.5462938338361,SYN-0040 (dark_pattern)
2026-04-14,591.9126022286816,SYN-0040 (dark_pattern)
2026-04-15,608.3761620509348,SYN-0040 (dark_pattern)
2026-04-16,627.3706842137583,SYN-0040 (dark_pattern)
2026-04-17,627.3564255323168,SYN-0040 (dark_pattern)
2026-04-18,613.9848754595693,SYN-0040 (dark_pattern)
2026-04-19,620.7292846532155,SYN-0040 (dark_pattern)
2026-04-20,587.4571597231377,SYN-0040 (dark_pattern)
2026-04-21,625.8783688230492,SYN-0040 (dark_pattern)
2026-04-22,605.8696347229354,SYN-0040 (dark_pattern)
2026-04-23,626.2662295633047,SYN-0040 (dark_pattern)
2026-04-24,609.4829271736502,SYN-0040 (dark_pattern)
2026-04-25,612.5224643540652,SYN-0040 (dark_pattern)
2026-04-26,618.7374979784252,SYN-0040 (dark_pattern)
2026-04-27,613.2315481668119,SYN-0040 (dark_pattern)
2026-04-28,610.8017336876366,SYN-0040 (dark_pattern)
2026-04-29,598.9162131421857,SYN-0040 (dark_pattern)
2026-04-30,610.4612228422718,SYN-0040 (dark_pattern)
2026-05-01,613.5805629879154,SYN-0040 (dark_pattern)
2026-05-02,627.1032052001601,SYN-0040 (dark_pattern)
2026-05-03,630.4534901296985,SYN-0040 (dark_pattern)
2026-05-04,602.5625379062923,SYN-0040 (dark_pattern)
2026-05-05,598.4139671992142,SYN-0040 (dark_pattern)
2026-05-06,630.6086075566711,SYN-0040 (dark_pattern)
2026-05-07,622.3864149756804,SYN-0040 (dark_pattern)
2026-05-08,608.1158946533528,SYN-0040 (dark_pattern)
2026-05-09,618.0396497554632,SYN-0040 (dark_pattern)
2026-05-10,611.5780394540762,SYN-0040 (dark_pattern)
2026-05-11,629.4957291215462,SYN-0040 (dark_pattern)
2026-05-12,613.2455926424207,SYN-0040 (dark_pattern)
2026-05-13,626.1008597814016,SYN-0040 (dark_pattern)
2026-05-14,589.4957453215031,SYN-0040 (dark_pattern)
2026-05-15,605.5626779080627,SYN-0040 (dark_pattern)
2026-05-16,618.5987355290623,SYN-0040 (dark_pattern)
2026-05-17,615.6182271910459,SYN-0040 (dark_pattern)
2026-05-18,608.2489193196576,SYN-0040 (dark_pattern)
2026-05-19,601.890698372521,SYN-0040 (dark_pattern)
2026-05-20,614.8532676792091,SYN-0040 (dark_pattern)
2026-05-21,627.9055752550363,SYN-0040 (dark_pattern)
2026-05-22,635.6063817427876,SYN-0040 (dark_pattern)
2026-05-23,611.3409362535128,SYN-0040 (dark_pattern)
2026-05-24,623.680656507571,SYN-0040 (dark_pattern)
2026-05-25,625.486283531754,SYN-0040 (dark_pattern)
2026-05-26,596.7546434663814,SYN-0040 (dark_pattern)
2026-05-27,637.9542875394649,SYN-0040 (dark_pattern)
2026-05-28,616.4449023842154,SYN-0040 (dark_pattern)
2026-05-29,602.2237949198962,SYN-0040 (dark_pattern)
2026-05-30,610.310220951458,SYN-0040 (dark_pattern)
2026-05-31,594.6435413948734,SYN-0040 (dark_pattern)
2026-06-01,611.8009710066034,SYN-0040 (dark_pattern)
2026-06-02,634.5913930667373,SYN-0040 (dark_pattern)
2026-06-03,603.158019564842,SYN-0040 (dark_pattern)
2026-06-04,614.3918787751564,SYN-0040 (dark_pattern)
2026-06-05,611.2145971852223,SYN-0040 (dark_pattern)
2026-06-06,622.6645564259143,SYN-0040 (dark_pattern)
2026-06-07,598.4432598412005,SYN-0040 (dark_pattern)
2026-06-08,640.205911974192,SYN-0040 (dark_pattern)
2026-06-09,613.9268371561362,SYN-0040 (dark_pattern)
2026-06-10,614.4792345857127,SYN-0040 (dark_pattern)
2026-06-11,630.8245690501483,SYN-0040 (dark_pattern)
2026-06-12,619.1293606044251,SYN-0040 (dark_pattern)
2026-06-13,633.7097138423669,SYN-0040 (dark_pattern)
2026-06-14,601.0277585940639,SYN-0040 (dark_pattern)
2026-06-15,608.0959028131073,SYN-0040 (dark_pattern)
2026-06-16,604.6533979020085,SYN-0040 (dark_pattern)
2026-06-17,612.5766860288842,SYN-0040 (dark_pattern)
2026-06-18,613.0147115531371,SYN-0040 (dark_pattern)
2026-06-19,614.3760628413959,SYN-0040 (dark_pattern)
2026-06-20,597.8090787892877,SYN-0040 (dark_pattern)
2026-06-21,613.7135004903323,SYN-0040 (dark_pattern)
2026-06-22,627.8818853065961,SYN-0040 (dark_pattern)
2026-06-23,634.7067731984077,SYN-0040 (dark_pattern)
2026-06-24,604.7226717642963,SYN-0040 (dark_pattern)
2026-06-25,598.4044789934223,SYN-0040 (dark_pattern)
2026-06-26,617.8228579000497,SYN-0040 (dark_pattern)
2026-06-27,625.1826943937202,SYN-0040 (dark_pattern)
2026-06-28,620.5325639149767,SYN-0040 (dark_pattern)
2026-06-29,622.363046798471,SYN-0040 (dark_pattern)
2026-06-30,602.6881437159127,SYN-0040 (dark_pattern)
2026-07-01,610.1652137440005,SYN-0040 (dark_pattern)
2026-07-02,622.4430660948692,SYN-0040 (dark_pattern)
2026-07-03,612.9606855796555,SYN-0040 (dark_pattern)
2026-07-04,613.2633307852014,SYN-0040 (dark_pattern)
2026-07-05,621.8511041332395,SYN-0040 (dark_pattern)
2026-07-06,606.9048400295468,SYN-0040 (dark_pattern)
2026-07-07,631.6696954965583,SYN-0040 (dark_pattern)
2026-07-08,598.9089865942439,SYN-0040 (dark_pattern)
2026-07-09,616.3025015398899,SYN-0040 (dark_pattern)
2026-07-10,639.6059906168193,SYN-0040 (dark_pattern)
2026-07-11,619.3637741981423,SYN-0040 (dark_pattern)
2026-07-12,604.5575486229606,SYN-0040 (dark_pattern)
2026-07-13,615.1496106634017,SYN-0040 (dark_pattern)
2026-07-14,628.1501441374744,SYN-0040 (dark_pattern)
2026-07-15,609.8110389818153,SYN-0040 (dark_pattern)
2026-07-16,619.4329635645215,SYN-0040 (dark_pattern)
2026-07-17,630.4101647014267,SYN-0040 (dark_pattern)
2026-07-18,611.1164963331898,SYN-0040 (dark_pattern)
2026-07-19,621.3371982448299,SYN-0040 (dark_pattern)
2026-07-20,615.8088990477077,SYN-0040 (dark_pattern)
2026-07-21,610.892677508155,SYN-0040 (dark_pattern)
2026-07-22,620.4064750893585,SYN-0040 (dark_pattern)
2026-07-23,614.4277160365433,SYN-0040 (dark_pattern)
2026-07-24,603.710159908032,SYN-0040 (dark_pattern)
2026-07-25,605.8944158062893,SYN-0040 (dark_pattern)
2026-07-26,616.2396797719272,SYN-0040 (dark_pattern)
2026-07-27,612.9333530735345,SYN-0040 (dark_pattern)
2026-07-28,629.2102970104,SYN-0040 (dark_pattern)
2026-07-29,606.5823705689235,SYN-0040 (dark_pattern)
2026-07-30,596.9968515250106,SYN-0040 (dark_pattern)
2026-07-31,618.9187791558943,SYN-0040 (dark_pattern)
2026-08-01,594.7786405483746,SYN-0040 (dark_pattern)
2026-08-02,888.7256892773524,SYN-0040 (dark_pattern)
2026-08-03,890.0480650998658,SYN-0040 (dark_pattern)
2026-08-04,896.8287512008438,SYN-0040 (dark_pattern)
2026-08-05,897.9127920116096,SYN-0040 (dark_pattern)
2026-08-06,912.9359894912387,SYN-0040 (dark_pattern)
2026-08-07,882.7810978686755,SYN-0040 (dark_pattern)
2026-08-08,894.8406379791918,SYN-0040 (dark_pattern)
2026-08-09,892.8929068990722,SYN-0040 (dark_pattern)
2026-08-10,887.8162627741484,SYN-0040 (dark_pattern)
2026-08-11,634.8116501033478,SYN-0040 (dark_pattern)
2026-08-12,643.4244449558524,SYN-0040 (dark_pattern)
2026-08-13,611.9076212750731,SYN-0040 (dark_pattern)
2026-08-14,645.0990525518615,SYN-0040 (dark_pattern)
2026-08-15,600.9771706539516,SYN-0040 (dark_pattern)
